stop_id,stop_name,lat,lon,routes,toward
11083,GOTHAM PKWY AT VETERANS BLVD,40.82714,-74.06982,144|76|772,
11084,GOTHAM PKWY AT JONY DR,40.82819000000001,-74.0689,144|76|772,
11085,GOTHAM PKWY AT AMOR AVE,40.83116,-74.06602000000001,144|76|772,
11086,GOTHAM PKWY AT UNIVERSAL PL,40.83324,-74.06438,144|76|772,
11087,GOTHAM PKWY AT UNIVERSAL PL,40.83314,-74.06454000000001,144|703|76|772,
11088,GOTHAM PKWY AT AMOR AVE,40.8314,-74.06588,144|703|76|772,
11089,GOTHAM PKWY AT JONY DR,40.82842,-74.06883,144|703|76|772,
11090,GOTHAM PKWY AT VETERANS BLVD,40.82702,-74.07005000000001,144|703|76|772,
11091,HACKENSACK ST AT DIVISION AVE,40.83869000000001,-74.09077,76,Newark
11092,HACKENSACK ST AT BERRY AVE,40.8399,-74.08980000000001,76,Newark
11093,HACKENSACK ST AT SUMMIT AVE,40.84122,-74.08878,76,Newark
11094,HACKENSACK ST AT SUMMIT AVE,40.8411,-74.08898,76,Hackensack
11096,HACKENSACK ST AT DIVISION AVE,40.83876,-74.09087000000001,76,Hackensack
11097,MONROE ST AT BROAD ST,40.83921,-74.0955,163|164,Ridgewood
11098,MONROE ST AT DIVISION AVE,40.84065,-74.09403,163|164,Ridgewood
11099,MONROE ST AT SUMMIT AVE,40.84259,-74.09206,163|164,Ridgewood
11100,MONROE ST AT SUMMIT AVE,40.84276000000001,-74.09200000000001,163|164,New York
11101,MONROE ST AT DIVISION AVE,40.84082,-74.09398,163|164,New York
11102,MONROE ST AT BROAD ST,40.8394,-74.09541,163|164,New York
11103,MOONACHIE RD AT EASTERN WAY,40.83419000000001,-74.05543,772,
11105,PATERSON PLANK RD AT GOTHAM PARKWAY,40.82153,-74.06995,144|160|163|164|703|772,Ridgewood
11106,RT-120 65'N OF GOTHAM PKWY,40.82402,-74.07331,160|163|164|703,Ridgewood
11107,RT-120 1052' N OF GOTHAM PKWY.,40.82555000000001,-74.07551000000001,160|163|164|703,Ridgewood
11108,PATERSON PLANK RD AT MURRAY HILL PKWY,40.82962000000001,-74.08247,160|163|164|703,Ridgewood
11110,WASHINGTON AVE AT BARELL AVE,40.82475,-74.05835,161|703|772,
11111,WASHINGTON AVE 117'S OF KERO RD,40.82660000000001,-74.05630000000001,161|703|772,
11112,WASHINGTON AVE 200'N OF COMMERCE RD,40.83022,-74.05385000000001,161|703|772,
11113,WASHINGTON AVE AT EMPIRE BLVD,40.83338000000001,-74.05309000000001,161|772,
11114,MOONACHIE RD AT MOONACHIE AVE,40.83181,-74.05363000000001,161|772,
11115,WASHINGTON AVE AT COMMERCE RD,40.82925,-74.05451000000001,161|772,
11116,WASHINGTON AVE 198'S OF KERO RD,40.82656,-74.05667000000001,161|772,
11118,WASHINGTON AVE AT VETERANS BLVD,40.82271,-74.06075000000001,161|772,
11311,BERRY CREEK RD AT ENTRANCE STABLE GATES,40.82309,-74.07762000000001,160|703,
11312,BERRY CREEK RD 330' S OF ENTRANCE STABLE GATE,40.82112,-74.07782,160|703,
11313,HACKENSACK ST AT HOBOKEN RD,40.83543,-74.09283,76,Hackensack
11316,PATERSON AVE AT GRANT ST,40.84884,-74.11338,160|703,
11317,PATERSON AVE AT WALL ST,40.84754,-74.11213000000001,160|703,
11318,PATERSON AVE AT FRANKLIN PL,40.84604,-74.11033,160|703,
11319,PATERSON AVE 300'W OF FRANKLIN PL,40.84533,-74.10935,160|703,
11320,PATERSON AVE AT ATKINS TERRACE,40.84396,-74.10713000000001,160|703,
11321,PATERSON AVE AT MORRISSEE AVE,40.84281,-74.10513,160|703,
11322,PATERSON AVE AT POPLAR ST,40.8409,-74.10181,160|703,
11323,PATERSON AVE AT MOZART ST,40.83895,-74.10050000000001,160|163|164|703,New York
11324,PATERSON AVE AT UHLAND ST,40.83551000000001,-74.09864,160|163|164|703,New York
11325,PATERSON AVE AT GROVE ST,40.83426,-74.09795000000001,160|163|164|703,New York
11326,PATERSON AVE AT HACKENSACK ST,40.8325,-74.09551,160|163|164|703,New York
11327,PATERSON AVE AT VREELAND AVE,40.83275,-74.09309,160|163|164|703,New York
11328,PATERSON AVE AT JANE ST,40.83312,-74.09145000000001,160|163|164|703,Ridgewood
11329,PATERSON AVE AT HACKENSACK ST,40.8327,-74.09386,160|163|164|703,Ridgewood
11330,PATERSON AVE AT LINCOLN PL,40.83436,-74.09789,160|163|164,Ridgewood
11331,PATERSON AVE AT WASHINGTON PL,40.83545,-74.09849000000001,163|164|703,Ridgewood
11334,PATERSON PLANK RD AT MURRAY HILL PKWY,40.82994,-74.08353000000001,160|163|164|703,New York
11335,RT-120 1052' N OF GOTHAM PARKWAY,40.82534,-74.07559,160|163|164|703|76,New York
11336,RT-120 AT GOTHAM PARKWAY,40.82362000000001,-74.07317,160|163|164|703|76,New York
11337,PATERSON PLANK RD AT GOTHAM PARKWAY,40.82119,-74.06994,160|163|164|703|772,New York
11350,MURRAY HILL PKWY at RT-120,40.82941,-74.08277000000001,76,Newark
11352,HACKENSACK ST 340'S OF PATERSON AVE,40.83150000000001,-74.09583,76,Hackensack
11356,MURRAY HILL PKWY at RT-120,40.82909,-74.08338,76,Hackensack
11423,MOLA BLVD AT GARVEY PL,40.89452,-74.11344000000001,702,Paterson
11424,MOLA BLVD AT RUDOLPH AVE,40.89613000000001,-74.11416000000001,702,Paterson
11425,MOLA BLVD AT PALSA AVE,40.89752,-74.11478000000001,702,Paterson
11426,MOLA BLVD AT MARKET ST,40.89938,-74.1156,702,Paterson
11447,MOLA BLVD AT PALSA AVE,40.89764,-74.11496000000001,702,Elmwood Park
11448,MOLA BLVD AT RUDOLPH AVE,40.89629,-74.11437000000001,702,Elmwood Park
11449,MOLA BLVD AT US-46,40.89383,-74.11331000000001,702,Elmwood Park
11456,MARKET ST AT KOHNER PL,40.89893,-74.11193,712,
11457,MARKET ST AT AUGUSTA ST,40.89844,-74.10881,712,
11458,MARKET ST AT OBAL AVE,40.89805,-74.10656,712,
11459,MARKET ST AT MIDLAND AVE,40.89771,-74.10430000000001,712,
11460,MARKET ST AT MIDLAND AVE,40.89791,-74.10446,712,
11461,MARKET ST AT OBAL AVE,40.89810000000001,-74.10633,712,
11463,MARKET ST AT KOHNER PL,40.89902,-74.11189,712,
11464,MARKET ST AT MOLA BLVD,40.89975,-74.11634000000001,712,
11470,MIDLAND AVE AT RENA LANE,40.8943,-74.10411,160|758,
11471,MIDLAND AVE AT MARKET ST,40.89819000000001,-74.10389,160|758,
11472,MIDLAND AVE AT MARKET ST,40.89733,-74.10413000000001,160|758,
11473,MIDLAND AVE AT RENA LANE,40.89447000000001,-74.10423,160|758,
11474,RIVER DR AT BIRCHWOOD DR,40.89559000000001,-74.12618,151|161,
11475,RIVER DR AT SLATER DR,40.89859000000001,-74.12610000000001,151|161,
11476,RIVER DR AT SLATER DR,40.89833,-74.12624000000001,151|161,
11485,US-46 at BANK ST,40.89324000000001,-74.12352,151|161,
11486,US-46 at MILL ST,40.89318,-74.11744,151|161,
11487,US-46 AT MOLA BLVD,40.89331000000001,-74.11246000000001,151|161,
11488,US-46 at MEYER ST,40.89321,-74.10721000000001,151|161,
11489,US-46 278'W OF MOLA BLVD/MILL ST,40.89347,-74.11477000000001,151|161,
11490,US-46 at MILL ST,40.89338,-74.11808,151|161,
11491,US-46 AT BANK ST,40.89344000000001,-74.12338000000001,151|161,
11955,BELMONT AVE AT PALISADE AVE,40.87495000000001,-74.11058000000001,702,Elmwood Park
11956,BELMONT AVE AT PALISADE AVE,40.87504000000001,-74.11065,702,Paterson
11957,HARRISON AVE AT MACARTHUR AVE,40.87014000000001,-74.10223,707,Paterson
11958,JEWELL ST AT OUTWATER LN,40.88058,-74.1182,702,Paterson
11959,LANZA AVE AT JEWELL ST,40.88624,-74.12065000000001,702,Paterson
11961,LANZA AVE AT RAY ST,40.88725,-74.11766,702,Paterson
11962,LANZA AVE AT MAIN ST,40.8885,-74.113,702,Elmwood Park
11963,LANZA AVE AT RAY ST,40.88725,-74.11794,702,Elmwood Park
11964,LANZA AVE AT JEWELL ST,40.88656,-74.12064000000001,702,Elmwood Park
11965,MACARTHUR AVE AT GRAND ST,40.87095,-74.10139000000001,707,Paterson
11966,MACARTHUR AVE AT FREDERICK ST,40.8733,-74.09946000000001,707,Paterson
11967,MACARTHUR AVE AT ELIZABETH ST,40.87729,-74.09627,707,Paterson
11968,MIDLAND AVE AT GRAND ST,40.87152,-74.10417000000001,160|758,
11969,MIDLAND AVE AT VAN WINKLE AVE,40.87402,-74.10385000000001,160|758,
11970,MIDLAND AVE AT ELIZABETH ST,40.8791,-74.10218,160|758,
11971,MIDLAND AVE AT SEMEL AVE,40.88800000000001,-74.10314000000001,160|758,
11972,MIDLAND AVE AT OUTWATER LANE,40.88395000000001,-74.10077000000001,160|758,
11973,MIDLAND AVE AT ELIZABETH ST,40.87941,-74.10215000000001,160|758,
11974,MIDLAND AVE AT CLARK ST,40.87294,-74.10411,160|758,
11975,MIDLAND AVE AT GRAND ST,40.87164000000001,-74.10429,160|758,
11976,MIDLAND AVE AT RIVER DR,40.86413,-74.10600000000001,161|707,Paramus
11977,MONROE ST AT PALISADE AVE,40.86968,-74.10833000000001,702,Paterson
11978,MONROE ST AT PALISADE AVE,40.86983,-74.10810000000001,160|758,
11979,OUTWATER LN AT WESSINGTON AVE,40.88087,-74.11515,702,Elmwood Park
11980,OUTWATER LN AT MACARTHUR AVE,40.88582,-74.09503000000001,707,Paramus
11981,PALISADE AVE AT SOMERSET ST,40.86692,-74.10702,160|758,
11982,PALISADE AVE AT HUDSON ST,40.86811,-74.1075,160|758,
11983,PALISADE AVE AT MONROE ST,40.86954,-74.10810000000001,160|758,
11984,PALISADE AVE AT WILLARD ST,40.87129,-74.10881,702,Paterson
11985,PALISADE AVE AT VAN WINKLE AVE,40.87284,-74.10946000000001,702,Paterson
11986,PALISADE AVE AT VAN WINKLE AVE,40.87279,-74.10952,702,Elmwood Park
11987,PALISADE AVE AT HUDSON ST,40.86797000000001,-74.10756,160|758,
11988,PASSAIC ST AT PALISADE AVE,40.86606,-74.10633,160|709,
11989,PASSAIC ST AT MIDLAND AVE,40.86649000000001,-74.10465,707|709,
11990,PASSAIC ST AT MARSELLUS PL,40.86699,-74.1033,709,
11992,PASSAIC ST AT MIDLAND AVE,40.86651000000001,-74.10503,707|709,
11993,MIDLAND AVE AT VAN WINKLE AVE#,40.87406,-74.104,160|758,
11994,MIDLAND AVE AT PALISADE AVE,40.86604000000001,-74.1055,160,
11995,PASSAIC ST AT CAMBRIDGE AVE#,40.86552,-74.10845,160|161|709|758,
11996,PASSAIC ST AT CAMBRIDGE AVE#,40.86572,-74.10821,161|709|758,
11997,PASSAIC ST AT RIVER DR#,40.86532,-74.10958000000001,161|709|758,
11998,MIDLAND AVE AT PALISADE AVE,40.86395,-74.10564000000001,160,
12000,MIDLAND AVE AT FREDERICK ST#,40.87546,-74.10341000000001,160|758,
12001,PALISADE AVE AT PASSAIC ST#,40.86608,-74.10681000000001,758,Paramus Park
12002,HARRISON AVE AT HIGHLAND AVE#,40.88463,-74.09251,707,Paramus
12003,HARRISON AVE AT ARNOT ST#,40.88048000000001,-74.09386,707,Paramus
12004,HARRISON AVE AT ELIZABETH ST#,40.87716,-74.09547,707,Paramus
12005,HARRISON AVE AT CHARLES ST#,40.87449,-74.09748,707,Paramus
12006,HARRISON AVE AT FREDERICK ST#,40.8731,-74.09867000000001,707,Paramus
12007,HARRISON AVE AT GRAND ST#,40.87074,-74.10069,707,Paramus
12009,MACARTHUR AVE AT CHARLES ST#,40.87491,-74.09806,707,Paterson
12010,MACARTHUR AVE AT ARNOT ST#,40.8805,-74.09469,707,Paterson
12011,MACARTHUR AVE AT HIGHLAND AVE#,40.88403,-74.09421,707,Paterson
12012,PASSAIC ST AT FREDERICK ST#,40.87085,-74.09537,709,
12014,PASSAIC ST AT MACARTHUR AVE#,40.86743000000001,-74.10267,709,
12015,PASSAIC ST AT PALISADE AVE#,40.8661,-74.10662,709,
12016,PASSAIC ST AT MACARTHUR AVE#,40.86776,-74.10163,709,
12017,PASSAIC ST AT NAPLES PL#,40.86868,-74.09967,709,
12018,PASSAIC ST AT FREDERICK ST#,40.87067,-74.09546,709,
12019,PALISADE AVE AT MONROE ST#,40.86983,-74.10837000000001,702,Elmwood Park
12020,MONROE ST AT RIVER DR#,40.86909,-74.11176,702,Elmwood Park
12022,MONROE ST AT RIVER DR#,40.86894,-74.11136,702,Paterson
12023,WESSINGTON AVE AT ORCHARD ST#,40.87837,-74.11285000000001,702,Paterson
12024,OUTWATER LN AT WESSINGTON AVE#,40.88133000000001,-74.1132,702,Paterson
12025,JEWELL ST AT MORRIS AVE#,40.88287,-74.11916000000001,702,Paterson
12026,JEWELL ST AT MARKET ST#,40.88438,-74.11984000000001,702,Paterson
12027,LANZA AVE AT MAIN AVE#,40.88843000000001,-74.11281000000001,702,Paterson
12028,SHAW ST AT LANZA AVE#,40.88928000000001,-74.11110000000001,702,Paterson
12029,SHAW ST AT BOULEVARD#,40.89158,-74.11207,702,Paterson
12030,SHAW ST AT SPRING GARDEN LANE#,40.89084,-74.11193,702,Elmwood Park
12031,SHAW ST AT LANZA AVE#,40.88903000000001,-74.11112,702,Elmwood Park
12034,WESSINGTON AVE AT ORCHARD ST#,40.8785,-74.11308000000001,702,Elmwood Park
12035,MIDLAND AVE AT BELMONT AVE#,40.87689,-74.10309000000001,160|758,
12036,MIDLAND AVE AT KRAKOW ST#,40.88159,-74.101,160|758,
12037,MIDLAND AVE AT LANZA AVE#,40.89061,-74.10405,160|758,
12038,MIDLAND AVE at US-46 #,40.89255,-74.10429,758,Paramus Park
12039,MIDLAND AVE AT KRAKOW ST#,40.88149000000001,-74.10085000000001,160|758,
12040,MIDLAND AVE AT CHARLES ST#,40.87689,-74.10292000000001,160|758,
12041,HARRISON AVE AT MARSELLUS PL#,40.868,-74.10436,707,Paterson
12081,CENTRAL AVE AT MAPLE HILL DR,40.89291,-74.05851000000001,163|752|753,New York
12082,CENTRAL AVE AT SUMMIT AVE,40.89131,-74.05567,752|753,
12084,CENTRAL AVE AT PROSPECT AVE,40.89048,-74.05422,752|753,
12085,CENTRAL AVE AT 2ND ST,40.8888,-74.05123,752|753,
12093,CENTRAL AVE AT FIRST ST,40.88878,-74.05104,752|753,
12095,CENTRAL AVE AT PROSPECT AVE,40.89094,-74.05487000000001,752|753,
12096,CENTRAL AVE AT SUMMIT AVE,40.89188,-74.05653000000001,163|752|753,Ridgewood
12097,CENTRAL AVE AT THE ESPLANADE,40.8933,-74.05903,163|752|753,Ridgewood
12099,ESSEX ST 150' W OF EASTERLY ARCADIA RD,40.88585,-74.0626,144|164|712,
12100,ESSEX ST AT SUMMIT AVE,40.88389,-74.05937,144|163|164|712|780,
12101,ESSEX ST AT PROSPECT AVE MEDICAL CTR,40.88306,-74.05795,144|162|163|164|712|780,
12102,ESSEX ST AT HOSPITAL DR,40.88251,-74.057,144|162|163|164|712|780,
12103,ESSEX ST AT POLIFLY RD,40.88108,-74.05461000000001,712|780,
12104,ESSEX ST AT RAILROAD AVE,40.87951,-74.05201000000001,712|76|780,Newark
12105,ESSEX ST AT GREEN ST,40.87881,-74.05086,712|76|780,Newark
12107,ESSEX ST AT NEWMAN ST,40.88039000000001,-74.0532,712|76|780,Hackensack
12108,ESSEX ST AT POLIFLY RD,40.88145,-74.05496000000001,144|162|163|164|712|780,
12111,ESSEX ST AT SUMMIT AVE,40.88464,-74.06033000000001,144|164|712,
12112,ESSEX ST AT EASTERLY ARCADIA RD,40.88583000000001,-74.06237,144|164|712,
12113,ESSEX ST AT WESTERLY ARCADIA RD,40.88705,-74.06435,144|164|712,
12174,PASSAIC ST AT ESPLANADE,40.89969000000001,-74.05686,162|175|770,New York (GWB)
12175,PASSAIC ST AT SUMMIT AVE,40.89721,-74.05271,162|175|770,New York (GWB)
12176,PASSAIC ST AT PROSPECT AVE,40.89631000000001,-74.05127,175|770,New York (GWB)
12182,PLEASANTVIEW AVE AT SUMMIT AVE,40.87560000000001,-74.06633000000001,709,
12183,POLIFLY RD AT ELLEEN TERRACE,40.875,-74.05985000000001,144|162|163|164|76,Newark
12185,POLIFLY RD AT LODI ST,40.8772,-74.05766000000001,144|162|163|164|76,Newark
12187,POLIFLY RD AT ESSEX ST,40.88075000000001,-74.05465000000001,144|162|163|164|76,Hackensack
12188,POLIFLY RD AT PARKER AVE,40.87949,-74.05537000000001,144|162|163|164|76,Hackensack
12189,POLIFLY RD 193'S OF MARVIN AVE,40.87759,-74.05749,144|162|163|164|76,Hackensack
12191,POLIFLY RD AT PLEASANTVIEW AVE,40.87283,-74.06190000000001,76,Hackensack
12193,PROSPECT AVE AT ATLANTIC ST,40.88602,-74.05689000000001,162,Maywood
12194,PROSPECT AVE AT BEECH ST,40.88725,-74.05590000000001,162,Maywood
12195,PROSPECT AVE AT CENTRAL AVE,40.89111,-74.05435,162,Maywood
12196,PROSPECT AVE 480'N OF CENTRAL AVE/GOLF PL,40.89249,-74.05367000000001,162,Maywood
12197,PROSPECT AVE 466'S OF PASSAIC/BERRY ST,40.89514,-74.05229,162,Maywood
12198,PROSPECT AVE AT BERRY ST,40.89495,-74.05238,162,New York
12199,PROSPECT AVE AT CENTRAL AVE,40.89222,-74.05383,162,New York
12200,PROSPECT AVE 205' S OF CENTRAL AVE/BEECH ST,40.89014,-74.05485,162,New York
12201,PROSPECT AVE AT BEECH ST,40.88688,-74.05652,162,New York
12202,PROSPECT AVE AT ATLANTIC ST,40.88556000000001,-74.05720000000001,162,New York
12221,SUMMIT AVE AT WEST PLEASANTVIEW AVE,40.87511000000001,-74.06568,163|164|780,Ridgewood
12222,SUMMIT AVE AT STANDISH AVE,40.88034,-74.06279,163|164|780,Ridgewood
12223,SUMMIT AVE AT MARVIN AVE,40.8815,-74.0622,163|164|780,Ridgewood
12224,SUMMIT AVE AT SIMONS AVE,40.88238,-74.06147,163|164|780,Ridgewood
12226,SUMMIT AVE & ESSEX ST,40.88460000000001,-74.05937,163,Ridgewood
12227,SUMMIT AVE AT BEECH ST,40.88823,-74.05751000000001,163,Ridgewood
12228,SUMMIT AVE AT AMERICAN LEGION DR,40.89035000000001,-74.05644000000001,163,Ridgewood
12229,SUMMIT AVE AT CENTRAL AVE,40.89109000000001,-74.05627000000001,163,New York
12230,SUMMIT AVE AT BEECH ST,40.8877,-74.05799,163,New York
12231,SUMMIT AVE & ESSEX ST,40.88379,-74.06021000000001,163|164|780,New York
12232,SUMMIT AVE AT SIMONS AVE,40.88233,-74.06171,163|164|780,New York
12233,SUMMIT AVE AT MARVIN AVE,40.88134,-74.06241,163|164|780,New York
12234,SUMMIT AVE AT MARY ST,40.87972000000001,-74.06330000000001,163|164|780,New York
12235,SUMMIT AVE AT WEST PLEASANTVIEW AVE,40.87502000000001,-74.06597000000001,163|164|709|780,New York
12237,THE ESPLANADE AT HEATH PL,40.89568000000001,-74.05909000000001,163|753,Ridgewood
12238,THE ESPLANADE AT COLONIAL TERRACE,40.89824,-74.05806000000001,163|753,Ridgewood
12272,BOULEVARD AT RAYMOND ST,40.85942,-74.08064,163|164|780,Ridgewood
12273,BOULEVARD AT DIVISION AVE,40.86009000000001,-74.08000000000001,163|164|780,Ridgewood
12274,BOULEVARD AT FRANKLIN AVE,40.86208000000001,-74.078,163|164|780,Ridgewood
12275,BOULEVARD AT WILLIAMS AVE,40.86865,-74.07124,163|164|780,Ridgewood
12276,BOULEVARD AT BALDWIN AVE,40.87358,-74.06694,163|164|709|780,Ridgewood
12277,BOULEVARD AT BALDWIN AVE,40.87316000000001,-74.06753,163|164|709|780,New York
12278,BOULEVARD AT WILLIAMS AVE,40.86898,-74.07116,163|164|780,New York
12279,BOULEVARD AT FRANKLIN AVE,40.86207,-74.07817,163|164|780,New York
12280,BOULEVARD AT DIVISION AVE,40.86040000000001,-74.07995000000001,163|164|780,New York
12281,BOULEVARD AT RAYMOND ST,40.85963,-74.08066000000001,163|164|780,New York
12282,BOULEVARD AT PASSAIC AVE CIRCLE,40.85853,-74.08173000000001,163|164|780,New York
12283,INDUSTRIAL AVE AT RAILROAD ST,40.85016,-74.07358,144|76,
12284,TERRACE AVE AT LINCOLN AVE,40.85077,-74.07874000000001,76,Newark
12285,TERRACE AVE AT HENRY ST,40.85588000000001,-74.07662,76,Newark
12286,TERRACE AVE AT FRANKLIN AVE,40.85936,-74.07403000000001,76,Newark
12287,TERRACE AVE AT MADISON AVE,40.86300000000001,-74.07058,76,Newark
12288,TERRACE AVE AT WILLIAMS AVE,40.86671,-74.06706000000001,76,Newark
12289,TERRACE AVE AT PASADENA TER,40.87002,-74.06402,76,Newark
12290,TERRACE AVE AT PASADENA TER,40.87005000000001,-74.06421,161|76,Hackensack
12291,TERRACE AVE AT WILLIAMS AVE,40.86709,-74.0668,161|76,Hackensack
12292,TERRACE AVE AT MADISON AVE,40.86319,-74.07051000000001,76,Hackensack
12293,TERRACE AVE AT FRANKLIN AVE,40.85964000000001,-74.07389,76,Hackensack
12294,TERRACE AVE AT HENRY ST,40.85629,-74.07666,76,Hackensack
12295,TERRACE AVE AT LINCOLN AVE,40.85094,-74.07871,76,Hackensack
12296,WILLIAMS AVE AT BOULEVARD,40.86952,-74.07151,161|709,
12297,WILLIAMS AVE AT TERRACE AVE,40.86695,-74.06719000000001,161,
12298,WILLIAMS AVE at RT-17,40.86561,-74.06501,161,
12300,WILLIAMS AVE AT BURTON AVE,40.86748,-74.06787,161,
12301,WILLIAMS AVE AT BOULEVARD,40.86958000000001,-74.07138,161|709,
12307,BOULEVARD AT MADISON AVE,40.86558,-74.07463,163|164|780,New York
12308,BOULEVARD AT CENTRAL AVE,40.86452000000001,-74.07548000000001,163|164|780,Ridgewood
12460,ESSEX ST AT ROCHELLE AVE,40.89463000000001,-74.07736000000001,144|164|712,
12462,ESSEX ST AT MAYWOOD AVE,40.88909,-74.06819,144|164|712,
12463,GARIBALDI AVE AT MAIN ST,40.88485,-74.08206000000001,709,
12464,GARIBALDI AVE AT BROOK ST,40.88319000000001,-74.07926,709,
12465,GARIBALDI AVE AT MILL ST,40.88133000000001,-74.07616,709,
12466,GARIBALDI AVE AT SHORT ST,40.87984,-74.07364000000001,709,
12467,GARIBALDI AVE AT WISSE ST,40.87745,-74.06962,709,
12468,GARIBALDI AVE AT WISSE ST,40.87765,-74.06978000000001,709,
12469,GARIBALDI AVE AT META LN,40.88037000000001,-74.07436000000001,709,
12470,GARIBALDI AVE AT MILL ST,40.88148,-74.0762,709,
12471,GARIBALDI AVE AT BROOK ST,40.88317000000001,-74.07906000000001,709,
12472,GARIBALDI AVE AT MAIN ST,40.88503,-74.0822,709,
12473,MAIN ST AT AVENUE C,40.8873,-74.08120000000001,709,
12474,MAIN ST AT WILSON ST,40.89189,-74.07939,709,
12475,MAIN ST AT AVENUE F,40.88957000000001,-74.08047,709,
12476,MAIN ST AT AVENUE C,40.88721,-74.08131,709,
12477,MAIN ST AT ARNOT ST,40.87662,-74.08676000000001,161|709,
12478,MEMORIAL DR AT WASHINGTON ST,40.87602,-74.08719,161|709,
12480,PASSAIC AVE AT FIRST ST,40.8734,-74.08929,709,
12481,PASSAIC AVE AT HOME PL,40.87226,-74.09238,709,
12483,US-46 AT WESTMINSTER PL,40.88451000000001,-74.08832000000001,151|161,
12486,US-46 at CHRISTOPHER ST,40.8766,-74.07313,151|161,
12487,US-46 at SAVOIE ST,40.87544,-74.07116,151|161,
12488,US-46 at NORTH SAVOIE ST,40.87582,-74.07139000000001,151|161,
12489,US-46 500' W of CHRISTOPHER ST,40.87753,-74.07430000000001,151|161,
12490,US-46 at MONEY ST,40.8811,-74.08097000000001,151|161,
12492,US-46 AT WESTMINSTER PL,40.88481,-74.08826,151|161,
12493,PASSAIC (TERHUNE) AVE AT ROOSEVELT AVE,40.86408,-74.09201,780,
12494,UNION ST AT MAIN ST (LIBERTY ST),40.87724,-74.08459,161|709,
12495,UNION ST AT PROSPECT ST,40.87566,-74.08183000000001,161|709,
12496,UNION ST AT BROOKSIDE AVE,40.87349,-74.07819,161|709,
12497,UNION ST AT OAK GROVE AVE,40.87084,-74.07372000000001,161|709,
12498,UNION ST AT PINE ST,40.87163,-74.0749,161|709,
12499,UNION ST AT JAMES PL,40.87317,-74.07748000000001,161|709,
12500,UNION ST AT MASSEY ST,40.87614000000001,-74.08249,161|709,
12501,UNION ST AT MAIN ST (RENNIE PL),40.87717000000001,-74.08426,161|709,
12514,CHUBB AVE AT VALLEY BROOK AVE,40.79824,-74.09988000000001,192|199|76,New York
12515,CHUBB AVE 1584' N OF VALLEY BROOK AVE,40.80122,-74.09684,192|199|76,New York
12516,CHUBB AVE 2376' N OF VALLEY BROOK AVE,40.80339,-74.09727000000001,192|199|76,New York
12517,CLAY AVE 778'S OF WALL ST WEST,40.80313,-74.10147,192|199|76,New York
12518,CLAY AVE 248'N OF VALLEY BROOK AVE,40.80093,-74.10245,192|199|76,New York
12522,POLITO AVE AT RUTHERFORD AVE,40.80949,-74.10397,192|199|76,New York
12523,RIDGE RD AT TENEYCK AVE,40.80067,-74.12431000000001,109|76,Newark
12524,RIDGE RD AT BALDWIN AVE,40.80328,-74.12238,109|76,Newark
12525,RIVERSIDE AVE AT PAGE AVE,40.81201,-74.13631000000001,192|199,New York
12526,RIDGE RD AT MARIN AVE,40.80628,-74.12019000000001,109|76,Newark
12527,RIDGE RD AT VALLEY BROOK AVE,40.80835,-74.11868000000001,109|76,Newark
12528,RIDGE RD AT MILTON AVE,40.81048000000001,-74.11714,109|76,Newark
12530,RIDGE RD AT THIRD AVE,40.813,-74.11532000000001,109|76,Newark
12531,RIDGE RD AT FIFTH AVE,40.81445,-74.11427,109|76,Newark
12532,RIDGE RD AT FIFTH AVE,40.81473,-74.11423,109|76,Hackensack
12533,RIDGE RD AT THIRD AVE,40.81330000000001,-74.11528000000001,109|76,Hackensack
12535,RIDGE RD AT FREEMAN ST,40.80992000000001,-74.11774000000001,109|76,Hackensack
12536,RIDGE RD AT VALLEY BROOK AVE,40.80882,-74.11854000000001,109|76,Hackensack
12537,RIDGE RD AT PAGE AVE,40.80436,-74.12177000000001,109|76,Hackensack
12538,RIDGE RD AT KINGSLAND AVE,40.80289,-74.12284000000001,109|76,Hackensack
12539,RIDGE RD AT SUMMER AVE,40.80114,-74.12414000000001,109|76,Hackensack
12540,RIDGE RD AT PAGE AVE,40.80403,-74.12183,109|76,Newark
12541,RIVERSIDE AVE 275'S OF PAGE AVE,40.81158000000001,-74.1367,192|199,Clifton
12542,RUTHERFORD AVE AT STUYVESANT AVE,40.82039,-74.12051000000001,191|192|195|199|76,New York
12543,RUTHERFORD AVE AT DELAFIELD AVE,40.81882,-74.11784,191|192|195|199|76,New York
12544,RUTHERFORD AVE AT RIDGE RD,40.81616,-74.11329,191|192|195|199,New York
12545,RUTHERFORD AVE AT ORIENT WAY,40.81385,-74.10944,109|191|192|195|199|76,New York
12546,RUTHERFORD AVE AT POLITO AVE,40.81034,-74.10344,109|190|191|192|195|199|76,
12556,VALLEY BROOK AVE 627' W OF CHUBB AVE,40.79936,-74.102,192|199|76,New York
12560,WALL ST WEST AT GARLAND WAY,40.80622,-74.10381000000001,192|199|76,New York
12561,WALL ST WEST AT GARLAND WAY WESTBOUND,40.8055,-74.10005000000001,192|199|76,New York
12562,WALL ST. WEST AT CLAY AVE,40.80565,-74.10267,192|199|76,New York
12563,WALL ST. WEST AT GARLAND WAY,40.80650000000001,-74.10409,192|199|76,New York
12603,CENTRAL AVE AT GOLF AVE,40.89583,-74.06351000000001,752,
12604,ESSEX ST AT MAYBROOK DR,40.88827000000001,-74.0665,144|164|712,
12605,ESSEX ST AT MAYWOOD AVE,40.88931,-74.0682,144|164|712,
12607,MAYWOOD AVE AT EAST MAGNOLIA AVE,40.89783000000001,-74.06479,752,
12608,MAYWOOD AVE AT THOMA AVE,40.89987,-74.06376,752,
12624,MAYWOOD AVE AT WEST MAGNOLIA AVE,40.89808,-74.06481000000001,752,
12645,THE ESPLANADE AT PASSAIC ST.,40.89967,-74.05746,163|753,New York
12646,THE ESPLANADE AT ROMAINE AVE,40.89684,-74.05887000000001,163|753,New York
12647,THE ESPLANADE AT EAST MAGNOLIA AVE,40.89462,-74.05926000000001,163|753,New York
12709,CAESAR PL AT MOONACHIE/COMMERCIAL AVE,40.83887,-74.06471,144|76|772,
12710,CAESAR PL AT MOONACHIE/COMMERCIAL AVE,40.83809,-74.0657,144|703|76|772,
12712,MOONACHIE AVE AT GRAND ST,40.84104000000001,-74.07304,144|76,
12713,MOONACHIE AVE AT CHARLES LINDBERGH BLVD,40.83965000000001,-74.06766,144|76,
12714,MOONACHIE AVE AT MOONACHIE RD,40.83414,-74.05477,703|772,
12715,MOONACHIE AVE AT REDNECK AVE,40.83661,-74.06051000000001,703|772,
12716,MOONACHIE AVE AT CHARLES LINDBERGH BLVD,40.83976000000001,-74.06773000000001,144|76,
12718,MOONACHIE RD AT MOONACHIE AVE,40.83675,-74.05106,161|772,
12724,MOONACHIE RD AT MOONACHIE AVE,40.83512,-74.05219000000001,161|772,
12727,W COMMERCIAL AVE 473'E OF CAESAR PL,40.83506000000001,-74.06591,144|76|772,
12811,GARDEN TERRACE AT RIDGE RD,40.78376,-74.13730000000001,30|40,
12812,RIDGE RD AT GARDEN TERRACE,40.78354,-74.13703000000001,109|76,Newark
12813,RIDGE RD AT INMAN PL,40.78512000000001,-74.13576,109|76,Newark
12814,RIDGE RD AT ABBOTT PL,40.78646000000001,-74.13478,109|76,Newark
12815,RIDGE RD AT ARLINGTON BLVD,40.78931,-74.13271,109|76,Newark
12816,RIDGE RD AT STOVER AVE,40.79127,-74.13126000000001,109|76,Newark
12817,RIDGE RD AT ASTOR AVE,40.79388,-74.12933000000001,109|76,Newark
12818,RIDGE RD AT NOEL DR,40.79488000000001,-74.12859,109|76,Newark
12819,RIDGE RD AT BERGEN AVE,40.79622000000001,-74.12759000000001,109|76,Newark
12820,RIDGE RD AT CANTERBURY AVE,40.79756,-74.12661,109|76,Newark
12821,RIDGE RD AT JAUNCEY AVE,40.79810000000001,-74.12643,109|76,Hackensack
12822,RIDGE RD AT RIDGE PARK DR,40.79510000000001,-74.12862000000001,109|76,Hackensack
12823,RIDGE RD AT ASTOR AVE,40.79385000000001,-74.12955000000001,109|76,Hackensack
12824,RIDGE RD AT CRYSTAL ST,40.79167,-74.13116000000001,109|76,Hackensack
12825,RIDGE RD AT ARLINGTON BLVD,40.78952,-74.13273000000001,109|76,Hackensack
12826,RIDGE RD AT ABBOTT PL,40.78646000000001,-74.13497000000001,109|76,Hackensack
12827,RIDGE RD AT GARDEN TERRACE,40.78382000000001,-74.13699000000001,109|76,Hackensack
12828,RIDGE RD AT BELLEVILLE TPKE,40.78194000000001,-74.13854,109|30|76,Hackensack
13450,ESSEX ST AT HIGH ST,40.89366,-74.0755,144|164|712,
13451,ESSEX ST AT ROCHELLE AVE,40.89504,-74.07805,144|164|712,
13463,ROCHELLE AVE AT ESSEX ST,40.89542,-74.07851000000001,709,
13472,ROCHELLE AVE AT ESSEX ST,40.89553,-74.07865000000001,709,
13475,RUTHERFORD RAIL STATION,40.8284,-74.10096,190|76,
13477,ORIENT WAY AT CRANE AVE,40.81629,-74.10754,190,
13478,ORIENT WAY AT PIERREPONT AVE,40.81897,-74.10601000000001,190,
13479,ORIENT WAY AT HIGHLAND CROSS,40.82248000000001,-74.10397,190,
13480,ORIENT WAY AT PASSAIC AVE,40.82494000000001,-74.10255000000001,190,
13481,ORIENT WAY AT PASSAIC AVE,40.82494000000001,-74.10276,190,
13482,ORIENT WAY AT HIGHLAND CROSS,40.82284000000001,-74.10398,190,
13483,ORIENT WAY AT PIERREPONT AVE,40.81930000000001,-74.10602,190,
13484,ORIENT WAY AT WOODLAND AVE,40.81698,-74.10734000000001,190,
13486,RIDGE RD AT VAN RIPER AVE,40.81767000000001,-74.11194,76,Newark
13487,RIDGE RD AT WOODLAND AVE,40.81877,-74.11113,76,Newark
13488,RIDGE RD AT SUMMIT CROSS,40.82301,-74.10797000000001,76,Newark
13489,RIDGE RD AT PASSAIC AVE,40.82565,-74.10601000000001,76,Newark
13490,RIDGE RD AT PASSAIC AVE,40.82562,-74.10616,76,Hackensack
13491,RIDGE RD AT SUMMIT CROSS,40.82331000000001,-74.10788000000001,76,Hackensack
13492,RIDGE RD AT WOODLAND AVE,40.81910000000001,-74.11104,76,Hackensack
13493,RIDGE RD AT MARGINAL RD,40.81677000000001,-74.11272000000001,76,Hackensack
13494,RT-3 SERVICE RD AT ORIENT WAY,40.81446,-74.10825000000001,190,
13495,RUTHERFORD AVE AT POLITO AVE,40.8102,-74.10301000000001,109|191|192|195|199,Clifton
13496,RUTHERFORD RAIL STATION,40.82810000000001,-74.10102,190|76,
13497,UNION AVE AT DARWIN AVE,40.84003000000001,-74.12033000000001,190,
13498,UNION AVE AT JACKSON AVE,40.83792,-74.11665,190,
13499,UNION AVE AT SPRINGFIELD AVE,40.83663000000001,-74.11434000000001,190,
13500,UNION AVE AT CARMITA AVE,40.83543,-74.11223000000001,190,
13501,UNION AVE AT MONTROSS AVE,40.8339,-74.10953,190,
13502,UNION AVE AT WOOD STREET,40.83268,-74.10737,190,
13503,UNION AVE AT MORTIMER AVE,40.83179000000001,-74.10581,190,
13504,UNION AVE AT CHESTNUT ST,40.83043000000001,-74.10343,190,
13505,UNION AVE AT WOOD ST,40.83283,-74.10751,190,
13506,UNION AVE AT MONTROSS AVE,40.83407,-74.10966,190,
13507,UNION AVE AT CARMITA AVE,40.83564000000001,-74.11241000000001,190,
13508,UNION AVE 86'E OF BEECH ST,40.83649,-74.11392000000001,190,
13509,UNION AVE AT JACKSON AVE,40.83809,-74.11674000000001,190,
13510,UNION AVE AT DARWIN AVE,40.84038,-74.12077000000001,190,
13511,VETERANS BLVD AT ALTMAN DR,40.81503,-74.09885000000001,163,Ridgewood
13512,VETERANS BLVD 800'S OF BOROUGH ST,40.8134,-74.09965000000001,163,Ridgewood
13513,VETERANS BLVD AT BOROUGH ST,40.81916,-74.09923,163,Ridgewood
13514,VETERANS BLVD AT BOROUGH ST,40.81907,-74.0995,163,New York
13515,VETERANS BLVD. & MEADOWS OFFICE COMPLEX,40.81739,-74.1002,163,New York
13516,VETERANS BLVD AT ALTMAN DR,40.81488,-74.09913,163,New York
13526,5TH ST AT OUTWATER LANE,40.88573,-74.09667,707,Paterson
13527,5TH ST AT PRESIDENT ST,40.88759,-74.09745000000001,707,Paterson
13528,5TH ST 150' S OF JEFFERSON AVE.,40.88961,-74.09826000000001,707,Paterson
13529,5TH ST AT LANZA AVE,40.89237000000001,-74.09926,707,Paterson
13530,5TH ST AT VICTOR ST,40.89585,-74.10008,707,Paterson
13531,5TH ST AT LANZA AVE,40.89210000000001,-74.09932,707,Paramus
13532,5TH ST 125' N of US-46,40.89082000000001,-74.09889000000001,707,Paramus
13533,5TH ST AT PRESIDENT ST,40.88731000000001,-74.09743,707,Paramus
13537,MARKET ST 300'E OF 5TH ST./HICKEY TER,40.89713,-74.09871000000001,707|712,
13538,MARKET ST AT SAMPSON ST,40.89684,-74.09596,707|712,
13539,MARKET ST AT CALDWELL AVE,40.8967,-74.09458000000001,707|712,
13540,MARKET ST AT MAYHILL ST,40.89642000000001,-74.09215,707|712,
13541,MARKET ST AT WESTMINSTER PL,40.89596,-74.08773000000001,707|712,
13542,MARKET ST AT BELLA-VISTA AVE,40.89541000000001,-74.08242,707|712,
13543,MARKET ST & FAIRVIEW AVE,40.89511,-74.0796,144|164|712,
13544,MARKET ST & SADDLE RIVER RD,40.89532000000001,-74.08098000000001,707|712,
13545,MARKET ST AT BELLA-VISTA AVE,40.89564,-74.08346,707|712,
13546,MARKET ST AT WESTMINSTER PL,40.89618,-74.08869,707|712,
13548,MARKET ST AT CALDWELL AVE,40.89683,-74.09474,707|712,
13549,MARKET ST AT SAMPSON ST,40.89713,-74.09749000000001,707|712,
13550,MARKET ST AT 5TH ST,40.89745000000001,-74.10028000000001,712,
13551,MIDLAND AVE AT OUTWATER LANE,40.88478000000001,-74.10079,160|758,
13552,MIDLAND AVE AT BANTA AVE,40.88943,-74.10352,160|758,
13553,MIDLAND AVE AT VAN BOSSUM AVE,40.89313000000001,-74.10414,160|758,
13564,US-46 AT SIXTH ST,40.88985,-74.09762,151|161,
13565,US-46 at PRESIDENT ST,40.88758,-74.09302000000001,151|161,
13566,US-46 108' E of SIXTH ST,40.89,-74.09743,151|161,
13567,SADDLE RIVER RD AT MARKET ST,40.89569,-74.08065,144|164|707,
13568,SADDLE RIVER RD AT ACKERMAN AVE,40.89835,-74.08126,144|164|707,
13585,SADDLE RIVER RD AT ACKERMAN AVE,40.89792000000001,-74.08127,144|164|707,
13609,SADDLE RIVER AVE AT GARFIELD PL,40.86388,-74.10058000000001,160,
13610,SADDLE RIVER AVE AT SOUTH MAIN ST,40.86328,-74.09605,160,
13611,SADDLE RIVER AVE AT SOUTH MAIN ST,40.86336,-74.09586,160,
13612,SADDLE RIVER AVE AT GARFIELD PL,40.86399,-74.10063000000001,160,
13613,SOUTH MAIN ST AT TERHUNE AVE,40.86472000000001,-74.0943,161|780,
13614,WESLEY ST AT GREEN ST,40.87058,-74.05695,144|165,
13615,WESLEY ST AT SCHRIEFER ST,40.86933000000001,-74.05177,165,Westwood
13618,WESLEY ST AT SCHRIEFER ST,40.8695,-74.05225,165,New York
13619,WESLEY ST 211' E OF GREEN ST,40.87076,-74.05701,165,New York
13909,INDUSTRIAL AVE AT VINCENT PL,40.85178000000001,-74.06867000000001,144|76,
13910,INDUSTRIAL AVE 950'N OF MALCOLM AVE,40.85636,-74.06410000000001,144|76,
13911,INDUSTRIAL AVE AT VINCENT PL,40.85164,-74.06895,144|76,
13912,US-46 AT INDUSTRIAL AVE/HOLISTER RD,40.86103000000001,-74.05762,151|161|76,
13913,US-46 at FRED WEHRAN DR,40.85776000000001,-74.05211,151|161,
13914,US-46 at HUYLER ST,40.85808,-74.05209,151|161,
13915,US-46 at CENTRAL AVE,40.85923,-74.05402000000001,151|161|76,
13916,US-46 AT INDUSTRIAL AVE/HOLISTER RD,40.86233,-74.05921000000001,151|161,
13921,HUYLER ST AT RUTA CT#,40.85915000000001,-74.05075000000001,161|165|76|772,
13922,HUYLER ST AT RUTA CT#,40.859,-74.0507,161|165|76|772,
13926,GREEN ST AT NORTH ST (HENRY ST),40.86898,-74.05906,144,
13928,GREEN ST AT NORTH ST (HENRY ST),40.86714000000001,-74.06068,144,
13970,LOCUST AVE AT MAPLE AVE,40.85104,-74.11305,160|703,
13971,LOCUST AVE AT HAYWARD PL,40.85167000000001,-74.11239,160,
13972,LOCUST AVE AT HATHEWAY ST,40.8532,-74.11085,160,
13973,LOCUST AVE AT HATHEWAY ST,40.85343,-74.11071000000001,160,
13974,LOCUST AVE AT HAYWARD PL,40.85162,-74.11255000000001,160,
13975,LOCUST AVE 225' S OF MAPLE AVE.,40.85072,-74.11351,160|703,
13976,LOCUST AVE AT PATERSON AVE,40.85008000000001,-74.11417,160|703,
13977,MAIN AVE AT ANDERSON AVE,40.85463,-74.11739,703|780,
13978,MAIN AVE AT HATHEWAY ST,40.85491,-74.11309,707|780,
13979,MAIN AVE AT LOCUST AVE,40.85489,-74.10883000000001,160|707|780,
13980,MAIN AVE AT PARK ROW,40.85744,-74.10595,160|707|780,
13981,MAIN AVE AT MIDLAND AVE,40.85847,-74.10561000000001,160|707|780,
13982,MAIN AVE AT CRESCENT RD,40.85906000000001,-74.10377000000001,160|161|780,
13983,MAIN AVE & BLUM ST,40.86035,-74.0993,160|161|780,
13984,MAIN AVE AT AL VENTURA RD,40.86038000000001,-74.09942000000001,160|161|780,
13985,MAIN AVE 130' S OF KRUG CT.,40.85896,-74.10314000000001,160|161|780,
13986,MAIN AVE AT MIDLAND AVE,40.85831,-74.10578000000001,160|707|780,
13987,MAIN AVE AT STEIN AVE,40.85700000000001,-74.10638,160|707|780,
13988,MAIN AVE AT LOCUST AVE,40.8549,-74.10904000000001,707|780,
13989,MAIN AVE AT HATHEWAY ST,40.85498,-74.11275,707|780,
13990,MAIN AVE AT VAN WINKLE AVE,40.85458000000001,-74.11828000000001,703|780,
13993,MIDLAND AVE 310'N OF STEVENS RD,40.8623,-74.10583000000001,161|707,Paterson
13994,MIDLAND AVE AT STEVENS RD,40.86164,-74.10606,161|707,Paramus
13995,PATERSON AVE AT CURIE AVE,40.84201,-74.10353,160|703,
13996,PATERSON AVE AT JOHNSON AVE,40.84343000000001,-74.10600000000001,160|703,
13997,PATERSON AVE AT MT. PLEASANT AVE,40.84531,-74.10914000000001,160|703,
13998,PATERSON AVE AT FRANKLIN ST,40.84631,-74.11051,160|703,
13999,PATERSON AVE AT ROSE ST,40.84737000000001,-74.11181,160|703,
14000,PATERSON AVE AT PULASKI AVE,40.84874000000001,-74.11311,160|703,
14001,LOCUST AVE AT PATERSON AVE,40.84981000000001,-74.11411000000001,160|703,
14042,FOURTH ST AT FRITSCH AVE,40.84347,-74.09123000000001,163|164,Ridgewood
14043,FOURTH ST AT CENTER ST,40.8447,-74.09046000000001,163|164,Ridgewood
14045,FOURTH ST AT MAIN AVE,40.84702,-74.0883,163|164,Ridgewood
14046,FOURTH ST AT MAIN AVE,40.84722,-74.08821,163|164,New York
14048,FOURTH ST AT CENTER ST,40.8449,-74.09035,163|164,New York
14049,FOURTH ST AT FRITSCH AVE,40.84352000000001,-74.09135,163|164,New York
14050,HACKENSACK ST AT CENTER ST,40.84305000000001,-74.08757,76,Newark
14051,HACKENSACK ST AT UNION AVE,40.84447,-74.08630000000001,76,Newark
14052,HACKENSACK ST AT COLUMBIA BLVD,40.84726000000001,-74.08222,76,Newark
14053,HACKENSACK ST AT WINDSOR RD,40.84897,-74.08043,76,Newark
14054,HACKENSACK ST AT WINDSOR RD,40.84917,-74.08045,76,Hackensack
14055,HACKENSACK ST AT NORTH AVE,40.84617,-74.08403000000001,76,Hackensack
14056,HACKENSACK ST AT UNION AVE,40.84465,-74.08625,76,Hackensack
14057,HACKENSACK ST AT CENTER ST,40.8429,-74.08783000000001,76,Hackensack
14058,VALLEY BLVD AT WOOD-RIDGE AVE,40.84845000000001,-74.08684000000001,163|164,Ridgewood
14059,VALLEY BLVD AT MARLBORO RD,40.85055000000001,-74.08513,163|164,Ridgewood
14060,VALLEY BLVD AT INNES RD,40.85215,-74.08428,163|164,Ridgewood
14061,VALLEY BLVD AT INNES RD,40.85221000000001,-74.08443000000001,163|164,New York
14062,VALLEY BLVD AT MARLBORO RD,40.85056,-74.08529,163|164,New York
14063,VALLEY BLVD AT WOOD-RIDGE AVE,40.84868,-74.08680000000001,163|164,New York
17031,BELLEVILLE AVE AT OGDEN RD,40.79604,-74.17755000000001,92,
17032,BELLEVILLE AVE AT RHODE PL,40.79496,-74.17451000000001,92,
17033,BELLEVILLE AVE AT FRANKLIN AVE,40.79329000000001,-74.17106000000001,92,
17034,BELLEVILLE AVE AT FRANKLIN AVE,40.79377,-74.17142000000001,92,
17035,BELLEVILLE AVE AT FAIRWAY AVE,40.79511,-74.17469000000001,92,
17036,BELLEVILLE AVE AT OGDEN RD,40.79604,-74.17729,92,
17037,BLOOMFIELD AVE AT BELMONT AVE,40.77527000000001,-74.18653,11|28|29|72,
17038,FRANKLIN AVE AT MILL ST,40.78875,-74.17279,74|92,
17039,FRANKLIN AVE AT BELLEVILLE AVE,40.79276,-74.17085,74,
17040,FRANKLIN AVE 1300'N OF BELLEVILLE AVE,40.79678000000001,-74.1701,74,
17041,FRANKLIN AVE AT ARTHUR ST,40.80009,-74.16998000000001,74,
17043,FRANKLIN AVE AT JORALEMON ST,40.80344,-74.16943,74,
17044,FRANKLIN AVE AT CHESTNUT ST,40.80674,-74.16760000000001,74,
17045,FRANKLIN AVE AT CHESTNUT ST,40.80659,-74.16783000000001,74,
17046,FRANKLIN AVE AT JORALEMON ST,40.80262,-74.16982,74,
17047,FRANKLIN AVE AT CONTINENTAL AVE,40.80103,-74.16998000000001,74,
17048,FRANKLIN AVE AT ESSEX CTY HOSP. MAIN ENTRANCE,40.79704,-74.17023,74,
17049,FRANKLIN AVE AT BELLEVILLE AVE,40.79367000000001,-74.17086,74,
17050,FRANKLIN AVE AT MILL ST,40.78921,-74.17244000000001,74|92,
17051,FRANKLIN AVE AT CLARA MAASS DR,40.78583,-74.17487000000001,74|92,
17052,FRANKLIN ST AT NAPLES AVE,40.78306000000001,-74.18291,27|90,
17054,FRANKLIN ST AT BELMONT AVE,40.78044000000001,-74.18011,27|90,
17055,FRANKLIN ST 50'W OF EUGENE PL,40.77962,-74.17878,27|90,
17056,FRANKLIN ST AT NORTH 9TH ST,40.77996,-74.17918,27|90,
17057,FRANKLIN ST AT FLORENCE AVE,40.78262,-74.18235,27|90,
17083,MILL ST AT MAIN ST,40.78100000000001,-74.15115,13,Clinton Avenue
17087,UNION AVE AT MILL ST,40.78448,-74.16106,109|27|74|99,
17088,UNION AVE AT BELLEVILLE AVE,40.78719,-74.15941000000001,109|27|74|99,
17089,UNION AVE AT LLOYD PL,40.79118,-74.15757,27|74,
17090,UNION AVE AT DIVISION AVE,40.79671,-74.15562,27|74,
17091,UNION AVE AT OVERLOOK AVE,40.80047,-74.15448,27|74,
17092,UNION AVE AT GREYLOCK PKWY,40.80257,-74.15384,27|74,
17093,UNION AVE AT CREST DR,40.80449,-74.15326,27|74,
17094,UNION AVE AT WHITE OAK TER,40.80584,-74.15285,27|74,
17095,UNION AVE AT SUNSET AVE,40.80644,-74.15279000000001,27|74,
17096,UNION AVE AT GREYLOCK PKWY,40.80288,-74.15388,27|74,
17097,UNION AVE AT OVERLOOK AVE,40.80081000000001,-74.15449000000001,27|74,
17098,UNION AVE AT DIVISION AVE,40.79699,-74.15565000000001,27|74,
17099,UNION AVE AT HOLMES ST,40.79194,-74.15739,27|74,
17100,UNION AVE AT BELLEVILLE AVE,40.78753,-74.15907,27|74|99,
17101,UNION AVE AT MILL ST,40.78485000000001,-74.16095,109|27|74|99,
17102,WASHINGTON AVE AT MILL ST,40.78142,-74.15427000000001,13,Broad Street
17103,WASHINGTON AVE AT WILLIAM ST,40.78455,-74.15349,13,Broad Street
17104,WASHINGTON AVE AT BELLEVILLE AVE,40.78604,-74.15315000000001,13,Broad Street
17105,WASHINGTON AVE AT RUTGERS ST,40.78722,-74.15284000000001,109|13,Broad Street
17106,WASHINGTON AVE AT ACADEMY ST,40.78848,-74.1524,13,Broad Street
17107,WASHINGTON AVE AT HOLMES ST,40.79081,-74.15136000000001,13,Broad Street
17108,WASHINGTON AVE AT JORALEMON ST,40.79363,-74.15004,13,Broad Street
17109,WASHINGTON AVE AT DIVISION AVE,40.79551,-74.14916000000001,13,Broad Street
17110,WASHINGTON AVE AT LITTLE ST,40.79728,-74.14835000000001,13,Broad Street
17111,WASHINGTON AVE AT GREYLOCK PKWY,40.80083,-74.14668,13,Broad Street
17112,WASHINGTON AVE AT CARMER AVE,40.80486000000001,-74.14593,13,Broad Street
17113,WASHINGTON AVE 306'S OF CARMER AVE,40.80385,-74.14595,13,Clinton Avenue
17114,WASHINGTON AVE AT GREYLOCK PKWY,40.80121,-74.14672,13,Clinton Avenue
17115,WASHINGTON AVE AT LITTLE ST,40.79752000000001,-74.14844000000001,13,Clinton Avenue
17116,WASHINGTON AVE AT DIVISION AVE,40.79576,-74.14926000000001,13,Clinton Avenue
17117,WASHINGTON AVE AT JORALEMON ST,40.7939,-74.15013,13,Clinton Avenue
17118,WASHINGTON AVE AT HOLMES ST,40.79103000000001,-74.15147,13,Clinton Avenue
17119,WASHINGTON AVE AT RUTGERS ST,40.78753,-74.15295,13,Clinton Avenue
17120,WASHINGTON AVE AT BELLEVILLE AVE,40.78633000000001,-74.15325,109|13,Clinton Avenue
17121,WASHINGTON AVE AT WILLIAM ST,40.78481,-74.15363,13,Clinton Avenue
17122,WASHINGTON AVE AT MILL ST,40.78122,-74.15464,13,Clinton Avenue
17125,BAY AVE AT BROUGHTON AVE,40.81222,-74.19266,709,
17127,BELLEVILLE AVE AT PATTON DR (WILLET),40.7971,-74.18105,92,
17128,BELLEVILLE AVE AT DAVEY ST,40.7978,-74.18306000000001,92,
17129,BELLEVILLE AVE AT FOREST DR,40.79872,-74.18595,92,
17130,BELLEVILLE AVE AT WILLIAMSON AVE,40.79920000000001,-74.18849,92,
17131,BELLEVILLE AVE AT JFK DR,40.79962,-74.19132,92,
17132,BELLEVILLE AVE AT BROAD ST,40.79976000000001,-74.19625,92,
17133,BELLEVILLE AVE AT JFK DR,40.79958000000001,-74.19196000000001,92,
17134,BELLEVILLE AVE AT WILLIAMSON AVE,40.79907,-74.18831,92,
17135,BELLEVILLE AVE AT ORCHARD ST,40.79859,-74.18571,92,
17136,BELLEVILLE AVE AT SMITH ST,40.79799000000001,-74.18384,92,
17137,BELLEVILLE AVE AT MORTON ST,40.79719,-74.18162000000001,92,
17138,BLOOMFIELD AVE AT AMPERE PKWY,40.77772,-74.18819,11|28|29|72,
17139,BLOOMFIELD AVE AT GROVE ST,40.77906,-74.18913,11|28|29|72|go28,
17140,BLOOMFIELD AVE AT WATSESSING AVE,40.78246,-74.19143000000001,11|28|29|72,
17141,BLOOMFIELD AVE AT BERKELEY PL,40.78539000000001,-74.19318000000001,11|28|29|72|94,
17142,BLOOMFIELD AVE AT HILL ST,40.78674,-74.19386,11|28|29|72|94,
17143,BLOOMFIELD AVE AT NEWARK AVE,40.78854,-74.19482,11|28|29|72|94,
17144,BLOOMFIELD AVE AT MUNICIPAL PLAZA,40.79158,-74.19638,11|27|28|29|72|94|go28,
17145,BLOOMFIELD AVE AT LIBERTY ST,40.79565,-74.19924,11|28|29,
17146,BLOOMFIELD AVE AT PARK ST,40.79769,-74.20064,11|28|29,
17147,BLOOMFIELD AVE AT WARD ST,40.79510000000001,-74.19906,11|28|29,
17148,BLOOMFIELD AVE AT BURROUGHS PLACE,40.79061,-74.19608000000001,11|28|29|72|94|go28,
17149,BLOOMFIELD AVE AT ORANGE ST,40.78866,-74.19508,11|28|29|72,
17150,BLOOMFIELD AVE AT ELLA ST,40.78627,-74.19382,11|28|29|72,
17151,BLOOMFIELD AVE AT WATSESSING AVE,40.78285,-74.19194,11|28|29|72,
17152,BLOOMFIELD AVE AT BERKELEY AVE,40.78085,-74.19056,11|28|29|72|go28,
17153,BLOOMFIELD AVE AT AMPERE PKWY,40.77814,-74.18871,11|28|29|72,
17154,BLOOMFIELD AVE AT NORTH 15TH ST,40.7755,-74.18689,11|28|29|72,
17155,BROAD ST AT LIBERTY ST,40.79606,-74.19732,102|709|72|92,
17156,BROAD ST AT BELLEVILLE AVE,40.79962,-74.19680000000001,102|709|72,
17157,BROAD ST AT ALMIRA ST,40.80341000000001,-74.19497000000001,102|709|72,
17158,BROAD ST AT JAMES ST,40.80611,-74.19299000000001,102|709|72,
17159,BROAD ST AT HOOVER AVE,40.80931,-74.19245000000001,102|709|72,
17160,BROAD ST AT VERNON TERR,40.81085,-74.19342,102|709|72,
17161,BROAD ST AT BAY AVE,40.81231,-74.19398000000001,102|709|72,
17162,BROAD ST 921'E OF BAY AVE,40.81564,-74.19421000000001,102|72,
17163,BROAD ST AT GLEN RIDGE PKWY,40.81812,-74.19302,102|72,
17164,BROAD ST AT BROOKDALE GARDENS,40.82409000000001,-74.18956,102|72,
17165,BROAD ST AT JOHNSON AVE,40.82717,-74.18757000000001,102|72,
17166,BROAD ST AT WATCHUNG AVE,40.82855,-74.18665,102|72,
17167,BROAD ST AT WINDING LN,40.83005,-74.18480000000001,102|72,
17168,BROAD ST AT MEADOW LN,40.83145,-74.18294,102|72,
17169,BROAD ST AT WEST PASSAIC AVE,40.83386,-74.18062,72,
17170,BROAD ST AT BELLEVUE AVE,40.83729,-74.18457000000001,72,
17171,BROAD ST AT BROADACRES DR,40.83818,-74.18490000000001,72,
17173,BROAD ST AT RED MAPLE AVE,40.84423,-74.18318000000001,72,
17174,BROAD ST AT RED MAPLE AVE,40.84412,-74.18332000000001,72,
17177,BROAD ST AT WEST PASSAIC AVE,40.83291000000001,-74.18123,102|72,
17178,BROAD ST AT PARKVIEW DR,40.83179000000001,-74.18274000000001,102|72,
17179,BROAD ST AT WATCHUNG AVE,40.82887,-74.18656,102|72,
17180,BROAD ST AT JOHNSON AVE,40.82709000000001,-74.18779,102|72,
17181,BROAD ST 85' E OF BROOKDALE GARDENS,40.8245,-74.18946000000001,102|72,
17182,BROAD ST AT SUNSET AVE,40.82252,-74.19073,102|72,
17183,BROAD ST AT GLEN RIDGE PKWY,40.81794,-74.19334,102|72,
17184,BROAD ST 921'W OF GLEN RIDGE PKWY,40.8155,-74.1944,102|72,
17185,BROAD ST AT BAY AVE,40.8121,-74.19406000000001,102|709|72,
17186,BROAD ST AT WARREN ST,40.80924,-74.19254000000001,102|709|72,
17187,BROAD ST AT BALDWIN ST,40.80745,-74.19251000000001,102|709|72,
17188,BROAD ST AT PITT ST,40.80598000000001,-74.19318000000001,102|709|72,
17189,BROAD ST AT BENSON ST,40.8043,-74.19451000000001,102|709|72,
17190,BROAD ST AT BELLEVILLE AVE,40.80006,-74.19688000000001,102|709|72,
17191,BROAD ST AT LIBERTY ST,40.79616,-74.19744,102|709|72|92,
17192,BROUGHTON AVE AT BAY AVE,40.81167000000001,-74.19017000000001,709,
17193,BROUGHTON AVE AT PETTIT ST,40.8149,-74.18659000000001,709,
17194,BROUGHTON AVE AT FRITZ ST,40.81649,-74.18466000000001,709,
17195,BROUGHTON AVE AT STONE ST,40.81941,-74.18122000000001,709,
17196,BROUGHTON AVE AT HOBSON ST,40.82178,-74.17981,709,
17197,BROUGHTON AVE AT BESSIDA ST,40.82337,-74.17905,709,
17198,BROUGHTON AVE AT PALMER ST,40.82621,-74.17849000000001,709,
17199,BROUGHTON AVE AT PIERSON ST,40.82643,-74.17868,709,
17200,BROUGHTON AVE AT BESSIDA ST,40.82325,-74.17922,709,
17201,BROUGHTON AVE AT ACKERMAN ST,40.82055,-74.18057,709,
17202,BROUGHTON AVE AT RECTOR PL,40.81884,-74.18201,709,
17203,BROUGHTON AVE AT UNION PL,40.81626000000001,-74.18508,709,
17204,BROUGHTON AVE AT PETTIT ST,40.81482,-74.18686000000001,709,
17205,BROUGHTON AVE AT BAY AVE,40.81223000000001,-74.18973000000001,709,
17207,CONGER ST AT GLENWOOD AVE,40.7916,-74.19907,34|709|go28,
17208,DODD ST AT ARCH ST,40.78267,-74.19925,94,
17209,EAST PASSAIC AVE AT WEST PASSAIC AVE,40.83469,-74.17252,709,
17210,EAST PASSAIC AVE AT WEST PASSAIC AVE,40.83438,-74.17268,709,
17211,1ST AVE AT NORTH 16TH ST,40.77036,-74.19016,34,
17212,1ST AVE AT NORTH 16TH ST,40.77039000000001,-74.19049000000001,34,
17213,FRANKLIN ST AT BALDWIN PL,40.78614,-74.18570000000001,27,
17214,FRANKLIN ST AT BERKELEY AVE,40.78725,-74.1877,27,
17215,FRANKLIN ST AT WILLARD AVE,40.78766,-74.18928000000001,27,
17216,FRANKLIN ST AT HILL ST,40.78850000000001,-74.19308000000001,27,
17217,FRANKLIN ST AT FREMONT ST,40.79406,-74.19654000000001,27|72|92,
17218,FRANKLIN ST AT MUNICIPAL PLAZA,40.7923,-74.19534,27|72,
17219,FRANKLIN ST AT HILL ST,40.78838,-74.19305,27,
17220,FRANKLIN ST AT WILLARD AVE,40.78752,-74.18906000000001,27,
17221,FRANKLIN ST AT LEXINGTON AVE,40.78478,-74.18451,27,
17222,FRANKLIN ST AT BERKELEY AVE,40.78699,-74.18718000000001,27,
17223,GLENWOOD AVE AT EVERGREEN AVE,40.78751,-74.20333000000001,34|92,
17224,GLENWOOD AVE AT SECOND ST,40.78952,-74.20164000000001,34|92,
17225,GLENWOOD AVE AT CONGER ST,40.79177000000001,-74.19946,34|92,
17226,GLENWOOD AVE AT LACKAWANNA PLAZA,40.79151,-74.19991,34|92,
17227,GLENWOOD AVE AT SECOND ST,40.78969,-74.20168000000001,34|92,
17228,GLENWOOD AVE AT EVERGREEN AVE,40.78747000000001,-74.20353,34|92,
17229,GROVE ST AT ABINGTON AVE,40.77382,-74.19391,90,
17230,GROVE ST AT TUNBRIDGE PL,40.77693,-74.19065,90,
17231,GROVE ST AT BLOOMFIELD AVE,40.77954,-74.18908,90,
17232,GROVE ST 325'E OF BLOOMFIELD AVE,40.78078,-74.18837,90,
17233,GROVE ST AT BLOOMFIELD AVE,40.77979000000001,-74.18909000000001,90,
17234,GROVE ST AT CHESTER AVE,40.77618,-74.19145,90,
17235,GROVE ST AT BEARDSLEY AVE,40.77511000000001,-74.19261,90,
17236,GROVE ST AT ABINGTON AVE,40.77383,-74.19403000000001,90,
17237,HOFFMAN BLVD AT BEARDSLEY AVE,40.77712,-74.19679000000001,34,
17238,HOFFMAN BLVD AT BEARDSLEY AVE,40.7769,-74.19687,34,
17247,LIBERTY ST AT BROAD ST,40.79564000000001,-74.19718,34,
17257,MUNICIPAL PLAZA AT BLOOMFIELD AVE,40.79174,-74.19618000000001,34,
17258,MYRTLE ST AT ORANGE ST,40.78305,-74.19916,94,
17259,PROSPECT ST AT MYRTLE ST,40.78329,-74.20461,34|92,
17260,PROSPECT ST AT LOCUST AVE,40.78609,-74.20399,34|92,
17261,PROSPECT ST AT LOCUST AVE,40.78598,-74.20413,34|92,
17262,PROSPECT ST AT THORNTON ST,40.7836,-74.20465,34|92,
17263,W PASSAIC AVE AT DARLING AVE,40.83681,-74.164,102|709,
17264,W PASSAIC AVE AT BOLTEN PL,40.83574,-74.16931000000001,102|709,
17265,W PASSAIC AVE AT DAY ST,40.83422,-74.17756,102,New York
17266,W PASSAIC AVE AT EAST PASSAIC AVE,40.83489,-74.17291,102,New York
17267,W PASSAIC AVE AT BOLTEN PL,40.83575,-74.16873000000001,102|709,
17268,W PASSAIC AVE AT DARLING AVE,40.83674000000001,-74.1637,709,
17269,WATSESSING AVE AT FRANKLIN ST#,40.78433,-74.18453000000001,90,
17270,WATSESSING AVE AT GROVE ST#,40.78233,-74.18730000000001,90,
17271,WATSESSING AVE AT GROVE ST#,40.78225,-74.18724,90,
17272,WATSESSING AVE AT FRANKLIN ST#,40.78417,-74.18442,90,
17276,BLOOMFIELD AVE AT MAGNOLIA LANE,40.84545000000001,-74.28578,105|29|71,
17277,BLOOMFIELD AVE 379'E OF PROSPECT ST,40.84403,-74.28269,105|29|71,
17278,BLOOMFIELD AVE AT ACADEMY RD,40.84201,-74.28058,105|29|71,
17280,BLOOMFIELD AVE AT BROOKSIDE AVE,40.84037,-74.27716000000001,105|29|71,
17281,BLOOMFIELD AVE AT ROSELAND AVE,40.83900000000001,-74.27521,105|29|71,
17283,BLOOMFIELD AVE 618' E OF PROVOST SQ.,40.83682,-74.27235,105|29,
17284,BLOOMFIELD AVE AT ELM RD,40.83565,-74.26946000000001,105|29,
17285,BLOOMFIELD AVE AT RYERSON AVE,40.83547,-74.26733,105|29,
17286,BLOOMFIELD AVE AT MOUNTAIN AVE,40.83533000000001,-74.26461,105|29,
17287,BLOOMFIELD AVE AT LINWOOD TERRACE,40.83557,-74.2672,105|29,
17288,BLOOMFIELD AVE AT ELM RD,40.83579,-74.26956000000001,105|29,
17289,BLOOMFIELD AVE AT ARLINGTON AVE,40.8368,-74.27209,105|29,
17291,BLOOMFIELD AVE AT SMULL AVE,40.8404,-74.27680000000001,105|29|71,
17293,BLOOMFIELD AVE AT CLEVELAND ST,40.84178,-74.27997,105|29|71,
17294,BLOOMFIELD AVE AT PROSPECT ST,40.84507000000001,-74.28349,105|29|71,
17295,BLOOMFIELD AVE 214' W OF WESTOVER AVE.,40.84579,-74.28677,105|29|71,
17296,ROSELAND AVE AT BLOOMFIELD AVE#,40.83821,-74.27562,71,Newark
17297,ROSELAND AVE AT OAK GROVE RD,40.83566,-74.27837000000001,71,West Caldwell
17298,ROSELAND AVE AT OAK GROVE RD,40.83548,-74.27838000000001,71,Newark
17299,POMPTON AVE AT HIGHLAND RD,40.83893,-74.22755000000001,11|195,Newark
17300,POMPTON AVE AT EATON PL,40.84198000000001,-74.22792000000001,11|195,Newark
17302,POMPTON AVE AT EAST BRADFORD AVE,40.84664,-74.22853,11|195,Newark
17303,POMPTON AVE AT UNION ST,40.84878,-74.22884,11|195,Newark
17304,POMPTON AVE (RT-23) AT BOWDEN RD,40.85201,-74.22936,11|195,Newark
17305,POMPTON AVE AT MYRTLE AVE,40.85571,-74.23016000000001,11|195,Newark
17306,POMPTON AVE AT BORTIC RD,40.85997,-74.23137000000001,11|195,Newark
17309,POMPTON AVE AT STEVENS AVE,40.86836,-74.2352,11|195,Newark
17312,POMPTON AVE AT MONTCLAIR AVE,40.87726000000001,-74.24041000000001,11|195,
17315,POMPTON AVE AT MONTCLAIR AVE,40.87707,-74.24043,11|195,
17317,POMPTON AVE AT STEVENS AVE,40.86782,-74.23505,11|195,Willowbrook
17318,POMPTON AVE 80'N OF VINCENT RD,40.86553000000001,-74.23377,11|195,Willowbrook
17320,POMPTON AVE AT MAWAL DR,40.86054,-74.23168000000001,11|195,Willowbrook
17321,POMPTON AVE AT BRUNSWICK RD,40.8575,-74.2308,11|195,Willowbrook
17323,POMPTON AVE (RT-23) AT BOWDEN RD,40.85199,-74.22951,11|195,Willowbrook
17325,POMPTON AVE 290' S OF VREELAND LN,40.84939000000001,-74.22908000000001,11|195,Willowbrook
17326,POMPTON AVE AT WEST BRADFORD AVE,40.84650000000001,-74.22865,11|195,Willowbrook
17329,POMPTON AVE AT SOUTH MOUNTAIN AVE,40.84182000000001,-74.22808,11|195,Willowbrook
17330,POMPTON AVE AT HIGHLAND RD,40.83923,-74.22778000000001,11|195,Willowbrook
17331,RIDGE RD AT JEFFERSON ST,40.83974000000001,-74.22638,105|195,
17332,RIDGE RD AT CEDAR RIDGE DR,40.84233,-74.22478000000001,105|195,
17333,RIDGE RD AT BRADFORD AVE,40.84452,-74.22340000000001,105|195,
17334,RIDGE RD AT BRIARHILL RD,40.8472,-74.22290000000001,105|195,
17335,RIDGE RD AT CEDAR ST,40.84868,-74.22286000000001,105|195,
17336,RIDGE RD AT RESERVOIR PL,40.85181,-74.21951,105|195,
17337,RIDGE RD AT LAKEWOOD AVE,40.85631,-74.21745,105|195,
17338,RIDGE RD AT BRIARWOOD TERRACE,40.86302000000001,-74.21377000000001,105|195,
17339,RIDGE RD AT BRIARWOOD TERRACE,40.8625,-74.21415,105|195,
17340,RIDGE RD AT LAKEWOOD AVE,40.85657,-74.21746,105|195,
17341,RIDGE RD AT SHERMAN AVE,40.85203000000001,-74.21950000000001,105|195,
17342,RIDGE RD AT RUGBY RD,40.84973,-74.22222000000001,105|195,
17343,RIDGE RD AT UNION ST,40.84732,-74.22301,105|195,
17344,RIDGE RD AT BRADFORD AVE,40.84451000000001,-74.22354,105|195,
17345,RIDGE RD AT CEDAR RIDGE DR,40.84227000000001,-74.22498,105|195,
17346,RIDGE RD AT SOUTH DEVONSHIRE RD,40.83977,-74.22653000000001,105|195,
17347,STEVENS AVE AT EAST LINDSLEY RD,40.87395,-74.23255,11,Newark
17348,STEVENS AVE AT EAST LINDSLEY RD,40.87423,-74.23254,11,Willowbrook
17349,CENTRAL AVE AT SCOTLAND RD,40.76812,-74.24034,24|92,
17350,CENTRAL AVE AT LINCOLN AVE,40.76717,-74.23892000000001,24,
17351,CENTRAL AVE 120' W OF CARTERET PL,40.76596000000001,-74.23695000000001,24,
17352,CENTRAL AVE 50' W OF SOUTH ESSEX AVE,40.76658,-74.23554,24,
17353,CENTRAL AVE AT SOUTH CENTER ST,40.76554,-74.23234000000001,24,
17354,CENTRAL AVE AT HICKORY ST,40.76413,-74.22917000000001,24,
17355,CENTRAL AVE AT OAKWOOD AVE,40.76337,-74.22785,24,
17356,CENTRAL AVE AT OAKWOOD AVE,40.76322,-74.2273,24,
17357,CENTRAL AVE AT HICKORY ST,40.76443,-74.22943000000001,24,
17358,CENTRAL AVE AT SOUTH CENTER ST,40.76565,-74.23185000000001,24,
17359,CENTRAL AVE 150' E OF SOUTH ESSEX AVE,40.76662,-74.23467000000001,24,
17360,CENTRAL AVE AT LINCOLN AVE,40.76711,-74.23848000000001,24,
17361,CENTRAL AVE AT SCOTLAND RD,40.76835000000001,-74.24042,24,
17362,DODD ST AT THOMAS BLVD,40.78252000000001,-74.22157,97,Montclair
17363,HENRY ST AT SOUTH ESSEX AVE,40.76839,-74.23404000000001,92,
17364,HENRY ST AT SOUTH ESSEX AVE,40.7685,-74.23410000000001,92,
17365,HIGH ST AT MAIN ST,40.77421,-74.23311000000001,41,
17366,HIGH ST AT WHITE ST,40.77633,-74.23139,41,
17367,HIGH ST AT PARK AVE,40.77798000000001,-74.23003,41,
17368,HIGH ST AT PARK AVE,40.77793,-74.23026,41,
17369,HIGH ST AT WHITE ST,40.77665,-74.2313,41,
17370,LINCOLN AVE AT CENTRAL AVE,40.76734,-74.23841,92,
17371,LINCOLN AVE AT HENRY ST,40.7693,-74.23645,92,
17372,LINCOLN AVE AT FRANKFORT ST,40.76888,-74.23701000000001,92,
17374,ERIE LOOP,40.77612000000001,-74.23842,21|71|73|79,
17375,ERIE LOOP (OFF MAIN ST AT BUS SHELTER),40.77599,-74.23828,24,
17376,MAIN ST AT BELL ST,40.77478,-74.23578,21|24|71|73|79,
17377,MAIN ST AT SCOTLAND RD,40.77373,-74.23387000000001,21|24|71|73|79,
17378,MAIN ST AT TONY GALENTO PLAZA,40.77305,-74.23219,21|24|41|44|71|73|79,
17379,MAIN ST AT DAY ST,40.77221,-74.22989000000001,21|24|71|73|79,
17380,MAIN ST AT SOUTH CENTER ST,40.77149,-74.22817,21|24|71|73|79,
17381,MAIN ST AT HICKORY ST,40.77026,-74.22531000000001,21|24|71|73|79,
17382,MAIN ST AT PRINCE ST,40.76917,-74.22351,21|24|71|73|79,
17383,MAIN ST AT GLENWOOD AVE,40.76813000000001,-74.22102000000001,21|24|71|73|79,
17384,MAIN ST AT HILLYER ST,40.76898000000001,-74.22294000000001,21|24|71|73|79,
17385,MAIN ST AT PARK ST,40.77027,-74.22502,21|24|71|73|79,
17386,MAIN ST AT NORTH CENTER ST,40.77173000000001,-74.22828000000001,21|24|71|73|79,
17387,MAIN ST AT DAY ST,40.77245000000001,-74.22999,21|24|41|44|71|73|79,
17388,MAIN ST 100' W OF HIGH ST,40.7741,-74.2342,21|24|71|73|79,
17389,MAIN ST 80' W OF BELL ST,40.77508,-74.23613,21|24|71|73|79,
17390,ERIE LOOP,40.77597,-74.23782,21|71|73|79,
17391,DAY ST AT MAIN ST,40.77268,-74.22927,92,
17392,NORTH DAY ST AT WHITE ST,40.77459,-74.22791000000001,92,
17393,NORTH DAY ST AT PARK AVE,40.77644,-74.22659,92,
17394,NORTH DAY ST AT ALDEN ST,40.78,-74.22397000000001,92,
17395,NORTH DAY ST AT PARK AVE,40.77675,-74.2265,92,
17396,NORTH DAY ST AT WHITE ST,40.77497,-74.22776,92,
17397,DAY ST AT MAIN ST,40.77241,-74.22959,92,
17398,PARK AVE AT CLEVELAND ST,40.7774,-74.22847,41,
17399,PARK AVE AT NORTH DAY ST,40.7766,-74.22670000000001,41,
17400,PARK AVE AT PARK PL,40.77548,-74.22379000000001,41,
17401,PARK AVE AT NORTH DAY ST,40.77663,-74.22635000000001,41,
17402,PARK AVE AT CLEVELAND ST,40.77741,-74.22815,41,
17403,RR PLACE AT ESSEX AVE/S DAY ST,40.77169000000001,-74.23128000000001,41|44,
17404,RR PLACE AT ESSEX AVE/S DAY ST,40.77143,-74.23041,41|44,
17405,SCOTLAND RD 70' N OF RANDOLPH PL,40.75664,-74.24968000000001,92,
17406,SCOTLAND RD AT HEYWOOD AVE,40.75818,-74.24895000000001,92,
17407,SCOTLAND RD AT WILLOW ST,40.75964,-74.24824000000001,92,
17408,SCOTLAND RD AT LINCOLN PL,40.76245,-74.24687,44|92,
17409,SCOTLAND RD AT FAIRVIEW AVE,40.764,-74.24584,44|92,
17410,SCOTLAND RD AT HIGHLAND AVE,40.76642,-74.24337000000001,44|92,
17411,SCOTLAND RD AT NEW ENGLAND TER,40.76756,-74.24180000000001,44|92,
17412,SCOTLAND RD AT MINTON PL,40.76921,-74.23947000000001,24|44,
17413,SCOTLAND RD AT MECHANIC ST,40.77071,-74.23735,24|44,
17414,SCOTLAND RD AT MAIN ST,40.77345,-74.23404000000001,24|44,
17415,SCOTLAND RD AT GLEBE ST,40.77070000000001,-74.23765,24|44,
17416,SCOTLAND RD 210' N OF CENTRAL AVE,40.76872,-74.24042,44,
17417,SCOTLAND RD AT MITCHELL ST,40.76752,-74.24215000000001,44|92,
17418,SCOTLAND RD AT FREEMAN ST,40.76575,-74.24433,44|92,
17419,SCOTLAND RD AT NASSAU ST,40.76394000000001,-74.24600000000001,44|92,
17420,SCOTLAND RD AT MCCHESNEY ST,40.76282,-74.24677000000001,44|92,
17421,SCOTLAND RD AT TREMONT AVE,40.76130000000001,-74.24755,92,
17422,SCOTLAND RD AT CHESTNUT ST,40.75965,-74.24834000000001,92,
17423,SCOTLAND RD AT ARGYLE AVE,40.75762,-74.24934,92,
17424,SCOTLAND RD AT RANDOLPH PL,40.75614,-74.25004000000001,92,
17425,SOUTH DAY ST AT HENRY ST,40.76813000000001,-74.2325,92,
17426,SOUTH DAY ST AT FREEWAY DRIVE EAST,40.76966,-74.23150000000001,92,
17427,SOUTH DAY ST AT FREEWAY DRIVE WEST,40.77059000000001,-74.23102,92,
17428,SOUTH DAY ST AT HENRY ST,40.76802,-74.23270000000001,92,
17429,THOMAS BLVD 150'N OF WASHINGTON ST,40.77995000000001,-74.22243,92|97,
17430,THOMAS BLVD AT DODD ST,40.78216,-74.22070000000001,34|92,
17431,THOMAS BLVD AT HAYWARD ST,40.78556,-74.22022000000001,34,
17432,THOMAS BLVD AT HAYWARD ST,40.78588000000001,-74.22023,34,
17433,THOMAS BLVD AT DODD ST,40.78183000000001,-74.22099,34|92|97,
17434,THOMAS BLVD AT WASHINGTON ST,40.78026000000001,-74.22333,92|97,
17435,TREMONT AVE AT LINCOLN AVE,40.76027000000001,-74.24587000000001,44,
17436,TREMONT AVE AT BERKELEY AVE,40.75849,-74.24264000000001,44,
17437,TREMONT AVE AT MOSSWOOD AVE,40.75687000000001,-74.24046000000001,44,
17438,TREMONT ST AT VETERAN'S HOSPITAL/S CENTER ST,40.75435,-74.23552000000001,44,
17439,TREMONT ST AT VETERAN'S HOSPITAL/S CENTER ST,40.75464,-74.23595,44,
17440,TREMONT AVE AT SYLVAN WAY,40.75676,-74.24023000000001,44,
17441,TREMONT AVE AT BERKELEY AVE,40.75837000000001,-74.24228000000001,44,
17442,TREMONT AVE AT LINCOLN AVE,40.76024,-74.24561,44,
17443,TREMONT AVE AT SCOTLAND RD,40.76111,-74.24745,44,
17444,WASHINGTON ST AT BRADFORD ST,40.78428,-74.22641,97,East Orange
17445,WASHINGTON ST AT MEADE ST,40.78463,-74.22657000000001,97,Montclair
17446,1ST AVE AT WARWICK ST,40.77147,-74.19409,34,
17447,1ST AVE AT AMPERE PKWY,40.77095000000001,-74.19239,34,
17448,1ST AVE AT AMPERE PKWY,40.77088000000001,-74.19194,34,
17449,1ST AVE AT WARWICK ST,40.77147,-74.19386,34,
17450,9TH AVE AT STEUBEN ST,40.75291,-74.20204000000001,5,
17451,9TH AVE AT SOUTH 16TH ST,40.75256,-74.2008,5,
17452,9TH AVE AT SOUTH 16TH ST,40.75273000000001,-74.20108,5,
17453,AMPERE PLAZA AT FOURTH AVE,40.76442,-74.1945,34,
17454,AMPERE PLAZA AT FOURTH AVE,40.76439000000001,-74.19430000000001,34,
17455,AMPERE PLAZA AT 18TH ST,40.76619,-74.19473,34,
17456,CENTRAL AVE AT SOUTH HARRISON ST,40.76202000000001,-74.22554000000001,24,
17457,CENTRAL AVE AT HALSTED ST,40.75966,-74.22211,24|94,
17458,CENTRAL AVE AT SOUTH CLINTON ST,40.75867,-74.22064,24,
17459,CENTRAL AVE AT SOUTH BURNET ST,40.75762,-74.21914000000001,24,
17460,CENTRAL AVE AT SHEPARD AVE,40.75662000000001,-74.21768,24,
17461,CENTRAL AVE AT OAK AVE,40.75557000000001,-74.21616,24,
17462,CENTRAL AVE AT SOUTH ARLINGTON AVE,40.75483000000001,-74.2151,24,
17463,CENTRAL AVENUE AT SOUTH MUNN AVENUE,40.75345,-74.21276,24|44,
17464,CENTRAL AVE AT HAWTHORNE PL,40.75243,-74.20911000000001,24|44,
17465,CENTRAL AVE AT SOUTH MAPLE AVE,40.75209,-74.20785000000001,24|44,
17466,CENTRAL AVE AT GROVE ST. SOUTH,40.75159,-74.20602000000001,24|44,
17467,CENTRAL AVE AT SOUTH 18TH ST,40.75095,-74.20365000000001,24|44,
17468,CENTRAL AVE AT SOUTH 17TH ST,40.75056,-74.20215,24|44,
17469,CENTRAL AVE AT HOLLYWOOD AVE,40.75128,-74.20419000000001,24|44,
17470,CENTRAL AVE AT GROVE ST. SOUTH,40.75162,-74.20535000000001,24|44,
17471,CENTRAL AVE AT SOUTH MAPLE AVE,40.75216,-74.20744,24|44,
17472,CENTRAL AVE AT HAWTHORNE AVE,40.75259,-74.20904,24,
17473,CENTRAL AVENUE AT SOUTH MUNN AVENUE,40.75398000000001,-74.21353,24|44,
17474,CENTRAL AVE AT SOUTH ARLINGTON AVE,40.75533,-74.2155,24,
17475,CENTRAL AVE AT SHEPARD AVE,40.75652,-74.21726000000001,24,
17476,CENTRAL AVE AT SOUTH BURNET ST,40.75823,-74.21975,24,
17477,CENTRAL AVE AT S CLINTON ST,40.75904000000001,-74.22089000000001,24|94,
17478,CENTRAL AVE AT HALSTED ST,40.75984,-74.22205000000001,24|94|97,
17479,CENTRAL AVE AT EVERGREEN PL,40.76088,-74.22356,24,
17480,CENTRAL AVE AT SOUTH HARRISON ST,40.7618,-74.22489,24,
17481,DODD ST AT KEARNY ST,40.78223000000001,-74.21994000000001,92,
17482,DODD ST AT NORTH PARK ST,40.7821,-74.21827,92,
17483,DODD ST AT BRIGHTON AVE,40.78169,-74.21582000000001,92,
17484,DODD ST AT MIDLAND AVE,40.78122,-74.21356,92,
17485,DODD ST AT COLONIAL TER,40.78186,-74.21059000000001,92,
17486,DODD ST AT GLENWOOD AVE,40.78155,-74.20927,92,
17487,DODD ST AT BOYDEN ST,40.78118000000001,-74.20752,92,
17488,DODD ST AT PROSPECT ST,40.78112,-74.20516,92,
17489,DODD ST AT MEADOW ST,40.78152,-74.20295,94,
17490,DODD ST AT MEADOW ST,40.78164,-74.20274,94,
17491,PROSPECT & DODD,40.78124,-74.20485000000001,94,
17492,DODD ST AT WESTCOTT ST,40.78112,-74.20638000000001,92,
17493,DODD ST AT GLENWOOD AVE,40.78154000000001,-74.2089,92,
17494,DODD ST AT COLONIAL TER,40.78192000000001,-74.21033,92,
17495,DODD ST AT MIDLAND AVE,40.78134,-74.21384,92,
17496,DODD ST AT BRIGHTON AVE,40.78197,-74.21629,92,
17497,DODD ST AT COTTAGE PL,40.7822,-74.21793000000001,92,
17498,DODD ST AT LONG ST,40.78225,-74.21957,92,
17499,EVERGREEN PL 200' N OF CENTRAL AVE,40.76109,-74.22266,94,
17500,EVERGREEN PL AT HARVARD ST,40.76293,-74.22132,94,
17501,EVERGREEN PL AT FREEWAY DR,40.76474,-74.21986000000001,94,
17502,EVERGREEN PL AT HALSTED PL,40.76394000000001,-74.22073,94,
17503,EVERGREEN PL AT HARVARD ST,40.76278000000001,-74.22163,94,
17504,EVERGREEN PL 260' N OF CENTRAL AVE.,40.76107,-74.22286000000001,94,
17505,FREEMAN AVE AT RHODE ISLAND AVE,40.75073,-74.2166,44,
17506,FREEMAN AVE AT ELMWOOD AVE,40.75228000000001,-74.21567,44,
17507,FREEMAN AVE AT CENTRAL AVE,40.75418000000001,-74.21456,44,
17508,FREEMAN AVE AT LINDEN AVE,40.75418000000001,-74.21467000000001,44,
17509,FREEMAN AVE AT ELMWOOD AVE,40.75255000000001,-74.21563,44,
17510,FREEMAN AVE AT RHODE ISLAND AVE,40.75067000000001,-74.21678,44,
17513,GROVE ST. SOUTH AT CENTRAL AVE,40.75144,-74.20580000000001,90,
17514,GROVE ST. SOUTH AT 9TH AVE,40.75356,-74.20486000000001,90,
17515,GROVE ST. SOUTH AT SUSSEX AVE,40.75544,-74.20425,90,
17516,GROVE ST. NORTH AT EATON PL,40.75901,-74.20359,90,
17517,GROVE ST. NORTH AT GROVE PL,40.7608,-74.20347000000001,90,
17518,GROVE ST. NORTH AT WILLIAM ST,40.76183,-74.20336,90,
17519,GROVE ST. NORTH 470' N OF WILLIAM ST,40.76357,-74.2029,90,
17520,GROVE ST AT PARK AVE,40.76517,-74.20235000000001,90,
17521,GROVE ST. NORTH AT 4TH AVE,40.76696,-74.20129,90,
17522,GROVE ST. NORTH AT SPRINGDALE AVE,40.76919,-74.19982,90,
17523,GROVE ST. NORTH AT RUTLEDGE AVE,40.77056,-74.19810000000001,90,
17524,GROVE ST. NORTH AT HOFFMAN BLVD,40.77237,-74.19559000000001,90,
17525,GROVE ST. NORTH AT HOFFMAN BLVD,40.77274000000001,-74.19529,90,
17526,GROVE ST. NORTH AT RUTLEDGE AVE,40.77046,-74.19833000000001,90,
17527,GROVE ST. NORTH AT SPRINGDALE AVE,40.76948,-74.19967000000001,90,
17529,GROVE ST AT PARK AVE,40.76552,-74.20226000000001,90,
17530,GROVE ST. NORTH AT WILLIAM ST,40.76208,-74.20337,90,
17531,GROVE ST. NORTH AT NEW ST,40.76046,-74.20357,90,
17532,GROVE ST. NORTH AT EATON PL,40.75888,-74.20368,90,
17533,GROVE ST. SOUTH AT SUSSEX AVE,40.75583,-74.20425,90,
17534,GROVE ST. SOUTH AT 9TH AVE,40.75394,-74.20492,90,
17535,GROVE ST. SOUTH AT ASHLAND PLACE,40.75243,-74.20544000000001,90,
17536,HALSTED ST AT CENTRAL AVE,40.75989000000001,-74.22162,97,Montclair
17537,HALSTED ST AT HARVARD ST,40.76178,-74.2202,97,Montclair
17538,HALSTED ST AT UNIVERSITY PL,40.7634,-74.21897000000001,97,Montclair
17539,HALSTED ST AT DR MARTIN LUTHER KING JR BLVD,40.76549000000001,-74.21730000000001,97,East Orange
17540,HALSTED ST AT HALSTED PL,40.76315,-74.21925,97,East Orange
17541,HALSTED ST AT HARVARD ST,40.76203,-74.2201,97,East Orange
17543,HOFFMAN BLVD AT GROVE ST. NORTH,40.77237,-74.19527000000001,34,
17544,HOFFMAN BLVD AT LA FRANCE AVE,40.77476,-74.19587,34,
17545,HOFFMAN BLVD AT ABINGTON AVE,40.77485,-74.19601,34,
17546,HOFFMAN BLVD AT GROVE ST. NORTH,40.77277,-74.19551000000001,34,
17547,LONG ST AT DODD ST,40.78236,-74.21981000000001,34,
17549,ML KING JR BLVD AT S HARRISON ST,40.76757000000001,-74.22002,21|24|71|73|79,
17550,ML KING JR BLVD AT PROSPECT ST,40.76651,-74.21769,,
17551,ML KING JR BLVD AT HALSTED ST,40.76556,-74.21658000000001,21|71|73|79|94,
17552,ML KING JR BLVD AT SOUTH CLINTON ST,40.76439000000001,-74.21522,21|71|73|79|94,
17553,ML KING JR BLVD AT SOUTH BURNET ST,40.7633,-74.21385000000001,21|71|73|79|94,
17555,ML KING JR BLVD AT WINANS ST,40.76185,-74.21192,21|71|73|79,
17556,ML KING JR BLVD AT SOUTH MUNN AVE,40.76023,-74.20972,21|71|73|79,
17557,ML KING JR BLVD AT SOUTH GROVE ST,40.75834,-74.20393,21|71|73|79,
17558,ML KING JR BLVD AT STEUBEN ST,40.75689000000001,-74.20111,21|71|73|79,
17559,ML KING JR BLVD AT 15TH ST,40.75591,-74.19801000000001,21|73|79,
17560,ML KING JR BLVD AT 15TH ST,40.75609,-74.19816,21|71|73|79,
17561,ML KING JR BLVD AT GREENWOOD AVE,40.75687000000001,-74.20048000000001,21|71|73|79,
17562,ML KING JR BLVD AT NORTH GROVE ST,40.75827,-74.20354,21|71|73|79,
17563,ML KING JR BLVD AT NORTH MAPLE AVE,40.75888,-74.20518000000001,21|71|73|79,
17564,ML KING JR BLVD AT NORTH MUNN AVE,40.76017,-74.20929000000001,21|71|73|79,
17565,ML KING JR BLVD AT NORTH ARLINGTON AVE,40.76088,-74.21072000000001,21|71|73|79,
17566,ML KING JR BLVD AT WINANS ST,40.76208,-74.21205,21|71|73|79,
17567,ML KING JR BLVD AT NORTH WALNUT ST,40.76305,-74.21329,21|71|73|79,
17568,ML KING JR BLVD AT NORTH CLINTON ST,40.76413,-74.21471000000001,21|71|73|79|94,
17569,ML KING JR BLVD AT LINCOLN ST,40.76583,-74.21669,21|71|73|79|94,
17570,ML KING JR BLVD AT PROSPECT ST,40.76705,-74.21831,21|71|73|79|97,
17571,ML KING JR BLVD AT 15TH ST,40.75609,-74.19788000000001,,
17572,NORTH ARLINGTON AVE AT NORTH MAPLE AVE,40.77725,-74.19752000000001,34,
17573,NORTH ARLINGTON AVE AT NORTH MAPLE AVE,40.77679000000001,-74.19811,34,
17575,N HARRISON ST AT DR MARTIN LUTHER KING JR BLVD,40.76779000000001,-74.21914000000001,97,Montclair
17582,NORTH PARK ST LOOP,40.78704,-74.21821,34,
17583,PARK AVE AT PARK ST,40.77489000000001,-74.22282000000001,41,
17584,PARK AVE AT WASHINGTON ST,40.77405,-74.22095,41,
17585,PARK AVE AT GLENWOOD AVE,40.77265000000001,-74.21789000000001,41,
17586,PARK AVE AT WASHINGTON TERRACE,40.77161,-74.21560000000001,41,
17587,PARK AVE AT PROSPECT ST,40.77073,-74.21366,41,
17588,PARK AVE AT LINCOLN ST,40.77009,-74.21227,41,
17589,PARK AVE AT NORTH CLINTON ST,40.76868,-74.20935,41,
17590,PARK AVE AT NORTH ARLINGTON AVE,40.76734,-74.20659,41,
17591,PARK AVE AT NORTH ORATON PKWY,40.76593,-74.20368,41,
17592,PARK AVE AT GROVE ST,40.76513000000001,-74.20197,41,
17593,PARK AVE AT STOCKTON PL,40.76406,-74.19983,41,
17594,PARK AVE AT NORTH 19TH ST,40.7633,-74.19827000000001,41,
17595,PARK AVE AT NORTH 17TH ST,40.76251000000001,-74.19665,41,
17596,PARK AVE AT NORTH 15TH ST,40.76172,-74.19503,41,
17597,PARK AVE AT NORTH 15TH ST,40.76175000000001,-74.19474000000001,41,
17598,PARK AVE AT NORTH 17TH ST,40.76253000000001,-74.19635000000001,41,
17599,PARK AVE AT NORTH 19TH ST,40.76331,-74.19794,41,
17600,PARK AVE AT STOCKTON PL,40.76403000000001,-74.19942,41,
17601,PARK AVE AT GROVE ST,40.76558,-74.20262000000001,41,
17602,PARK AVE AT NORTH ORATON PKWY,40.7662,-74.20393,41,
17603,PARK AVE AT NORTH ARLINGTON AVE,40.76733,-74.20621000000001,41,
17604,PARK AVE AT NORTH WALNUT ST,40.76854,-74.20871000000001,41,
17605,PARK AVE AT LINCOLN ST,40.77008,-74.21188000000001,41,
17606,PARK AVE AT PROSPECT ST,40.77075000000001,-74.21326,41,
17607,PARK AVE AT WOODLAND AVE,40.77200000000001,-74.21603,41,
17608,PARK AVE AT GLENWOOD AVE,40.77287,-74.21802000000001,41,
17609,PARK AVE AT WASHINGTON ST,40.77404000000001,-74.22063,41,
17610,PARK AVE AT PARK ST,40.77486,-74.22246000000001,41,
17616,PROSPECT ST AT WILLIAM ST,40.76781,-74.21675,94,
17617,PROSPECT ST AT PROSPECT TERRACE,40.76926,-74.21509,94,
17618,PROSPECT ST AT PARK AVE,40.77063,-74.21355000000001,94,
17619,PROSPECT ST AT HAMILTON ST,40.77301000000001,-74.21108000000001,94,
17620,PROSPECT ST AT SPRINGDALE AVE,40.77458,-74.20954,94,
17621,PROSPECT ST AT ELY PL,40.77716,-74.20726,94,
17622,PROSPECT ST AT GLENWOOD PL,40.77838000000001,-74.20611000000001,94,
17623,PROSPECT & DODD,40.78104,-74.20497,34|94,
17624,PROSPECT ST AT OLIVE ST,40.78263,-74.20472000000001,34|92,
17625,PROSPECT ST AT DODD ST,40.78128,-74.20504000000001,34|92,
17626,PROSPECT ST AT RENSHAW AVE,40.77864,-74.20605,94,
17627,PROSPECT ST AT FRANKLIN ST,40.77773000000001,-74.20683000000001,94,
17628,PROSPECT ST AT SPRINGDALE AVE,40.77484,-74.20945,94,
17629,PROSPECT ST AT HAMILTON ST,40.77279,-74.21140000000001,94,
17630,PROSPECT ST AT PARK AVE,40.77094,-74.21335,94,
17631,PROSPECT ST AT PROSPECT TERRACE,40.76942,-74.21498000000001,94,
17632,PROSPECT ST AT WILLIAM ST,40.76775000000001,-74.21699000000001,94,
17633,RENSHAW AVE AT PROSPECT ST,40.77843,-74.20564,34,
17634,RENSHAW AVE AT NORTH CLINTON ST,40.7769,-74.20238,34,
17635,RENSHAW AVE AT NORTH WALNUT ST,40.77613,-74.20077,34,
17636,RENSHAW AVE AT NORTH ARLINGTON AVE,40.77564,-74.19978,34,
17637,RENSHAW AVE AT NORTH WALNUT ST,40.77629,-74.20092000000001,34,
17638,RENSHAW AVE AT NORTH CLINTON ST,40.77706000000001,-74.20257000000001,34,
17639,RENSHAW AVE AT PROSPECT ST,40.77859,-74.20586,34,
17640,RHODE ISLAND AVE AT CRAWFORD ST,40.7539,-74.22688000000001,44,
17641,RHODE ISLAND AVE AT HALSTED ST,40.75333000000001,-74.22523000000001,44,
17642,RHODE ISLAND AVE AT SOUTH CLINTON ST,40.75277000000001,-74.22363,44,
17643,RHODE ISLAND AVE AT EPPIRT ST,40.752,-74.22135,44,
17644,RHODE ISLAND AVE AT GRAND AVE,40.75077,-74.21779000000001,44,
17645,RHODE ISLAND AVE AT OAK ST,40.75113,-74.21847000000001,44,
17646,RHODE ISLAND AVE AT SHEPARD AVE,40.75188,-74.22067000000001,44,
17647,RHODE ISLAND AVE AT SOUTH CLINTON ST,40.75272,-74.22314,44,
17648,RHODE ISLAND AVE AT HALSTED ST,40.75334,-74.22495,44,
17649,RHODE ISLAND AVE AT CRAWFORD ST,40.75391,-74.22664,44,
17650,SANFORD ST AT RHODE ISLAND AVE,40.75441,-74.22853,44|97,
17651,SANFORD ST AT ELMWOOD AVE,40.75597,-74.22776,97,Montclair
17652,SANFORD ST AT CLIFFORD ST,40.75846000000001,-74.22653000000001,97,Montclair
17653,SANFORD ST AT MELROSE AVE,40.75758,-74.22707000000001,97,East Orange
17654,SANFORD ST AT KENWOOD PL,40.75546000000001,-74.22813000000001,97,East Orange
17655,SANFORD ST AT ELLIOTT PL,40.75414000000001,-74.2288,44|97,
17656,SANFORD ST AT TREMONT AVE,40.75253,-74.22968,44|97,
17657,S CLINTON ST AT S ORANGE AVE,40.7465,-74.22705,94,
17658,SOUTH CLINTON ST AT NORWOOD PL,40.74842,-74.22591000000001,94,
17659,SOUTH CLINTON ST AT TREMONT AVE,40.75044,-74.22472,94,
17660,SOUTH CLINTON ST AT RHODE ISLAND AVE,40.75264000000001,-74.22339000000001,94,
17661,SOUTH CLINTON ST AT ELMWOOD AVE,40.7546,-74.22242,94,
17662,S CLINTON ST AT CENTRAL AVE,40.75833,-74.22066000000001,94,
17663,SOUTH CLINTON ST AT ELMWOOD AVE,40.75491,-74.22238,94,
17664,SOUTH CLINTON ST AT RHODE ISLAND AVE,40.75294,-74.22338,94,
17665,SOUTH CLINTON ST AT TREMONT AVE,40.75069000000001,-74.22469000000001,94,
17666,SOUTH CLINTON ST AT NORWOOD PL,40.74852000000001,-74.22596,94,
17667,S CLINTON ST AT S ORANGE AVE,40.74664000000001,-74.22707000000001,94,
17668,SOUTH HARRISON ST 56'S OF BERWYN ST,40.7638,-74.22306,24,
17669,SOUTH HARRISON ST AT FREEWAY DRIVE EAST,40.76552,-74.22134000000001,24,
17670,SOUTH HARRISON ST AT WEBSTER PL,40.76518,-74.22172,24,
17671,SOUTH HARRISON ST AT BERWYN ST,40.76408,-74.22285000000001,24,
17672,SOUTH HARRISON ST AT HAMPTON TER,40.76301,-74.22415000000001,24,
17673,SOUTH ORANGE AVE AT ARSDALE TER,40.7453,-74.22272000000001,31,South Orange Avenue
17674,SOUTH ORANGE AVE AT SOUTH CLINTON ST,40.74643,-74.22744,31,South Orange Avenue
17675,SPRINGDALE AVE AT NORTH PARK ST,40.77869,-74.22031000000001,34,
17676,SPRINGDALE AVE AT BRIGHTON AVE,40.77796,-74.21732,34,
17677,SPRINGDALE AVE AT MIDLAND AVE,40.77744000000001,-74.21521,34,
17678,SPRINGDALE AVE AT GLENWOOD AVE,40.77673,-74.21311,34,
17679,SPRINGDALE AVE AT WOODLAND AVE,40.77597,-74.21178,34,
17680,SPRINGDALE AVE AT PROSPECT ST,40.77453000000001,-74.20928,34,
17681,SPRINGDALE AVE AT LINCOLN ST,40.77377000000001,-74.20798,34,
17682,SPRINGDALE AVE AT NORTH CLINTON ST,40.77285000000001,-74.20641,34,
17683,SPRINGDALE AVE AT ARLINGTON AVE,40.77102,-74.20330000000001,34,
17684,SPRINGDALE AVE AT NORTH ORATON PARKWAY,40.77014,-74.20149,34,
17685,SPRINGDALE AVE AT GROVE ST. NORTH,40.76937,-74.19994000000001,34,
17686,SPRINGDALE AVE AT NORTH 22ND ST,40.76844000000001,-74.19802,34,
17687,SPRINGDALE AVE 120' E OF NORTH 21ST ST.,40.76773,-74.19657000000001,34,
17688,SPRINGDALE AVE AT NORTH 20TH ST,40.76759000000001,-74.19617000000001,34,
17689,SPRINGDALE AVE AT NORTH 22ND ST,40.76841,-74.19781,34,
17690,SPRINGDALE AVE AT GROVE ST. NORTH,40.7693,-74.1996,34,
17691,SPRINGDALE AVE AT ROOSEVELT AVE,40.77026,-74.20159000000001,34,
17692,SPRINGDALE AVE AT ARLINGTON AVE,40.77095000000001,-74.20296,34,
17693,SPRINGDALE AVE AT PARKWAY DR,40.77157,-74.20406000000001,34,
17694,SPRINGDALE AVE AT NORTH CLINTON ST,40.77309,-74.20666,34,
17695,SPRINGDALE AVE AT LINCOLN ST,40.77398,-74.20815,34,
17696,SPRINGDALE AVE AT PROSPECT ST,40.77467,-74.20934000000001,34,
17697,SPRINGDALE AVE AT WOODLAND AVE,40.77593,-74.21154,34,
17698,SPRINGDALE AVE AT GLENWOOD AVE,40.7769,-74.21323000000001,34,
17699,SPRINGDALE AVE AT MIDLAND AVE,40.7774,-74.21478,34,
17700,SPRINGDALE AVE AT LINWOOD PL,40.77773000000001,-74.21607,34,
17701,SPRINGDALE AVE AT BRIGHTON AVE,40.77795,-74.21699000000001,34,
17702,SPRINGDALE AVE AT NORTH PARK ST,40.77863000000001,-74.21968000000001,34,
17703,SPRINGDALE AVE 65' E OF SECOND RIVER CULVERT,40.77979000000001,-74.22084000000001,34,
17704,STEUBEN ST AT 9TH AVE,40.75336,-74.20226000000001,5,
17705,STEUBEN ST AT SUSSEX AVE,40.75471,-74.20192,5,
17706,STEUBEN ST AT SUSSEX AVE,40.75491,-74.20135,5,
17707,SUSSEX AVE AT SOUTH 15TH ST,40.7544,-74.19894000000001,5,
17708,SUSSEX AVE AT SOUTH 15TH ST,40.75459,-74.19916,5,
17709,TREMONT AVE AT ROSS ST,40.75361,-74.23384,44|97,
17710,TREMONT AVE AT ROSS ST,40.75377,-74.23394,44|97,
17711,WASHINGTON ST AT WASHINGTON TER,40.76988,-74.21884,97,Montclair
17712,WASHINGTON ST AT GLENWOOD AVE,40.77117000000001,-74.21891000000001,97,Montclair
17713,WASHINGTON ST AT PARK AVE,40.77357000000001,-74.22046,97,Montclair
17714,WASHINGTON ST AT E PARK ST,40.77562,-74.22145,97,Montclair
17715,WASHINGTON ST AT N PARK ST,40.77732,-74.22198,97,Montclair
17716,WASHINGTON ST AT PARK ST,40.77584,-74.22165000000001,97,East Orange
17717,WASHINGTON ST AT PARK AVE,40.77433000000001,-74.22102000000001,97,East Orange
17718,WASHINGTON ST AT GLENWOOD AVE,40.77143,-74.21922,97,East Orange
17719,WASHINGTON ST AT WILLIAM ST,40.76873000000001,-74.21893,97,East Orange
17720,BLOOMFIELD AVE AT MOUNTAIN AVE,40.83519,-74.26453000000001,105|29,
17721,BLOOMFIELD AVE AT WHITE ROCK RD,40.83478,-74.26007000000001,105|29,
17722,ROSELAND AVE AT INWOOD RD#,40.82583,-74.28966000000001,71,West Caldwell
17723,ROSELAND AVE AT BELAIRE DR#,40.82437,-74.29105000000001,71,West Caldwell
17724,ROSELAND AVE AT RENSSELAER LANE#,40.82708,-74.28839,71,Newark
17725,ROSELAND AVE AT BOROUGH PL#,40.82955,-74.2848,71,Newark
17726,ROSELAND AVE AT PARK LANE#,40.83228,-74.28157,71,Newark
17727,ROSELAND AVE AT BOROUGH PL#,40.82964,-74.28492,71,West Caldwell
17728,ROSELAND AVE AT RUNNYMEDE RD#,40.83041,-74.28359,71,West Caldwell
17729,ROSELAND AVE AT LENFELL LANE#,40.8258,-74.28957000000001,71,Newark
17732,FAIRFIELD RD AT KULICK RD,40.87482000000001,-74.29779,71,Newark
17733,FAIRFIELD RD AT GLORIA LN,40.87593,-74.29622,71,Newark
17734,FAIRFIELD RD AT SPIELMAN RD,40.87743,-74.29416,71,Newark
17735,FAIRFIELD RD AT APPET CT,40.88036,-74.28879,71,Newark
17736,NEW DUTCH LANE AT KAPLAN DR,40.88248,-74.28178000000001,71,Newark
17737,NEW DUTCH LANE AT ELDERIDGE RD,40.88022,-74.27769,71,Newark
17738,PASSAIC AVE AT GREEN BROOK RD,40.87387,-74.27748000000001,71,Newark
17739,PASSAIC AVE 700' N OF FAIRFIELD AVE.,40.86904000000001,-74.28087000000001,71,Newark
17740,FAIRFIELD AVE AT LINCOLN DR,40.86738,-74.28258000000001,71,Newark
17746,US-46 at HORSENECK RD,40.87724,-74.29865000000001,874,Morristown
17747,US-46 AT HOLLYWOOD AVE,40.88195,-74.29105000000001,874,Morristown
17748,US-46 AT FAIRFIELD RD,40.88596,-74.28316000000001,874,Morristown
17749,US-46 at PASSAIC AVE,40.88991,-74.27329,874,Morristown
17750,US-46 at PASSAIC AVE,40.88985,-74.27451,874,Willowbrook Mall
17751,US-46 at FAIRFIELD RD,40.88631,-74.28327,874,Willowbrook Mall
17752,US-46 AT HOLLYWOOD AVE,40.88241,-74.29106,874,Willowbrook Mall
17754,BLOOMFIELD AVE 877' E OF MAPLE AVE.,40.80489,-74.20778,11|28|29,
17755,BLOOMFIELD AVE AT FREEMAN PKWY,40.80373,-74.20665000000001,11|28|29,
17756,BLOOMFIELD AVE AT RIDGEWOOD AVE,40.80088000000001,-74.20418000000001,11|28|29,
17757,BLOOMFIELD AVE AT HILLSIDE AVE,40.79934,-74.20218000000001,11|28|29,
17758,BLOOMFIELD AVE AT CLARK ST,40.79691,-74.20033000000001,11|28|29,
17759,BLOOMFIELD AVE AT PARK AVE,40.79903,-74.20166,11|28|29,
17760,BLOOMFIELD AVE AT HIGH ST,40.80008,-74.20283,11|28|29,
17761,BLOOMFIELD AVE AT RIDGEWOOD AVE,40.80108000000001,-74.2042,11|28|29,
17762,BLOOMFIELD AVE AT HIGHLAND AVE,40.80391,-74.20657,11|28|29,
17763,CHANCELLOR AVE AT 43RD ST,40.72193,-74.24975,39|90,Newark
17764,CHANCELLOR AVE 85' W OF KROTIK PL,40.71752,-74.24155,39|90,Newark
17766,CHANCELLOR AVE AT GREENE TERRACE,40.71424,-74.2343,26|39|90,Newark
17767,CHANCELLOR AVE AT CHESTNUT AVE,40.71431,-74.23238,26|39|90,Newark
17768,CHANCELLOR AVE AT COIT ST,40.71382000000001,-74.23013,26|39|90,Newark
17770,CHANCELLOR AVE AT CORDIER ST,40.71238,-74.22694,39,Irvington
17771,CHANCELLOR AVE AT COIT ST,40.71377,-74.22975000000001,39|90,Irvington
17772,CHANCELLOR AVE 150'E OF CAMPFIELD ST,40.71436000000001,-74.23381,26|39|90,Irvington
17773,CHANCELLOR AVE AT UNION AVE,40.71574,-74.23789000000001,26|39|90,Irvington
17774,CHANCELLOR AVE AT ESSEX ST,40.71729000000001,-74.24088,39|90,Irvington
17775,CHANCELLOR AVE AT PARK PL,40.71819,-74.24261,39|90,Irvington
17776,CHANCELLOR AVE AT STUYVESANT AVE,40.71923,-74.24452000000001,39|90,Irvington
17777,CHANCELLOR AVE AT 42ND ST,40.72191,-74.24947,39|90,Irvington
17779,CLINTON AVE AT SANFORD AVE,40.72948,-74.24048,107|37,New York
17780,CLINTON AVE AT SHERMAN PL,40.72914,-74.23804000000001,107|37,New York
17781,CLINTON AVE AT STUYVESANT AVE,40.7289,-74.23624000000001,107|37,New York
17782,CLINTON AVE AT CIVIC SQUARE,40.72863,-74.23402,107|37|94,
17783,CLINTON AVE AT NEW ST,40.72773,-74.23061000000001,107|37|94,
17784,CLINTON AVE AT HOWARD ST,40.72534,-74.22556,13|27|90,
17786,CLINTON AVE AT 21ST ST,40.72416,-74.22024,13|27,
17787,CLINTON AVE AT 20TH ST,40.72363,-74.21751,13|27,
17788,CLINTON AVE AT S 21ST ST,40.72417,-74.21950000000001,13|27,
17790,CLINTON AVE AT GROVE ST,40.72472,-74.22265,13|27,
17791,CLINTON AVE AT BRUEN AVE,40.72517000000001,-74.22465000000001,13|27|90,
17792,CLINTON AVE AT SHARON AVE,40.72558,-74.22583,13|27|90,
17793,CLINTON AVE AT ORANGE AVE,40.72824000000001,-74.23137000000001,107|37|94,
17794,CLINTON AVE AT CIVIC SQUARE,40.72876,-74.23419000000001,107|37|94,
17795,CLINTON AVE AT STUYVESANT AVE,40.72898,-74.23589000000001,107|37|94,
17796,CLINTON AVE AT HILLSIDE TERRACE,40.72926,-74.23822000000001,107|37,Irvington
17797,CLINTON AVE AT SANFORD AVE,40.72951,-74.24007,107|37,Irvington
17798,CLINTON AVE AT ELLERY AVE,40.72987000000001,-74.24244,107|37,Irvington
17799,CLINTON AVE AT FLORENCE AVE,40.73051,-74.24386000000001,107|37,Irvington
17800,COIT ST AT ENS PL,40.71111000000001,-74.23149000000001,26,Irvington
17801,COIT ST 180'S OF CHANCELLOR AVE,40.71321,-74.23027,26,Irvington
17802,COIT ST AT MELVILLE PL,40.71501000000001,-74.22890000000001,13|96,Clinton Avenue
17803,COIT ST AT RENEE PL,40.71255,-74.23077,26,Elizabeth
17804,COIT ST AT ENS PL,40.71087,-74.23177000000001,26,Elizabeth
17805,CORDIER ST AT LYONS AVE,40.71525,-74.22483000000001,13|90,Broad Street
17806,CORDIER ST 205'S OF LYONS AVE,40.7149,-74.22533,90,
17807,EASTERN PKWY AT NORTH MAPLE AVE,40.72927000000001,-74.22330000000001,107,New York
17808,EASTERN PKWY AT BERKLEY TERRACE,40.73220000000001,-74.22103000000001,107,New York
17809,EASTERN PKWY AT ARGYLE TERRACE,40.7334,-74.22021000000001,107,New York
17810,EASTERN PKWY AT 18TH AVE,40.73571,-74.21864000000001,107,New York
17811,EASTERN PKWY AT GROVE TERRACE,40.73837,-74.21684,107,New York
17812,EASTERN PKWY AT 15TH AVE,40.74121,-74.21488000000001,107,New York
17818,GROVE ST AT OLSON PL,40.71848000000001,-74.22679000000001,107|37|90,Irvington
17819,GROVE ST AT HERPERS ST,40.72093,-74.2252,107|37|90,Irvington
17820,GROVE ST AT NYE AVE,40.72253000000001,-74.22417,107|37|90,Irvington
17821,GROVE ST AT CLINTON AVE,40.72448,-74.22289,107|37|90,Irvington
17823,GROVE ST AT BERKELEY TERRACE,40.7312,-74.21854,90,
17824,GROVE ST AT 19TH AVE,40.73338,-74.21697,90,
17825,GROVE ST AT 18TH AVE,40.73464000000001,-74.21609000000001,90,
17826,GROVE ST AT 17TH AVE,40.73614000000001,-74.21503000000001,1|90,
17827,GROVE ST AT 16TH AVE,40.7381,-74.21390000000001,1|90,
17828,GROVE ST AT 15TH AVE,40.73981000000001,-74.21289,90,
17829,GROVE ST AT 14TH AVE,40.74139,-74.21198000000001,90,
17830,GROVE ST AT 14TH AVE,40.74163,-74.21194000000001,90,
17831,GROVE ST AT 15TH AVE,40.74007,-74.21286,90,
17832,GROVE ST AT 16TH AVE,40.7383,-74.21387,90,
17833,GROVE ST AT ARVERNE TERRACE,40.73758,-74.21429,1,
17834,GROVE ST AT TICHENOR TERRACE,40.73607000000001,-74.21516000000001,1|90,
17835,GROVE ST AT BRECKENRIDGE TERRACE,40.73514,-74.21581,1|90,
17836,GROVE ST AT 19TH AVE,40.73370000000001,-74.21686000000001,90,
17837,GROVE ST AT BERKELEY TERRACE,40.7314,-74.21849,90,
17838,GROVE ST 100' N OF SPRINGFIELD AVE.,40.72931000000001,-74.21999000000001,90,
17839,GROVE ST AT CLINTON AVE,40.72481000000001,-74.22285000000001,107|37,New York
17840,GROVE ST AT NYE AVE,40.72275,-74.22413,107|37|90,New York
17841,GROVE ST AT HERPERS ST,40.72115,-74.22518000000001,107|37|90,New York
17842,GROVE ST AT OLSON PL,40.71865,-74.22678,107|37|90,New York
17843-..,IRVINGTON BUS TERMINAL,40.72663,-74.22710000000001,13,Clinton Avenue
17843-B,IRVINGTON BUS TERMINAL,40.72663,-74.22710000000001,13|37|90,Broad Street
17844,LYONS AVE AT COIT ST,40.71713,-74.2269,107|37|90,New York
17845,LYONS AVE AT CORDIER ST,40.71555,-74.22476,107|37,New York
17846,LYONS AVE 100'E OF CORDIER ST,40.71530000000001,-74.22419000000001,107|13|37|96,Irvington
17847,LYONS AVE AT COIT ST,40.71707000000001,-74.22658000000001,107|37|90,Irvington
17853,NEW ST AT SPRINGFIELD AVE,40.72601,-74.23039,26,Irvington
17854,NEW ST AT SPRINGFIELD AVE,40.72646,-74.23049,94,
17855,NEW ST AT SPRINGFIELD AVE,40.7263,-74.23059,26|94,
17857,NORTH MAPLE AVE AT SPRINGFIELD AVE,40.72805,-74.22203,107,Irvington
17858,NYE AVE AT LINCOLN PL,40.72515000000001,-74.23373000000001,94,
17859,NYE AVE 50' W OF NEW ST,40.72523,-74.23048,94,
17861,SPRINGFIELD AVE AT PROSPECT (43RD ST),40.72364,-74.24810000000001,25|375|70,
17862,SPRINGFIELD AVE AT 38TH ST,40.72417,-74.24419,25|375|70,
17863,SPRINGFIELD AVE AT SANFORD AVE,40.72446,-74.24203,25|375|70,
17864,SPRINGFIELD AVE AT LYONS AVE,40.72476,-74.2398,25|375|70,
17865,SPRINGFIELD AVE AT STUYVESANT AVE,40.72513,-74.23707,25|375|70,
17866,SPRINGFIELD AVE AT LINCOLN PL,40.72561,-74.23369000000001,25|375|70,
17867,SPRINGFIELD AVE AT NEW ST,40.72607,-74.23061000000001,25|375|70,
17868,SPRINGFIELD AVE AT UNION AVE,40.72629000000001,-74.22906,25|26|375|70,
17869-..,IRVINGTON BUS TERMINAL,40.7266,-74.22741,25,
17869-E,IRVINGTON BUS TERMINAL,40.7266,-74.22741,25|375|70,
17871,SPRINGFIELD AVE AT MAPLE AVE,40.72782,-74.22205000000001,107|25|37|375|70|90|go25,
17873,SPRINGFIELD AVE AT HARRISON PL,40.72844000000001,-74.2193,25|375|70,
17874,SPRINGFIELD AVE AT ELLIS AVE,40.72881,-74.21765,25|375|70,
17877,SPRINGFIELD AVE 290'E OF GROVE ST,40.72862000000001,-74.21919000000001,25|375|70,
17878,SPRINGFIELD AVE AT MAPLE AVE,40.72804,-74.22177,107|25|37|375|70|90|go25,
17880,SPRINGFIELD AVE AT MYRTLE AVE,40.72665000000001,-74.22788,25|375|70,
17881,SPRINGFIELD AVE AT NEW ST,40.72627000000001,-74.23032,25|375|70,
17882,SPRINGFIELD AVE AT CIVIC SQUARE,40.72582000000001,-74.23335,25|375|70|94,
17884,SPRINGFIELD AVE AT ELMWOOD AVE,40.72508000000001,-74.2386,25|375|70,
17885,SPRINGFIELD AVE AT SANFORD AVE,40.72466,-74.24169,25|375|70,
17886,SPRINGFIELD AVE AT FLORENCE AVE,40.72429,-74.24448000000001,25|375|70,
17888,SPRINGFIELD AVE AT FREDERICK (43RD ST),40.72383000000001,-74.24782,25|375|70,
17889,STUYVESANT AVE AT BEECHWOOD PL,40.71379,-74.25449,94,
17891,STUYVESANT AVE AT MILL RD,40.71477,-74.24992,39|94,
17892,STUYVESANT AVE AT HARPER AVE,40.71596,-74.24875,39|94,
17893,STUYVESANT AVE AT SUNSET TERRACE,40.7177,-74.24677000000001,39|94,
17894,STUYVESANT AVE AT CHANCELLOR AVE,40.71918,-74.24485,39|94,
17895,STUYVESANT AVE AT PROSPECT AVE,40.72028,-74.24311,94,
17896,STUYVESANT AVE AT YALE AVE,40.72191,-74.24078,94,
17897,STUYVESANT AVE AT LYONS AVE,40.72357,-74.23840000000001,94,
17898,STUYVESANT AVE AT NYE AVE,40.72503,-74.2368,94,
17899,STUYVESANT AVE AT LIBERTY ST,40.7319,-74.2351,94,
17900,STUYVESANT AVE AT MADISON AVE,40.73377,-74.23433,94,
17901,STUYVESANT AVE AT COTTAGE PL,40.7332,-74.23483,94,
17902,STUYVESANT AVE 100' N OF CLINTON AVE,40.72931000000001,-74.23602000000001,94,
17903,STUYVESANT AVE AT SPRINGFIELD AVE,40.72487,-74.23711,94,
17904,STUYVESANT AVE AT LYONS AVE,40.72389,-74.23811,94,
17905,STUYVESANT AVE AT WAGNER AVE,40.72128,-74.24181,94,
17906,STUYVESANT AVE AT PROSPECT AVE,40.72062,-74.24278000000001,94,
17907,STUYVESANT AVE AT CHANCELLOR AVE,40.71944000000001,-74.24461000000001,94,
17908,STUYVESANT AVE AT HARDING TERRACE,40.71777,-74.24683,39|94,
17909,STUYVESANT AVE AT HARPER AVE,40.71619,-74.24866,39|94,
17910,STUYVESANT AVE 87'N OF MILL RD,40.71453,-74.25030000000001,39|94,
17911,STUYVESANT AVE AT 40TH ST,40.71469,-74.25314,94,
17912,STUYVESANT AVE AT BERKELEY ST,40.71356,-74.25506,94,
17913,UNION AVE AT CAMPFIELD ST,40.71753,-74.23627,26,Irvington
17914,UNION AVE AT CLEREMONT AVE,40.71818,-74.23572,26,Irvington
17915,UNION AVE 75' S OF G.S. PKWY EXIT RAMP,40.72115,-74.2338,26,Irvington
17916,UNION AVE AT G.S. PKWY EXIT RAMP,40.72336000000001,-74.23197,26,Elizabeth
17917,UNION AVE AT LYONS AVE,40.72207,-74.23329000000001,26,Elizabeth
17918,UNION AVE AT YALE AVE,40.7182,-74.23584000000001,26,Elizabeth
17920,WESTERN PKWY AT 18TH AVE,40.73653,-74.21893,107,Irvington
17921,WESTERN PKWY AT DELMAR PL,40.73377,-74.22080000000001,107,Irvington
17922,WESTERN PKWY AT WOODLAWN PL,40.73219,-74.22187000000001,107,Irvington
17923,16TH AVE AT 22ND ST,40.73797,-74.21309000000001,1,
17924,16TH AVE AT 22ND ST,40.73813000000001,-74.2133,1,
17925,18TH AVE AT VERMONT AVE,40.73803,-74.22363,1|361,
17926,18TH AVE AT COLUMBIA AVE,40.73744000000001,-74.22198,1|361,
17927,18TH AVE AT MYRTLE AVE,40.73663000000001,-74.21976000000001,1|361,
17928,18TH AVE AT EASTERN PKWY,40.73561,-74.21825000000001,1|361,
17929,18TH AVE AT GROVE ST,40.73477,-74.21619000000001,361,Ivy Hill Express
17930,18TH AVE AT 22ND ST,40.73413,-74.21456,361,Ivy Hill Express
17931,18TH AVE AT 22ND ST,40.73425,-74.21455,361,Newark
17932,18TH AVE AT GROVE ST,40.73476,-74.21579000000001,361,Newark
17933,18TH AVE AT EASTERN PKWY,40.73576000000001,-74.21829000000001,1|361,
17934,18TH AVE AT MYRTLE AVE,40.73679000000001,-74.21984,1|361,
17935,18TH AVE AT COLUMBIA AVE,40.73746000000001,-74.22176,1|361,
17936,18TH AVE AT VERMONT AVE,40.73806,-74.22340000000001,1|361,
17937,SOUTH 20TH ST AT BEVERLY ST,40.72269,-74.21794000000001,27,
17938,SOUTH 20TH ST 75' N OF HAWTHORNE AVE,40.72178,-74.21868,27,
17939,40TH ST AT STUYVESANT AVE,40.71552000000001,-74.25227000000001,39,Irvington
17940,40TH ST AT LENTZ PLACE,40.71725,-74.25092000000001,39,Newark
17941,40TH ST 200' S OF HARDING TER,40.71866,-74.24959000000001,39,Irvington
17942,40TH ST AT HARDING TERR,40.71918,-74.24928000000001,39,Newark
17943,MADISON AVE AT EASTERN PKWY#,40.72925,-74.22288,107,Irvington
17948,CHANCELLOR AVE AT 40TH ST#,40.72096000000001,-74.2479,90,
17950,CHANCELLOR AVE AT PARK PL#,40.71822,-74.24299,90,
17953,UNION AVE AT WEST STRATFORD PL#,40.72346,-74.23171,26,Irvington
18025,E MT PLEASANT AVE AT SHREWSBURY DRIVE,40.79693,-74.29769,71,West Caldwell
18028,E MT PLEASANT AVE AT SHREWSBURY DRIVE,40.79694000000001,-74.2972,71,Newark
18048,CHANCELLOR AVE AT SPRINGFIELD AVE,40.72308,-74.25157,39|90,Irvington
18049,IRVINGTON AVE AT HILLCREST RD,40.73216,-74.24435000000001,107|37,Irvington
18052,IRVINGTON AVE AT UNION AVE,40.73664,-74.25122,107,New York
18053,IRVINGTON AVE 200' N OF MANOR DR.,40.7346,-74.24939,107,New York
18055,IRVINGTON AVE AT ELSMAN TERRACE,40.73367,-74.24602,107|37,New York
18057,MILLBURN AVE AT MANLEY TERRACE,40.72038000000001,-74.27854,25|375|70,
18058,MILLBURN AVE AT VALLEY ST,40.72194,-74.28168000000001,25|375|70,
18059,MILLBURN AVE AT CYPRESS ST,40.72279,-74.28526000000001,70,Newark
18060,MILLBURN AVE AT CYPRESS ST,40.72247,-74.28496000000001,25|375,
18061,MILLBURN AVE AT CYPRESS ST,40.72256,-74.28484,70,Livingston Mall
18062,MILLBURN AVE AT RAYMOND TERRACE,40.72166,-74.28137000000001,25|375|70,
18063,MILLBURN AVE AT MILDRED TERRACE,40.72078,-74.27966,25|375|70,
18064,MILLBURN AVE AT SPRINGFIELD AVE,40.7197,-74.27738000000001,25|375|70,
18065,SPRINGFIELD AVE 187' E OF LAUREL AVE.,40.71987,-74.27505000000001,25|375|70,
18066,SPRINGFIELD AVE AT INDIANA ST,40.72025,-74.27254,25|375|70,
18067,SPRINGFIELD AVE AT PRINCETON ST,40.72093,-74.26776000000001,25|375|70,
18068,SPRINGFIELD AVE AT TUSCAN ST,40.72171,-74.26212000000001,25|375|70,
18069,SPRINGFIELD AVE AT BURNETT AVE,40.72224000000001,-74.25834,25|375|70,
18070,SPRINGFIELD AVE AT BOYDEN AVE,40.72275,-74.25472,25|375|70,
18071,HILTON GARAGE TIME POINT,40.72324,-74.25124000000001,25|375|70,
18072,HILTON GARAGE TIME POINT,40.72338000000001,-74.25095,25|375|70,
18073,SPRINGFIELD AVE AT BOYDEN AVE,40.72298000000001,-74.25384000000001,25|375|70,
18074,SPRINGFIELD AVE AT VERMONT ST,40.72219,-74.25956000000001,25|375|70,
18075,SPRINGFIELD AVE AT RUTGERS ST,40.72134,-74.26577,25|375|70,
18076,SPRINGFIELD AVE AT PARK AVE,40.7206,-74.27108000000001,25|375|70,
18077,SPRINGFIELD AVE AT BROADVIEW AVE,40.72003,-74.27481,25|375|70,
18106,MILLBURN AVE AT WYOMING AVE,40.72303,-74.29802000000001,70,Livingston Mall
18107,MILLBURN AVE AT MYRTLE AVE,40.72211,-74.29472000000001,70,Livingston Mall
18108,MILLBURN AVE AT VAUXHALL RD,40.72168000000001,-74.29038,70,Livingston Mall
18109,MILLBURN AVE AT NORWOOD TER,40.72257,-74.28751000000001,70,Livingston Mall
18110,MILLBURN AVE AT NORWOOD TER,40.72263,-74.2877,70,Newark
18111,MILLBURN AVE AT VAUXHALL RD,40.72178,-74.29065,70,Newark
18112,MILLBURN AVE AT MYRTLE AVE,40.72246000000001,-74.29565000000001,70,Newark
18113,MILLBURN AVE AT WYOMING AVE,40.72320000000001,-74.29814,70,Newark
18118,BLOOMFIELD AVE AT LLOYD RD,40.82171,-74.22584,11|29,
18119,BLOOMFIELD AVE AT ST. LUKE'S PL,40.81858,-74.22369,11|29,
18120,BLOOMFIELD AVE AT VALLEY RD,40.81675000000001,-74.22139,11|29|97,
18121,BLOOMFIELD AVE AT PARK ST,40.81517,-74.21933,11|29|34,
18122,BLOOMFIELD AVE AT CHURCH ST,40.81411000000001,-74.21798000000001,11|28|29|34,
18124,BLOOMFIELD AVE AT GATES AVE,40.81105,-74.21411,11|28|29|34,
18125,BLOOMFIELD AVE AT HARTLEY ST,40.80857,-74.21158000000001,11|28|29,
18126,BLOOMFIELD AVE AT MAPLE AVE,40.80722,-74.2102,11|28|29,
18127,BLOOMFIELD AVE AT PINE ST,40.80705,-74.20977,11|28|29,
18128,BLOOMFIELD AVE AT HARTLEY ST,40.80877,-74.21154,11|28|29,
18129,BLOOMFIELD AVE AT LACKAWANNA PLAZA,40.81095000000001,-74.21376000000001,11|28|29|34,
18130,BLOOMFIELD AVE AT NORTH WILLOW ST,40.8122,-74.21522,11|28|29|34,
18131,BLOOMFIELD AVE AT N FULLERTON AVE,40.81362,-74.21707,11|28|29|34,
18132,BLOOMFIELD AVE AT MAPLE PL,40.81566,-74.21968000000001,11|29,
18133,BLOOMFIELD AVE AT VALLEY RD,40.81661,-74.22092,11|29|97,
18134,BLOOMFIELD AVE AT BELL ST,40.81773,-74.22235,11|29,
18135,BLOOMFIELD AVE AT NORTH MOUNTAIN AVE,40.81961,-74.22460000000001,11|29,
18136,ORANGE RD WEST AT CEDAR AVE,40.79822,-74.21942,34,
18137,ORANGE RD AT WASHINGTON AVE,40.79727,-74.21886,34,
18138,PARK ST AT BLOOMFIELD AVE,40.81578,-74.21834000000001,101|28|34|97,
18139,BELLEVUE PLAZA AT BELLEVUE AVE,40.84148,-74.2091,101|28,
18140,BELLEVUE PLAZA AT BELLEVUE AVE,40.84132,-74.20868,101|28,
18141,MONTCLAIR STATE UNIVERSITY,40.85968,-74.20067,191|28|705,
18142,VALLEY RD AT NORMAL AVE,40.85666000000001,-74.19827000000001,101|28|705,
18146,HARRISON AVE AT WARMAN ST,40.79726,-74.22711000000001,101|97,East Orange
18147,HARRISON AVE AT VIRGINIA AVE,40.79599,-74.22784,101|97,Montclair
18148,HARRISON AVE AT CHARLES ST,40.7985,-74.22639000000001,101|97,Montclair
18149,HARRISON AVE AT CEDAR AVE,40.79993,-74.22583,101|97,Montclair
18151,HARRISON AVE AT LLEWELLYN RD,40.80336,-74.2249,101|97,Montclair
18152,HARRISON AVE AT WARREN PL,40.80499,-74.22453,101|97,Montclair
18153,HARRISON AVE AT GATES AVE,40.80708000000001,-74.22401,101|97,Montclair
18156,ORANGE RD AT CHURCH ST#,40.8147,-74.2228,97,Montclair
18160,MT. HEBRON RD AT PARK ST#,40.85267,-74.19573000000001,705,Willowbrook Mall
18161,ALEXANDER AVE AT SQUIRE HILL RD#,40.84743,-74.18683,705,Willowbrook Mall
18162,ALEXANDER AVE AT SKYTOP TERRACE#,40.84733000000001,-74.18627000000001,705,Passaic
18163,ALEXANDER AVE AT GROVE ST#,40.85026000000001,-74.19407000000001,705,Passaic
18164,MT. HEBRON RD AT PARK ST#,40.85266,-74.19553,705,Passaic
18165,VALLEY RD AT MT HEBRON RD#,40.85359,-74.20028,101|28|705,
18169,ORANGE RD AT CANTERBURY DR,40.79302000000001,-74.21861000000001,34,
18170,ORANGE RD AT LINDEN AVE,40.79537000000001,-74.21851000000001,34,
18171,ORANGE RD AT DRAPER TERRACE,40.80070000000001,-74.21865000000001,34,
18173,ELM ST AT LINCOLN ST,40.80369,-74.21867,34,
18175,ELM ST AT ELMWOOD AVE,40.80735000000001,-74.21553,34,
18176,ELM ST AT WASHINGTON ST,40.80891,-74.21407,34,
18177,ELM ST AT UNION ST,40.80917,-74.21402,34,
18178,ELM ST AT HAWTHORNE PL,40.80744000000001,-74.21569000000001,34,
18180,ELM ST AT LLEWELLYN ST,40.80311,-74.21936000000001,34,
18182,ORANGE RD AT CAREY CT,40.80038,-74.21887000000001,34,
18184,ORANGE RD AT HITCHCOCK PL,40.79338000000001,-74.21866,34,
18189,PARK ST AT WALNUT ST#,40.81938,-74.21493000000001,101|28,
18190,PARK ST AT JAMES ST,40.82124,-74.21338,101|28,
18191,PARK ST AT CHESTNUT ST#,40.82237000000001,-74.21239,101|28,
18192,PARK ST AT ESSEX WAY#,40.82559000000001,-74.20967,101|28,
18193,PARK ST AT WATCHUNG AVE#,40.82976,-74.20711,101|28,
18197,VALLEY RD AT COOPER AVE#,40.83942,-74.20759000000001,101|28,
18199,VALLEY RD AT INWOOD AVE#,40.84392,-74.20742,101|28,
18205,NORMAL AVE AT VALLEY RD#,40.85759,-74.20003000000001,191|28|705,
18206,VALLEY RD AT MT HEBRON RD#,40.85382000000001,-74.20029000000001,101|28,
18210,VALLEY RD AT JEROME PL#,40.8444,-74.20728000000001,101|28,
18212,VALLEY RD AT UPPER MONTCLAIR PLAZA#,40.83948,-74.20779,101|28,
18217,PARK ST AT WATCHUNG AVE#,40.82996,-74.20731,101|28,
18218,PARK ST AT ESSEX WAY#,40.82562,-74.20987000000001,101|28,
18219,PARK ST AT CHESTNUT ST#,40.82235,-74.21256000000001,101|28,
18221,PARK ST AT WALNUT ST#,40.81892000000001,-74.21553,101|28,
18223,BLOOMFIELD AVE AT PARK ST,40.81592000000001,-74.21835,101|28,
18224,NORMAL AVE AT UPPER MOUNTAIN AVE,40.85779,-74.20161,191|28|705,
18226,CHESTNUT ST AT PARK ST,40.8226,-74.21342,34,
18227,ORANGE RD 338'S OF BLOOMFIELD AVE,40.81693000000001,-74.22278,97,East Orange
18228,ORANGE RD AT HILLSIDE AVE#,40.81495,-74.22294000000001,97,East Orange
18229,ORANGE RD AT PLYMOUTH ST#,40.81252000000001,-74.22288,101|97,East Orange
18230,HARRISON AVE AT PORTER PL,40.80952000000001,-74.22335000000001,101|97,East Orange
18231,HARRISON AVE AT GATES AVE,40.80727,-74.2241,101|97,East Orange
18232,HARRISON AVE AT WARREN PL,40.80485,-74.22471,101|97,East Orange
18238,AVON AVE AT SOUTH 19TH ST,40.72841,-74.21415,70,Livingston Mall
18239,AVON AVE AT SOUTH 16TH ST,40.72784,-74.21142,70,Livingston Mall
18240,AVON AVE AT SOUTH 13TH ST,40.72718,-74.20834,70,Livingston Mall
18241,AVON AVE AT SOUTH 11TH ST,40.72688,-74.20695,70,Livingston Mall
18242,AVON AVE AT SOUTH 10TH ST,40.72655,-74.20541,70,Livingston Mall
18243,AVON AVE AT TREACY AVE,40.72591000000001,-74.20242,70,Livingston Mall
18244,AVON AVE AT BERGEN ST,40.72514,-74.19883,70,Livingston Mall
18245,AVON AVE AT JELIFF AVE,40.72451,-74.19592,70|99,
18246,AVON AVE AT IRVINE TURNER BLVD,40.72387000000001,-74.19291000000001,70,Livingston Mall
18247,AVON AVE AT IRVINE TURNER BLVD,40.72407,-74.19315,70,Newark
18248,AVON AVE AT JELIFF AVE,40.7246,-74.19559000000001,70|99,
18249,AVON AVE AT BERGEN ST,40.72531,-74.19901,70,Newark
18250,AVON AVE AT CHADWICK AVE,40.72553000000001,-74.20004,70,Newark
18251,AVON AVE AT TREACY AVE,40.72604,-74.20258000000001,70,Newark
18252,AVON AVE AT SOUTH 10TH ST,40.7267,-74.20554,70,Newark
18253,AVON AVE AT SOUTH 13TH ST,40.72733,-74.20847,70,Newark
18254,AVON AVE AT SOUTH 16TH ST,40.72790000000001,-74.21117000000001,70,Newark
18255,AVON AVE AT SOUTH 19TH ST,40.72848,-74.21387,70,Newark
18256,BERGEN ST AT LYONS AVE,40.70752,-74.2085,39|99,Newark
18257,BERGEN ST AT MAPES AVE,40.70921000000001,-74.20712,39|99,Newark
18258,BERGEN ST AT RENNER AVE,40.71107000000001,-74.20561000000001,39|99,Newark
18259,BERGEN ST AT WATSON AVE,40.71371000000001,-74.20357,39|99,Newark
18260,BERGEN ST AT HAWTHORNE AVE,40.71578,-74.20254,39|99,Newark
18261,BERGEN ST AT WEST RUNYON ST,40.71713,-74.20186000000001,39|99,Newark
18262,BERGEN ST AT WEST BIGELOW ST,40.7193,-74.20103,39|99,Newark
18264,BERGEN ST AT MADISON AVE,40.72319,-74.19940000000001,99,
18265,BERGEN ST AT AVON AVE,40.72505,-74.19863000000001,99,
18266,BERGEN ST AT 12TH AVE,40.74159,-74.19168,99,
18267,BERGEN ST 85' S OF WEST MARKET ST,40.74497,-74.19014,34|99,
18268,BERGEN ST AT 12TH AVE,40.74237,-74.19151000000001,99,
18269,BERGEN ST 1200' N OF SOUTH ORANGE AVE.,40.74119,-74.19212,99,
18271,BERGEN ST AT MADISON AVE,40.72301,-74.19965,99,
18272,BERGEN ST AT CLINTON AVE,40.72159000000001,-74.20023,99,
18273,BERGEN ST AT WEST BIGELOW ST,40.71953000000001,-74.20108,99,
18274,BERGEN ST AT WEST RUNYON ST,40.71748,-74.20193,39|99,Irvington
18275,BERGEN ST AT HAWTHORNE AVE,40.71607,-74.20251,39|99,Irvington
18277,BERGEN ST AT SCHEERER AVE,40.71069000000001,-74.20612000000001,39|99,Irvington
18278,BERGEN ST AT LEHIGH AVE,40.70851,-74.20790000000001,39|99,Irvington
18279,BLOOMFIELD AVE AT NORTH 13TH ST,40.77422000000001,-74.18604,11|28|29|72,
18280,BLOOMFIELD AVE AT NORTH 12TH ST,40.77329,-74.18535,11|28|29|72|go28,
18281,BLOOMFIELD AVE AT NORTH 10TH ST,40.77162000000001,-74.1842,11|28|29|72,
18282,BLOOMFIELD AVE AT ROSEVILLE AVE,40.77055,-74.18349,11|28|29|72,
18283,BLOOMFIELD AVE AT NORTH 7TH ST,40.76891000000001,-74.18237,11|28|29|72,
18286,BLOOMFIELD AVE AT LAKE ST,40.76276,-74.17819,11|28|29|72,
18287,BLOOMFIELD AVE AT PARKER ST,40.761,-74.177,11|28|29|72,
18288,BLOOMFIELD AVE AT CLIFTON AVE,40.75939,-74.17588,11|28|29|72|go28,
18289,BLOOMFIELD AVE AT GARSIDE ST,40.75748,-74.17461,11|27|28|29|72,
18290,BLOOMFIELD AVE AT SUMMER AVE,40.75565,-74.17292,11|27|28|29|72|go28,
18291,BLOOMFIELD AVE AT WEBSTER ST,40.75422,-74.17159000000001,11|27|28|29|72,
18292,BLOOMFIELD AVE AT ROWLAND ST,40.75454000000001,-74.17159000000001,11|27|28|29|72,
18294,BLOOMFIELD AVE AT GARSIDE ST,40.75747,-74.17432000000001,11|27|28|29|72,
18295,BLOOMFIELD AVE AT MT PROSPECT AVE,40.75841,-74.17499000000001,27,
18296,BLOOMFIELD AVE AT CLIFTON AVE,40.75924000000001,-74.17555,11|28|29|72,
18297,BLOOMFIELD AVE AT PARKER ST,40.76138,-74.17696000000001,11|28|29|72,
18298,BLOOMFIELD AVE AT LAKE ST,40.76240000000001,-74.17766,11|28|29|72,
18300,BLOOMFIELD AVE AT 4TH ST,40.76683000000001,-74.18068000000001,11|28|29|72,
18301,BLOOMFIELD AVE AT NORTH 6TH ST,40.76895,-74.18208,11|28|29|72,
18302,BLOOMFIELD AVE AT NORTH 8TH ST,40.77033,-74.18304,11|28|29|72,
18303,BLOOMFIELD AVE AT NORTH 10TH ST,40.77209000000001,-74.18425,11|28|29|72,
18305,BLOOMFIELD PL AT BROADWAY,40.75340000000001,-74.17043000000001,11|13|27|28|29|72,Broad Street
18310,BREWSTER RD 250'N OF CONRAD RD SOUTH,40.70795,-74.17029000000001,37|go28,
18311,BREWSTER RD AT BLDG 95,40.70567,-74.17830000000001,37|go28,
18312,NORTH AREA - BREWSTER ROAD,40.70761,-74.16013000000001,37|go28,
18313,BREWSTER RD 100'S OF AIRIS DR,40.70784,-74.16367000000001,107|37|go28,
18315,BREWSTER RD AT CONRAD RD NORTH,40.70803,-74.17179,107|37|go28,
18316,BREWSTER RD AT BLDG 95,40.70589,-74.17805000000001,107|37|go28,
18317,BROAD ST AT EMMET ST,40.72049000000001,-74.18096000000001,319|62|67,Elizabeth
18318,BROAD ST AT MURRAY ST,40.72177000000001,-74.1802,24|62,Elizabeth
18319,BROAD ST AT PARKHURST ST,40.72308,-74.17941,24|62,Elizabeth
18320,BROAD ST AT SOUTH ST,40.72436,-74.17865,24|62,Elizabeth
18323,BROAD ST AT EAST KINNEY ST,40.72859,-74.17602000000001,13|24|27|30|39|40|41|59|62|66,Broad Street
18324,BROAD ST AT WALNUT ST,40.73052000000001,-74.17489,13|24|27|30|319|39|40|41|59|62|66|67|go28,Broad Street
18325,CITY HALL,40.73408000000001,-74.17278,13|24|27|30|319|39|40|41|59|62|66|67,Broad Street
18326-..,BROAD ST AT BRANFORD PL/EDISON PL,40.73461,-74.17249000000001,319|41|59|66|67,Newark
18326-Broad_Edison_NB,BROAD ST AT BRANFORD PL/EDISON PL,40.73461,-74.17249000000001,,
18327-..,BROAD ST AT MARKET ST,40.73540000000001,-74.17207,13|24|27|30|39|40|62|go28,Broad Street
18327-Broad_Market_NB,BROAD ST AT MARKET ST,40.73540000000001,-74.17207,,
18328,BROAD ST AT CLINTON ST,40.73646,-74.17142000000001,319|41|59|62|66|67,Elizabeth
18329,BROAD ST AT CEDAR ST,40.73824,-74.17049,378|78|go28,
18330,BROAD ST AT PRUDENTIAL DR,40.73857,-74.17031,13|27|30|76,Broad Street
18331,BROAD ST AT NEW ST,40.74005,-74.16949000000001,13|27|30|378|76|78,Broad Street
18332,BROAD ST AT LOMBARDY ST,40.74368,-74.16940000000001,13|27|30|378|76|78|go28,Broad Street
18333-..,BROAD ST ACROSS FROM NJT STATION,40.74729000000001,-74.17042000000001,11|13|27|28|29|30|378|72|76|78|go28,Broad Street
18333-Across_Broad,BROAD ST ACROSS FROM NJT STATION,40.74729000000001,-74.17042000000001,,
18333-Univ_St,BROAD ST ACROSS FROM NJT STATION,40.74729000000001,-74.17042000000001,,
18334,BROAD ST AT 8TH AVE,40.74907,-74.17020000000001,76,Newark
18335,BROAD ST AT CLAY ST,40.75040000000001,-74.16969,13|27|76,Broad Street
18336,BROAD ST 275' S OF CLARK ST,40.75166,-74.16953000000001,11|28|29|72,
18337,BROAD ST AT 8TH AVE,40.74897,-74.17045,11|13|27|28|29|72|76,Clinton Avenue
18338-..,BROAD ST AT LACKAWANNA AVE,40.7471,-74.17057000000001,11|13|27|28|29|30|41|go28,Clinton Avenue
18338-Broad_St,BROAD ST AT LACKAWANNA AVE,40.7471,-74.17057000000001,,
18338-Univ_St,BROAD ST AT LACKAWANNA AVE,40.7471,-74.17057000000001,,
18339,BROAD ST AT H TUBMAN SQ,40.74361,-74.16965,24|59|go28,
18340,BROAD ST AT LOMBARDY ST,40.74307,-74.1695,11|13|27|28|29|30|41,Clinton Avenue
18341,BROAD ST AT CENTRAL AVE,40.74160000000001,-74.16921,24|59,Plainfield
18342,BROAD ST AT NEW ST,40.73994,-74.16982,11|13|24|27|28|29|30|41,Clinton Avenue
18344,BROAD ST AT CEDAR ST,40.73807,-74.17079000000001,13|27|30|go28,Clinton Avenue
18345,BROAD ST AT RAYMOND BLVD,40.73761,-74.17108,11|28|29|41,
18346,BROAD ST AT ACADEMY ST,40.73713,-74.17138,24|59|62|65|66,Newark
18347,BROAD ST AT BANK ST,40.73614000000001,-74.17192,67,
18348-..,BROAD ST AT MARKET ST,40.73576000000001,-74.17216,13|24|27|30|39|62|go28,Clinton Avenue
18348-Broad_Market_SB,BROAD ST AT MARKET ST,40.73576000000001,-74.17216,,
18349-..,BROAD ST AT BRANFORD PL/EDISON PL,40.73498,-74.17264,40|41|59|65|66|70,Plainfield
18349-Broad_Branford_SB,BROAD ST AT BRANFORD PL/EDISON PL,40.73498,-74.17264,,
18350,BROAD ST AT WILLIAM ST,40.73328,-74.17361000000001,11|13|24|27|28|29|30|39|41,Clinton Avenue
18351,BROAD ST AT HILL ST,40.73172,-74.17452,11|24|28|29|40|41|70,
18352,BROAD ST AT COURT ST,40.73089,-74.17503,13|27|30|39|59|62|65|66|67|go28,Clinton Avenue
18353,BROAD ST AT WEST KINNEY ST,40.72892,-74.17616000000001,13|24|27|30|39|40|62|70,Clinton Avenue
18354,BROAD ST AT LINCOLN PARK,40.72770000000001,-74.17686,13|24|27|30|39|41|59|65|66|70,Clinton Avenue
18355,BROAD ST AT CAMP STREET,40.72668,-74.17750000000001,40|62|go28,Newark
18356,BROAD ST AT PENNINGTON ST,40.72600000000001,-74.17791000000001,24|67,
18357,BROAD ST AT SOUTH ST,40.72431,-74.17893000000001,62|67,Newark
18358,BROAD ST AT PARKHURST ST,40.72334,-74.1795,24|62|67,Newark
18359,BROAD ST AT MURRAY ST,40.72205,-74.18027000000001,24|62|67,Newark
18360,BROAD ST AT WRIGHT ST,40.72008,-74.18146,24|62|67,Newark
18361,BROAD ST AT VANDERPOOL ST,40.71879000000001,-74.18221000000001,24,
18362,BROADWAY AT GOUVERNEUR ST,40.75486,-74.17017000000001,13,Broad Street
18363,BROADWAY AT 4TH AVE,40.75712,-74.16969,13,Broad Street
18364,BROADWAY AT 3RD AVE,40.7589,-74.16924,13,Broad Street
18365,BROADWAY AT 2ND AVE,40.76122,-74.16819000000001,13,Broad Street
18366,BROADWAY AT NURSERY ST,40.76341,-74.16669,13,Broad Street
18368,BROADWAY AT HINSDALE PL,40.76591000000001,-74.16466000000001,13,Broad Street
18369,BROADWAY AT CHESTER AVE,40.76803,-74.16368,13,Broad Street
18370,BROADWAY AT EAST DELAVAN AVE,40.77003000000001,-74.16273000000001,13,Broad Street
18371,BROADWAY AT GRAFTON AVE,40.77493,-74.15923000000001,13,Broad Street
18372,BROADWAY AT MONTCLAIR AVE,40.77719,-74.15738,13,Broad Street
18373,BROADWAY AT VERONA AVE,40.77915,-74.15592000000001,13,Broad Street
18374,BROADWAY AT VERONA AVE,40.77945,-74.15594,13,Clinton Avenue
18376,BROADWAY AT MONTCLAIR AVE,40.77708000000001,-74.15769,13,Clinton Avenue
18377,BROADWAY AT GRAFTON AVE,40.77521,-74.15923000000001,13,Clinton Avenue
18379,BROADWAY AT ELWOOD AVE,40.77235,-74.16173,13,Clinton Avenue
18380,BROADWAY AT ELWOOD AVE,40.77198000000001,-74.16178000000001,13,Broad Street
18381,BROADWAY AT DELEVAN AVE,40.77031,-74.16279,13,Clinton Avenue
18382,BROADWAY AT CHESTER AVE,40.76834,-74.16373,13,Clinton Avenue
18383,BROADWAY AT HINSDALE PL,40.76584,-74.16489,13,Clinton Avenue
18384,BROADWAY AT NURSERY ST,40.76369,-74.16671000000001,13,Clinton Avenue
18385,BROADWAY AT 2ND AVE,40.76104,-74.16847,13,Clinton Avenue
18386,BROADWAY AT 3RD AVE,40.75919,-74.16936000000001,13,Clinton Avenue
18387,BROADWAY AT 4TH AVE,40.75692,-74.16991,13,Clinton Avenue
18388,BROADWAY AT GOUVERNEUR ST,40.75434000000001,-74.17044,13,Clinton Avenue
18389,BROADWAY AT 7TH AVE,40.75105000000001,-74.17075000000001,11|13|27|28|29|72,Clinton Avenue
18391,CENTRAL AVE AT S 14TH ST,40.74998,-74.20011000000001,24|44,
18392,CENTRAL AVE AT S 12TH ST,40.74951,-74.19844,24|44,
18393,CENTRAL AVE AT S 10TH ST,40.74882,-74.19603000000001,24|44,
18394,CENTRAL AVE AT S 8TH ST,40.74847,-74.19484,24|44,
18396,CENTRAL AVE AT N 4TH ST,40.74769000000001,-74.19169000000001,24|44,
18397,CENTRAL AVE AT N 2ND ST,40.74731000000001,-74.18993,24|44,
18398,CENTRAL AVE AT MORRIS AVE,40.74675000000001,-74.18745000000001,24|44,
18399,CENTRAL AVE AT HUDSON ST,40.74624,-74.18522,24|44,
18401,CENTRAL AVE AT LOCK ST,40.74472,-74.18001000000001,24|44,
18402,CENTRAL AVE AT COLDEN ST,40.74395000000001,-74.17757,24|44,
18403,CENTRAL AVE AT D.M.L. KING BLVD,40.74347,-74.17603000000001,24|44,
18404,CENTRAL AVE AT UNIVERSITY AVE,40.74251,-74.17297,24,
18405,CENTRAL AVE AT WASHINGTON ST,40.7422,-74.17191000000001,108|24,
18406,CENTRAL AVE AT BROAD ST,40.74144,-74.16927000000001,108|24,
18407,CENTRAL AVE AT HALSEY ST,40.74187000000001,-74.17049,108|24|29|41|44|59|71|73,
18408,CENTRAL AVE AT WASHINGTON ST,40.74216000000001,-74.17146000000001,108|24|29|41|44|59|71|73,
18410,CENTRAL AVE AT D.M.L. KING BLVD,40.74348000000001,-74.17572000000001,108|24|29|41|44|71|73,
18411,CENTRAL AVE AT COLDEN ST,40.74414,-74.17776,24|44,
18412,CENTRAL AVE AT LOCK ST,40.74488,-74.18008,24|44,
18415,CENTRAL AVE AT HUDSON ST,40.74643,-74.18542000000001,24|44,
18416,CENTRAL AVE AT MORRIS AVE,40.7468,-74.18708000000001,24|44,
18418,CENTRAL AVE AT S 3RD ST,40.74756,-74.19048000000001,24|44,
18419,CENTRAL AVE AT S 5TH ST,40.74792,-74.19209000000001,24|44,
18420,CENTRAL AVE AT S 8TH ST,40.74854000000001,-74.1945,24|44,
18421,CENTRAL AVE AT S 10TH ST,40.74904,-74.19625,24|44,
18422,CENTRAL AVE AT S 12TH ST,40.74955000000001,-74.19803,24|44|5,
18423,CENTRAL AVE AT S 14TH ST,40.75006,-74.19979000000001,24|44|5,
18424,CENTRAL AVE AT S 16TH ST,40.75071000000001,-74.20208000000001,24|44,
18425,CHANCELLOR AVE AT SCHLEY ST,40.71126,-74.22509000000001,39|96,Newark
18426,CHANCELLOR AVE AT LESLIE ST,40.71045,-74.22362000000001,39,Newark
18427,CHANCELLOR AVE AT SUMMIT AVE,40.70951,-74.22199,39,Newark
18428,CHANCELLOR AVE AT CLINTON PL,40.7079,-74.21854,39,Newark
18436,CHANCELLOR AVE AT CLINTON PL,40.70789000000001,-74.21827,39,Irvington
18437,CHANCELLOR AVE AT SUMMIT AVE,40.70954,-74.22174000000001,39,Irvington
18438,CHANCELLOR AVE AT LESLIE ST,40.71073000000001,-74.22386,39,Irvington
18439,CHANCELLOR AVE AT SCHLEY ST,40.71126,-74.2248,39,Irvington
18440,CHAPEL ST AT FLEMING AVE,40.73267000000001,-74.13972000000001,1,
18441,CHAPEL ST AT RIVERVIEW CT,40.73492,-74.13985000000001,1,
18442,CHAPEL ST AT ALBERT AVE,40.73667,-74.14001,1,
18443,CHAPEL ST AT RIVERVIEW CT,40.73502000000001,-74.14003000000001,1,
18444,CHAPEL ST AT FLEMING AVE,40.73246,-74.13984,1,
18445,CLIFTON AVE AT E 7TH AVE,40.75060000000001,-74.18004,108,Newark
18446,CLIFTON AVE AT VICTORIA AVE,40.75379,-74.17840000000001,41|99,
18447,SACRED HEART CATHEDRAL,40.75652,-74.17696000000001,99,
18448,CLIFTON AVE AT BLOOMFIELD AVE,40.75885,-74.17575000000001,99,
18449,SACRED HEART CATHEDRAL,40.75579,-74.17751000000001,41|99,
18450,CLIFTON AVE AT VICTORIA AVE,40.75408,-74.17840000000001,41|99,
18451,CLIFTON AVE AT E 7TH AVE,40.75111,-74.17996000000001,108,Newark
18453,CLINTON AVE AT FABYAN PL,40.7233,-74.21539,13,Broad Street
18454,CLINTON AVE AT SOUTH 16TH ST,40.72303,-74.21316,13,Broad Street
18455,CLINTON AVE AT CLINTON PL,40.72294,-74.21029,13,Broad Street
18457,CLINTON AVE AT INGRAHAM PL,40.72274,-74.20639000000001,13,Broad Street
18458,CLINTON AVE AT OSBORNE TERRACE,40.72243,-74.20500000000001,13,Broad Street
18459,CLINTON AVE AT SEYMOUR AVE,40.72186000000001,-74.20239000000001,13,Broad Street
18460,CLINTON AVE AT BERGEN ST,40.72146,-74.20033000000001,13,Broad Street
18461,CLINTON AVE AT PESHINE AVE,40.72104,-74.19849,13,Broad Street
18462,CLINTON AVE AT RIDGEWOOD AVE,40.72113,-74.19522,13,Broad Street
18463,CLINTON AVE AT HILLSIDE AVE,40.72203,-74.19183000000001,13|70,Broad Street
18464,CLINTON AVE AT ELIZABETH AVE,40.72297,-74.18807000000001,13|70,Broad Street
18465,CLINTON AVE AT ASTOR ST,40.72412000000001,-74.18444000000001,13|27|39|59|65|66|70,Broad Street
18466,CLINTON AVE AT THOMAS ST,40.72554,-74.18134,13|27|39|59,Broad Street
18467,CLINTON AVE AT THOMAS ST,40.72559,-74.18169,13|27|39|59|65|66|70,Clinton Avenue
18468,CLINTON AVE AT MURRAY ST,40.72466,-74.18372000000001,13|27|39|59|65|66|70,Clinton Avenue
18469,CLINTON AVE AT ELIZABETH AVE,40.72349000000001,-74.18693,70,Newark
18470,CLINTON AVE AT STRATFORD PL,40.72261,-74.19019,13,Clinton Avenue
18471,CLINTON AVE AT HILLSIDE AVE,40.72197000000001,-74.19260000000001,13,Clinton Avenue
18472,CLINTON AVE AT RIDGEWOOD AVE,40.72139000000001,-74.19479000000001,13,Clinton Avenue
18473,CLINTON AVE AT PESHINE AVE,40.72107,-74.19813,13,Clinton Avenue
18475,CLINTON AVE AT SEYMOUR AVE,40.72191,-74.20194000000001,13,Clinton Avenue
18476,CLINTON AVE AT TREACY AVE,40.72234,-74.20400000000001,13,Clinton Avenue
18477,CLINTON AVE AT SHANLEY AVE,40.72279,-74.20609,13,Clinton Avenue
18478,CLINTON AVE AT SOUTH 12TH ST,40.72307,-74.20911000000001,13,Clinton Avenue
18479,CLINTON AVE AT SOUTH 14TH ST,40.72305,-74.21104000000001,13,Clinton Avenue
18480,CLINTON AVE AT SOUTH 16TH ST,40.72318000000001,-74.21359000000001,13,Clinton Avenue
18481,CLINTON AVE AT SOUTH 18TH ST,40.72332,-74.21481,13,Clinton Avenue
18482,CLINTON AVE AT SOUTH 20TH ST,40.72372,-74.21717000000001,13,Clinton Avenue
18483,CLINTON PL AT LEHIGH AVE,40.7124,-74.21519,13,Broad Street
18484,CLINTON PL AT RENNER AVE,40.71448,-74.21323000000001,13,Broad Street
18485,CLINTON PL AT NYE AVE,40.71582,-74.21215000000001,13,Broad Street
18486,CLINTON PL AT HAWTHORNE AVE,40.71841000000001,-74.21153000000001,13,Broad Street
18487,CLINTON PL AT MILLINGTON AVE,40.72057,-74.21056,13,Broad Street
18488,CLINTON PL AT CLINTON AVE,40.72289000000001,-74.21008,13,Broad Street
18489,CLINTON PL AT RANDOLPH PL,40.72181,-74.21042,13,Clinton Avenue
18491,CLINTON PL AT HAWTHORNE AVE,40.71864,-74.21149000000001,13,Clinton Avenue
18492,CLINTON PL AT NYE AVE,40.71715,-74.21256000000001,13,Clinton Avenue
18493,CLINTON PL AT BRAGAW AVE,40.7149,-74.21297000000001,13,Clinton Avenue
18494,CLINTON PL AT SHEPHARD AVE,40.71394,-74.21388,13,Clinton Avenue
18495,CLINTON PL AT FOREST PL,40.71303,-74.21474,13,Clinton Avenue
18497,COURT ST AT UNIVERSITY AVE,40.73207,-74.17883,5,
18498,COURT ST AT SHIPMAN ST,40.73254,-74.18003,5,
18501,D.M.L. KING BLVD AT BALDWIN ST,40.73094,-74.18166000000001,5,
18502,D.M.L. KING BLVD AT COURT ST,40.73239,-74.18115,5,
18503,D.M.L. KING BLVD 230'S OF ORANGE ST,40.74644000000001,-74.17443,108|41,
18504,D.M.L. KING BLVD AT COURT ST,40.73245,-74.18130000000001,5,
18508,NJT BUS COMPLEX - DOREMUS AVE,40.71595000000001,-74.12866000000001,25|375,
18509,DOREMUS AVE 162' N OF WILSON AVE.,40.71371000000001,-74.12999,25|375,
18510,EAST 7TH AVE AT MT. PROSPECT AVE,40.75135,-74.17881000000001,108|41|99,
18511,EAST 7TH AVE AT AMITY PL,40.75116000000001,-74.17694,108|41|99,
18512,EAST 7TH AVE AT RUGGIERIO PL,40.75121,-74.17558000000001,108|41|99,
18513,EAST 7TH AVE AT RUGGIERIO PL,40.75109,-74.17538,108|41|99,
18514,EAST 7TH AVE AT SUMMER AVE,40.75103,-74.17384000000001,108|41|99,
18515,EAST 7TH AVE AT SUMMER AVE,40.75112,-74.17355,108|41|99,
18516,EAST 7TH AVE AT CUTLER ST,40.75127000000001,-74.17726,108|41|99,
18517,EAST 7TH AVE AT MT. PROSPECT AVE,40.75141,-74.17854000000001,108|41|99,
18519,ELIZABETH AVE AT GRUMMAN AVE,40.70098,-74.21269000000001,59|65|66,Newark
18520,ELIZABETH AVE AT CHANCELLOR AVE,40.70224,-74.21009000000001,59|65|66,Newark
18521,ELIZABETH AVE AT VASSAR AVE,40.70333,-74.20851,59|65|66,Newark
18522,ELIZABETH AVE AT GOLDSMITH AVE,40.70425,-74.20747,59|65|66,Newark
18523,ELIZABETH AVE AT LYONS AVE,40.70554000000001,-74.20602000000001,59|65|66,Newark
18524,ELIZABETH AVE AT STENGEL AVE,40.70635,-74.20452,107|37|59|65|66,New York
18525,ELIZABETH AVE AT RENNER AVE,40.70761,-74.20223,107|37|59|65|66,New York
18526,ELIZABETH AVE AT MEEKER AVE,40.70910000000001,-74.19847,107|37|59|65|66,New York
18527,ELIZABETH AVE AT WATSON AVE,40.70972,-74.19742000000001,59|65|66,Newark
18528,ELIZABETH AVE AT HAWTHORNE AVE,40.7124,-74.19437,59|65|66,Newark
18529,ELIZABETH AVE AT E PEDDIE ST,40.71291,-74.19363000000001,59|65|66,Newark
18530,ELIZABETH AVE AT E RUNYON ST,40.7149,-74.19212,27|59|65|66,
18532,ELIZABETH AVE AT E ALPINE ST,40.7188,-74.1897,27|39|59|65|66,
18533,ELIZABETH AVE AT POINIER ST,40.72051,-74.18878000000001,27|39|59|65|66,
18534,ELIZABETH AVE AT CLINTON AVE,40.72273000000001,-74.18756,27|39|59|65|66,
18535,ELIZABETH AVE AT CLINTON AVE,40.72265,-74.18784000000001,27|39|59|65|66,
18536,ELIZABETH AVE AT POINIER ST,40.72042,-74.18906000000001,27|39|59|65|66,
18537,ELIZABETH AVE AT W ALPINE ST,40.71901,-74.18982000000001,27|39|59|65|66,
18538,ELIZABETH AVE AT WEST BIGELOW ST,40.71707000000001,-74.19086,39,Irvington
18539,ELIZABETH AVE AT W BIGELOW ST,40.71669,-74.19112000000001,27|59|65|66,
18541,ELIZABETH AVE AT W PEDDIE ST,40.71336,-74.19338,27|59|65|66,
18542,ELIZABETH AVE AT HAWTHORNE AVE,40.71224,-74.19472,59|65|66,Plainfield
18543,ELIZABETH AVE AT WATSON AVE,40.70994,-74.19738000000001,59|65|66,Plainfield
18544,ELIZABETH AVE AT MEEKER AVE,40.70923000000001,-74.19868000000001,107|37|59|65|66,Irvington
18545,ELIZABETH AVE AT CUSTER AVE,40.70905,-74.20029000000001,107|37|59|65|66,Irvington
18546,ELIZABETH AVE AT RENNER AVE,40.70798000000001,-74.20206,107|37|59|65|66,Irvington
18547,ELIZABETH AVE AT LEHIGH AVE,40.707,-74.2035,107|37|59|65|66,Irvington
18548,ELIZABETH AVE AT LYONS AVE,40.70579,-74.2059,107|37|59|65|66,Irvington
18549,ELIZABETH AVE AT POMONA AVE,40.70474,-74.20719000000001,59|65|66,Plainfield
18550,ELIZABETH AVE AT VASSAR AVE,40.70361,-74.20841,59|65|66,Plainfield
18551,ELIZABETH AVE AT CHANCELLOR AVE,40.70247000000001,-74.20979000000001,59|65|66,Plainfield
18552,ELIZABETH AVE AT GRUMMAN AVE,40.70096,-74.21294,59|65|66,Plainfield
18553,CORRECTION CENTER - DOREMUS AVE,40.7194,-74.12740000000001,25,
18554,EUCLID AVE AT LOCKWOOD ST,40.73534,-74.1329,1,
18556,FABYAN PL AT LORETTO ST,40.71757,-74.22008000000001,96,
18557,FABYAN PL AT NYE AVE,40.71978,-74.21797000000001,96,
18558,FABYAN PL AT HAWTHORNE AVE,40.72066,-74.21727,96,
18559,FABYAN PL AT BEVERLEY ST,40.72181,-74.21609000000001,96,
18560,FABYAN PL AT CLINTON AVE,40.72316,-74.21515000000001,96,
18561,FABYAN PL AT BEVERLEY ST,40.72199000000001,-74.21608,96,
18562,FABYAN PL AT HAWTHORNE AVE,40.7209,-74.21716,96,
18563,FABYAN PL AT NYE AVE,40.71997,-74.2179,96,
18564,FABYAN PL AT LORETTO ST,40.7177,-74.22005,96,
18566,FERRY ST AT UNION ST,40.73214,-74.16275,1|25,
18569,FERRY ST AT ADAMS ST,40.72917,-74.15839000000001,1|25,
18571,FERRY ST AT POLK ST,40.72832,-74.15639,1|25,
18572,FERRY ST AT ALYEA ST,40.72815000000001,-74.15438,1,
18573,FERRY ST AT NIAGARA ST,40.72851,-74.15254,1,
18574,FERRY ST AT FILLMORE ST,40.72884000000001,-74.15086000000001,1,
18575,FERRY ST AT MAIN ST,40.72922000000001,-74.14894000000001,1,
18577,FERRY ST AT LEXINGTON ST,40.72985000000001,-74.14563000000001,1,
18578,FERRY ST AT CHRISTIE ST,40.73062,-74.14296,1|108,
18579,FERRY ST AT HAWKINS ST,40.73137000000001,-74.14095,1|108,
18581,FERRY ST AT MANUFACTURERS PL,40.73222000000001,-74.13755,1|108,
18582,FERRY ST AT WAYDELL ST,40.73232,-74.1341,1|108,
18583,FERRY ST AT LOCKWOOD ST,40.73356,-74.13101,1|108,
18584,FERRY ST AT BLANCHARD ST,40.73428000000001,-74.12848000000001,1|108,
18585,FERRY ST AT MAIN ST,40.72938000000001,-74.14868000000001,1,
18586,FERRY ST AT FILLMORE ST,40.72902000000001,-74.15051000000001,1,
18587,FERRY ST AT CHAMBERS ST,40.72853000000001,-74.15299,1,
18588,FERRY ST AT MERCHANT ST,40.72808000000001,-74.15521000000001,1,
18590,FERRY ST AT ADAMS ST,40.72957,-74.15899,1|25,
18593,FERRY ST AT UNION ST,40.73238000000001,-74.16293,1|25,
18595,FIRMENCH WAY AT G.O.D. WAY/WAREHOUSE PLACE,40.70105,-74.13300000000001,25,
18596,FIRMENCH WAY 90'E OF DOREMUS AVE,40.70214,-74.13571,25,
18597,FLEMING AVE AT RICHARDS ST,40.73255,-74.1417,1,
18598,FLEMING AVE AT CHRISTIE ST,40.73196,-74.14395,1,
18599,FLEMING AVE AT OXFORD ST,40.73144000000001,-74.14573,1,
18600,FRANKLIN AVE AT CLARA MAASS DR,40.78546,-74.17453,74|92,
18601,FRANKLIN AVE AT STEPHEN CRANE PLAZA,40.78305,-74.17467,74|92,
18602,FRANKLIN AVE AT ANTHONY ST,40.78061,-74.17558000000001,74|92,
18603,HELLER PKWY AT NORTH 6TH ST,40.77884,-74.17673,27,
18604,FRELINGHUYSEN AVE AT VIRGINIA ST,40.68837000000001,-74.20374000000001,24,
18605,FRELINGHUYSEN AVE AT MCCLELLAN ST,40.69028,-74.2026,24,
18606,FRELINGHUYSEN AVE AT EVERGREEN AVE,40.69282,-74.20107,24,
18608,FRELINGHUYSEN AVE AT VAN DUYNE ST,40.69588,-74.19925,24,
18609,FRELINGHUYSEN AVE AT LOWELL PL,40.69880000000001,-74.1975,24,
18612,FRELINGHUYSEN AVE AT VICTORIA ST,40.70655,-74.19289,107|24|37,
18613,FRELINGHUYSEN AVE AT TOLER PL,40.71008,-74.19079,24,
18614,FRELINGHUYSEN AVE AT PEERLESS PL,40.71134,-74.19002,24,
18615,FRELINGHUYSEN AVE AT CONCORD ST,40.71307,-74.18901000000001,24,
18616,FRELINGHUYSEN AVE AT CLIFTON ST,40.71501000000001,-74.18784000000001,24,
18617,FRELINGHUYSEN AVE AT EAST ALPINE ST,40.718,-74.18610000000001,24,
18618,FRELINGHUYSEN AVE AT EAST ALPINE ST,40.71796000000001,-74.18636000000001,24,
18619,FRELINGHUYSEN AVE AT EAST BIGELOW ST,40.71557000000001,-74.18779,24,
18620,FRELINGHUYSEN AVE AT CONCORD ST,40.71333000000001,-74.18912,24,
18621,FRELINGHUYSEN AVE AT TOLER PL,40.71027,-74.19092,24,
18622,FRELINGHUYSEN AVE AT VICTORIA ST,40.70682,-74.19299000000001,107|24|37,
18623,FRELINGHUYSEN AVE AT NOBLE ST,40.70486,-74.19413,107|24|37,
18624,FRELINGHUYSEN AVE AT MEEKER AVE,40.70261,-74.19547,24,
18625,FRELINGHUYSEN AVE AT DAYTON ST,40.70035,-74.19686,24,
18626,FRELINGHUYSEN AVE AT FOSTER ST,40.69704,-74.19884,24,
18627,FRELINGHUYSEN AVE AT SETH BOYDEN TER,40.69624,-74.19934,24,
18629,FRELINGHUYSEN AVE AT EVERGREEN AVE,40.69271000000001,-74.2014,24,
18630,FRELINGHUYSEN AVE AT MITCHELL PL,40.69107,-74.20238,24,
18631,FRELINGHUYSEN AVE AT VAN VECHTEN ST,40.68998000000001,-74.20303000000001,24,
18632,FRELINGHUYSEN AVE AT VIRGINIA ST,40.68824,-74.20409000000001,24,
18633,FRONTAGE RD (SHERATON HOTEL),40.71189,-74.16209,40,Jersey Gardens
18634,GROVE ST AT S ORANGE AVE,40.74351,-74.21095000000001,90,
18635,GROVE ST AT 13TH AVE,40.74553,-74.20975,90,
18636,GROVE ST AT 13TH AVE,40.74575,-74.20973000000001,90,
18637,GROVE ST AT S ORANGE AVE,40.74419,-74.21078,90,
18639,HAWTHORNE AVE AT FABYAN PL,40.72079,-74.21738,27,
18641,HAWTHORNE AVE AT CLINTON PL,40.7184,-74.21172,27,
18642,HAWTHORNE AVE AT GOODWIN AVE,40.71794000000001,-74.20939,27,
18643,HAWTHORNE AVE AT OSBORNE TERR,40.71724,-74.20670000000001,27,
18644,HAWTHORNE AVE AT SEYMOUR AVE,40.7165,-74.20454000000001,27,
18645,HAWTHORNE AVE AT BERGEN ST,40.7159,-74.20271000000001,27,
18647,HAWTHORNE AVE AT PESHINE AVE,40.71534,-74.20074000000001,27,
18648,HAWTHORNE AVE AT BERGEN ST,40.7159,-74.20233,27,
18649,HAWTHORNE AVE AT SEYMOUR AVE,40.71653000000001,-74.20428000000001,27,
18650,HAWTHORNE AVE AT OSBORNE TERR,40.71724,-74.2064,27,
18651,HAWTHORNE AVE AT REEVES PL,40.71794000000001,-74.20897000000001,27,
18652,HAWTHORNE AVE AT CLINTON PL,40.71849,-74.21126000000001,27,
18653,HAWTHORNE AVE AT LESLIE ST,40.71979,-74.21503000000001,27,
18654,HAWTHORNE AVE AT FABYAN PL,40.72079,-74.21708000000001,27,
18657,HELLER PKWY AT 1ST ST,40.77738,-74.17239000000001,27|74|99,
18658,HELLER PKWY 220'E OF NORTH 6TH ST,40.77848,-74.17538,27|74|99,
18659,HELLER PKWY AT LAKE ST,40.77684,-74.17063,27|74|99,
18661,HELLER PKWY AT CLIFTON AVE,40.77584,-74.16708000000001,109|27|74|99,
18662,HELLER PKWY AT CLIFTON AVE,40.77584,-74.16678,109|27|74|99,
18664,HELLER PKWY AT LAKE ST,40.77698,-74.17020000000001,27|74|99,
18665,HELLER PKWY AT FOREST HILL PKWY,40.77765,-74.17237,27|74|99,
18666,HELLER PKWY AT FRANKLIN AVE,40.77885000000001,-74.17633000000001,27|74|99,
18669,IRVINE TURNER BLVD AT AVON AVE,40.72454,-74.19231,99,
18670,IRVINE TURNER BLVD AT MUHAMMED ALI AVE,40.72742,-74.1911,99,
18671,IRVINE TURNER BLVD AT SPRUCE ST,40.72925,-74.19035000000001,5|99,
18672,IRVINE TURNER BLVD AT 17TH ST,40.73065,-74.18977000000001,5|99,
18673,IRVINE TURNER BLVD AT WEST KINNEY ST,40.73199,-74.18922,5|99,
18674,IRVINE TURNER BLVD AT COURT ST,40.73437000000001,-74.18825000000001,99,
18676,IRVINE TURNER BLVD AT SPRINGFIELD AVE,40.73407,-74.18858,99,
18677,IRVINE TURNER BLVD AT WEST KINNEY ST,40.73195,-74.18945000000001,5|99,
18678,IRVINE TURNER BLVD AT 17TH AVE,40.73009,-74.19021000000001,5|99,
18680,IRVINE TURNER BLVD AT MUHAMMED ALI AVE,40.72663,-74.19164,99,
18681,IRVINE TURNER BLVD AT AVON AVE,40.72404,-74.19272000000001,99,
18682,IRVINE TURNER BLVD 300'N OF MADISON AVE,40.72300000000001,-74.19315,70,Livingston Mall
18683,IRVINGTON AVE AT TUXEDO PKWY,40.7338,-74.24614000000001,107|37,Irvington
18684,IRVINGTON AVE AT BOYDEN AVE,40.7343,-74.24798000000001,107|37,Irvington
18685,IRVINGTON AVE AT MANOR DR,40.73458,-74.24900000000001,107,Irvington
18686,IVY HILL LOOP (MT VERNON PL),40.73774,-74.24529000000001,1|107|361|37,
18687,JONES ST AT SPRINGFIELD AVE,40.73521,-74.18822,99,
18689,KELLOGG ST 320' E OF CORBIN ST,40.7019,-74.15017,40,Kearny
18690,KELLOGG ST 290' E OF CORBIN ST,40.70227000000001,-74.15065000000001,40,Jersey Gardens
18691,LAKE ST AT VERONA AVE,40.78337000000001,-74.16711000000001,27,
18692,LAKE ST LOOP,40.78396,-74.1665,27,
18693,LINCOLN PARK AT HALSEY ST,40.7271,-74.17847,13|27|39|59|65|66|70,Clinton Avenue
18694,LINCOLN PARK AT WASHINGTON ST,40.72622,-74.1804,13|27|39|59|65|66|70,Clinton Avenue
18695,LYONS AVE AT STECHER ST,40.71478,-74.22361000000001,107|13|37,New York
18696,LYONS AVE AT LESLIE ST,40.71347,-74.22089000000001,107|13|37,New York
18697,LYONS AVE AT DEWEY ST,40.71254,-74.21893,107|13|37,New York
18698,LYONS AVE AT ALDINE ST,40.71172000000001,-74.2172,107|13|37,New York
18700,LYONS AVE AT MAPLE AVE,40.71011,-74.21395000000001,107|37,New York
18701,LYONS AVE AT OSBORNE TERR,40.70911,-74.21220000000001,107|37|39|99,Newark
18702,LYONS AVE AT BERGEN ST,40.70734,-74.20893000000001,107|37,New York
18703,LYONS AVE AT PORTER PL,40.70630000000001,-74.20718000000001,107|37,New York
18704,LYONS AVE AT PORTER PL,40.70645,-74.20716,107|37,Irvington
18705,LYONS AVE AT BERGEN ST,40.7075,-74.20899,107|37|39|99,Irvington
18706,LYONS AVE AT PARKVIEW TERRACE,40.70854000000001,-74.21087,107|37|39|99,Irvington
18707,LYONS AVE AT OSBORNE TERR,40.70938,-74.21236,107|37|39|99,Irvington
18708,LYONS AVE AT SCHUYLER AVE,40.7105,-74.21444000000001,107|37,Irvington
18709,LYONS AVE AT ALDINE ST,40.7117,-74.21690000000001,107|13|37,Irvington
18710,LYONS AVE AT DEWEY ST,40.71291,-74.21944,107|13|37,Irvington
18711,LYONS AVE AT LESLIE ST,40.71342000000001,-74.22053000000001,107|13|37,Irvington
18712,LYONS AVE AT FABYAN PLACE,40.71418000000001,-74.22203,107|13|37,Irvington
18714,MANOR DR 620' S OF MT. VERNON PL.,40.73642,-74.24707000000001,107|37,Irvington
18715,MANOR DR 620' S OF MT. VERNON PL.,40.73647,-74.24717000000001,107|37,New York
18720,MAPLE AVE AT CHANCELLOR AVE,40.70668000000001,-74.21676000000001,99,
18721,MAPLE AVE AT CHANCELLOR AVE,40.70705,-74.21642,39,Newark
18723,MAPLE AVE AT LYONS AVE,40.70993,-74.21384,39|99,Newark
18724,MAPLE AVE AT LYONS AVE,40.70984,-74.21406,39|99,Irvington
18725,MAPLE AVE AT GOLDSMITH AVE,40.70834000000001,-74.21538000000001,39|99,Irvington
18726,MAPLE AVE AT CHANCELLOR AVE,40.70692,-74.21664000000001,39|99,Irvington
18727,MAPLE AVE AT KEER AVE,40.7057,-74.21778,99,
18728,MAPLE AVE AT GRUMMAN AVE,40.70509000000001,-74.21835,99,
18729,MARKET ST AT WASHINGTON ST,40.73644,-74.17559,1|21|25|31|34|361|375|go25,
18730-..,MARKET ST AT BROAD ST,40.73559,-74.17238,1|21|25|31|34|361|375|5|65|66|go25,
18730-Market_Broad_EB,MARKET ST AT BROAD ST,40.73559,-74.17238,,
18731,MARKET ST AT MULBERRY ST,40.73484000000001,-74.16987,1|21|25|31|34|361|375|66|go25,
18732,MARKET ST AT MCCARTER HWY,40.73426000000001,-74.16673,1|25|31|34|361|375|40,
18733-..,EASTBOUND MARKET ST UNDER BRIDGE,40.73378,-74.16446,1|108|21|25|28|29|30|31|34|361|375|39|40|41|44|62|66|72|76|go25,
18733-2B,EASTBOUND MARKET ST UNDER BRIDGE,40.73378,-74.16446,,
18733-MKT_E,EASTBOUND MARKET ST UNDER BRIDGE,40.73378,-74.16446,,
18734,MARKET ST AT UNION ST,40.73317,-74.16174000000001,108|40,New York
18735,MARKET ST AT MONROE ST,40.73222000000001,-74.1571,108|40,New York
18737,MARKET ST AT FERGUSON ST,40.73118,-74.15227,108,New York
18738,MARKET ST AT FILLMORE ST,40.73074,-74.15013,108,New York
18739,MARKET ST AT MOTT ST,40.73,-74.14665000000001,108,New York
18741-..,MARKET ST BUS LANE AT RAYMOND PLAZA W,40.73409,-74.16461000000001,1|25|31|34|361|375|go25,
18741-MKTW,MARKET ST BUS LANE AT RAYMOND PLAZA W,40.73409,-74.16461000000001,,
18741-MKT_W,MARKET ST BUS LANE AT RAYMOND PLAZA W,40.73409,-74.16461000000001,,
18742,MARKET ST AT MULBERRY ST,40.73485,-74.16901,1|25|31|34|361|375|go25,
18743-..,MARKET ST AT BROAD ST,40.73581,-74.1727,1|25|31|361|375|go25,
18743-Market_Broad_EB,MARKET ST AT BROAD ST,40.73581,-74.1727,,
18743-Market_Broad_WB,MARKET ST AT BROAD ST,40.73581,-74.1727,,
18744-..,MARKET ST AT HALSEY ST,40.73605000000001,-74.17351000000001,11|21|28|29|34|5,
18744-Market_Halsey_WB,MARKET ST AT HALSEY ST,40.73605000000001,-74.17351000000001,,
18745,MARKET ST AT WASHINGTON ST,40.73639,-74.17453,1|25|31|361|375|go25,
18746,MCWHORTER ST AT HAMILTON ST,40.73138,-74.16495,34,
18747,MCWHORTER ST AT GREEN ST,40.72968,-74.16673,34,
18748,MEEKER AVE AT EMPIRE ST,40.70633,-74.19669,107|37,New York
18750,MEEKER AVE AT FRELINGHUYSEN AVE,40.70383,-74.19543,107|37,Irvington
18751,MEEKER AVE AT EMPIRE ST,40.70658,-74.19669,107|37,Irvington
18752,MOTT ST AT MARKET ST,40.73018,-74.14671000000001,1,
18753,MT PROSPECT AVE AT EAST 3RD AVE,40.76027000000001,-74.17371,27|99,
18754,MT PROSPECT AVE AT EAST 2ND AVE,40.76241,-74.17212,27|99,
18755,MT PROSPECT AVE 100'N OF MT PROSPECT PL,40.76483,-74.17063,27|99,
18756,MT PROSPECT AVE AT ABINGTON AVE,40.76636000000001,-74.16990000000001,27|99,
18757,MT PROSPECT AVE 75'S OF BALLANTINE PKWY.,40.76907000000001,-74.16888,27|99,
18758,MT PROSPECT AVE AT EAST DELAVAN AVE,40.77220000000001,-74.16743000000001,27|99,
18759,MT PROSPECT AVE AT ELWOOD AVE,40.77355,-74.1667,27|99,
18760,MT PROSPECT AVE AT GRAFTON AVE,40.77776,-74.16454,109|27|74|99,
18762,MT PROSPECT AVE AT VERONA AVE,40.78216,-74.16223000000001,109|27|74|99,
18763,MT PROSPECT AVE AT SYLVAN AVE,40.78317000000001,-74.16171,109|27|74|99,
18764,MT PROSPECT AVE AT SYLVAN AVE,40.783,-74.16201000000001,109|27|74|99,
18766,MT PROSPECT AVE AT GRAFTON AVE,40.77758,-74.16485,109|27|74|99,
18767,MT PROSPECT AVE AT HELLER PKWY,40.77561,-74.16587000000001,109|27|74|99,
18769,MT PROSPECT AVE AT EAST DELAVAN AVE,40.77188,-74.16782,27|99,
18770,MT PROSPECT AVE AT BALLANTINE PKWY,40.76978,-74.16885,27|99,
18771,MT PROSPECT AVE AT ABINGTON AVE,40.7667,-74.16998000000001,27|99,
18772,MT PROSPECT AVE 250'N OF MT. PROSPECT PL.,40.76468000000001,-74.17085,27|99,
18773,MT PROSPECT AVE AT EAST 2ND AVE,40.76266,-74.1721,27|99,
18774,MT PROSPECT AVE AT EAST 3RD AVE,40.76048,-74.17373,27|99,
18775,MT PROSPECT AVE AT BLOOMFIELD AVE,40.75875000000001,-74.17501,99,
18777,MT. VERNON PL AT NORMAN RD,40.73691,-74.24242000000001,1|361,
18778,MT. VERNON PL AT KERRIGAN BLVD,40.73629,-74.24041000000001,1|361,
18779,MT. VERNON PL AT SANDFORD AVE,40.73537,-74.23743,1|361,
18780,MT. VERNON PL AT KERRIGAN BLVD,40.73631,-74.24013000000001,1|361,
18781,MT. VERNON PL AT NORMAN RD,40.73693,-74.24214,1|361,
18782,MT. VERNON PL AT MIDLAND PL,40.73731,-74.24342,1|361,
18783,MT. VERNON PL AT MANOR DR,40.73794,-74.24548,1,
18784,MULBERRY ST AT CLINTON ST,40.7358,-74.16851000000001,21|5|65|66,
18785,MULBERRY ST AT COMMERCE ST,40.73586,-74.16874,108|11|21|28|29|30|39|41|44|5|62|76,
18787,NEWARK AIRPORT BUILDING #4 AT BUS HOV LANE LOCAT,40.68816,-74.18253,107|37|62|67|go28,Elizabeth
18788,TERMINAL B,40.69154,-74.17791000000001,107|37|62|67|go28,Elizabeth
18789,TERMINAL C,40.69486000000001,-74.17799000000001,107|37|62|67|go28,Elizabeth
18790,NORFOLK ST AT WEST MARKET ST,40.74116,-74.18539000000001,99,
18791,NORFOLK ST AT WARREN ST,40.74292000000001,-74.18453000000001,99,
18792,NORFOLK ST AT CENTRAL AVE,40.74559,-74.18316,99,
18793,NORFOLK ST AT SUSSEX AVE,40.74722000000001,-74.18211000000001,99,
18794,NORFOLK ST AT ORANGE ST,40.74884,-74.18105,99,
18796,NORFOLK ST AT SUSSEX AVE,40.74695000000001,-74.18243000000001,99,
18798,NORFOLK ST AT WARREN ST,40.74322,-74.1845,99,
18799,NORFOLK ST AT WEST MARKET ST,40.74106,-74.18560000000001,99,
18800,NORTH 14TH ST AT HEDDEN PL. (LAYOVER ONLY),40.75589,-74.19701,,
18801,ORANGE ST AT S 14TH ST,40.75566000000001,-74.19731,21|5|71|73|79,
18802,ORANGE ST AT 1ST ST,40.75092,-74.18504,29|71|73,
18803,ORANGE ST AT NORFOLK ST,40.74902,-74.18116,29|71|73,
18804,ORANGE ST AT NESBITT ST,40.74801,-74.17876000000001,29|71|73|99,
18805,ORANGE ST AT BOYDEN ST,40.74744,-74.17619,29|71|73|99,
18806,ORANGE ST AT D.M.L. KING BLVD,40.74706,-74.17441000000001,29|71|73|99,
18807,ORANGE ST AT BURNETT ST,40.74673000000001,-74.17301,29|71|73,
18812,ORANGE ST 100' E OF BOYDEN ST,40.74726,-74.1748,29|71|73|99,
18814,ORANGE ST AT DURYEA ST,40.75042000000001,-74.18376,29|71|73,Newark
18815,ORANGE ST AT S 14TH ST,40.75564000000001,-74.197,21|71|73|79,
18816,PACIFIC ST AT CHESTNUT ST,40.72399,-74.16751000000001,34,
18817,PACIFIC ST AT MALVERN ST,40.72316,-74.16785,34,
18819,PACIFIC ST AT WALNUT ST,40.72770000000001,-74.16567,34,
18820,PARK AVE AT NORTH 11TH ST,40.76051,-74.19166000000001,41,
18821,PARK AVE AT ROSEVILLE AVE,40.75981,-74.18935,41,
18822,PARK AVE AT NORTH 6TH ST,40.7591,-74.18697,41,
18823,PARK AVE STATION,40.75844,-74.18478,41,
18824,PARK AVE AT PARKER ST,40.75674,-74.17915,41,
18825,PARK AVE AT CLIFTON AVE,40.75642000000001,-74.17756,41,
18826,PARK AVE AT PARKER ST,40.75692,-74.17922,41,
18827,PARK AVE STATION,40.75861,-74.18484000000001,41,
18828,PARK AVE AT NORTH 6TH ST,40.75916,-74.18663000000001,41,
18829,PARK AVE AT ROSEVILLE AVE,40.75986,-74.18898,41,
18830,PARK AVE AT NORTH 11TH ST,40.7607,-74.19183000000001,41,
18832,PARK PLACE AT RAYMOND BLVD,40.73787,-74.17013,108|24|41|44|59,
18835-..,BUS LANES (RAYMOND BLVD SIDE),40.73454,-74.16328,319|65|66|73,Mountainside
18835-1A,BUS LANES (RAYMOND BLVD SIDE),40.73454,-74.16328,11|28|29|39|5|79,Irvington
18835-1B,BUS LANES (RAYMOND BLVD SIDE),40.73454,-74.16328,30|319|378|67|72|76|78,
18835-2A,BUS LANES (RAYMOND BLVD SIDE),40.73454,-74.16328,21|62,
18835-2B,BUS LANES (RAYMOND BLVD SIDE),40.73454,-74.16328,108|41|44|66|70,Newark
18835-3A,BUS LANES (RAYMOND BLVD SIDE),40.73454,-74.16328,62,Newark
18835-3B,BUS LANES (RAYMOND BLVD SIDE),40.73454,-74.16328,30|72|76,Newark
18835-4A,BUS LANES (RAYMOND BLVD SIDE),40.73454,-74.16328,41|71|73,Newark
18835-4B,BUS LANES (RAYMOND BLVD SIDE),40.73454,-74.16328,44|65|66,Newark
18835-MKT_E,BUS LANES (RAYMOND BLVD SIDE),40.73454,-74.16328,,
18835-PLZA_WST,BUS LANES (RAYMOND BLVD SIDE),40.73454,-74.16328,,
18838,POINIER ST AT PENNSYLVANIA AVE,40.71849,-74.18379,24,
18839,PULASKI ST AT NEW YORK AVE,40.72451,-74.15780000000001,34,
18840,PULASKI STREET AT NICHOLS STREET,40.72363,-74.15826000000001,34,
18841,PULASKI ST AT CHESTNUT ST,40.72133,-74.15941000000001,34,
18842,PULASKI ST AT DELANCY ST,40.71991000000001,-74.16014000000001,34,
18843,PULASKI ST AT CLIFFORD ST,40.71887,-74.16067000000001,34,
18844,RAYMOND BLVD AT WASHINGTON ST,40.73827,-74.17398,11|28|29|30|41|44|71|72|73|76|78|79,Hackensack
18845,RAYMOND BLVD AT BROAD ST,40.73751,-74.17129,11|28|29|30|41|70|71|72|73|76|78|79,Livingston Mall
18846,RAYMOND BLVD AT MULBERRY ST,40.73663000000001,-74.1683,11|28|29|30|319|39|40|41|44|62|67|70|71|73|76|78|79,Elizabeth
18848,RAYMOND BLVD 244' W OF BLANCHARD ST.,40.73442,-74.12946000000001,1|108|375|378,
18849,RAYMOND BLVD AT WAYDELL ST,40.73421,-74.13422,1|108|375|378,
18850,RAYMOND BLVD AT LOCKWOOD ST,40.73428000000001,-74.13274000000001,1|108|375|378,
18852,RAYMOND BLVD AT BRILL ST,40.73378,-74.14428000000001,108|378,Newark
18854,RAYMOND BLVD AT PROVIDENCE ST,40.73278000000001,-74.14894000000001,108|378,Newark
18855,RAYMOND BLVD 30'E OF JEFFERSON STREET,40.73282,-74.15858,108|378|40,Newark
18856,RAYMOND BLVD AT JERSEY ST,40.73312000000001,-74.16039,108|378|40,Newark
18857-..,RAYMOND BLVD AT RAYMOND PLAZA EAST,40.73468,-74.16263000000001,378,UPS Secaucus Express
18857-RYMND,RAYMOND BLVD AT RAYMOND PLAZA EAST,40.73468,-74.16263000000001,108|40,Newark
18858,RAYMOND BLVD 170'W OF MCCARTER HWY,40.73642,-74.16707000000001,108|29|30|378|41|44|65|66|71|72|73|76|78|79,Newark
18859,RAYMOND BLVD AT COMMERCE CT,40.73737000000001,-74.17016000000001,29|378|71|72|73|79,
18860,RAYMOND BLVD AT WASHINGTON ST,40.73827,-74.17367,71|72|73|79,
18861,RAYMOND BLVD AT UNIVERSITY ST,40.7388,-74.17525,71|73|79,
18863,ROSEVILLE AVE AT SUSSEX AVE,40.75142,-74.19298,34|96,
18864,ROSEVILLE AVE AT ORANGE ST,40.75399,-74.19154,34|96,
18865,ROSEVILLE AVE AT 7TH AVE W,40.7555,-74.19094000000001,34|96,
18866,ROSEVILLE AVE AT 6TH AVE W,40.75739,-74.19021000000001,34|96,
18867,ROSEVILLE AVE AT PARK AVE,40.75967,-74.18916,34|96,
18868,ROSEVILLE AVE AT 4TH AVE,40.76184000000001,-74.18786,34|96,
18869,ROSEVILLE AVE AT 3RD AVE W,40.76409,-74.18646000000001,34|96,
18870,ROSEVILLE AVE AT 2ND AVE W,40.7664,-74.18530000000001,34|96,
18871,ROSEVILLE AVE AT 1ST AVE W,40.76840000000001,-74.18424,34|96,
18872,ROSEVILLE AVE AT BLOOMFIELD AVE,40.77005,-74.18352,96,
18873,ROSEVILLE AVE AT 2ND AVE W,40.7667,-74.18530000000001,34|96,
18874,ROSEVILLE AVE AT 3RD AVE W,40.76443,-74.18652,34|96,
18875,ROSEVILLE AVE AT 4TH AVE,40.76213000000001,-74.18782,34|96,
18876,ROSEVILLE AVE AT PARK AVE,40.75999,-74.18916,34|96,
18877,ROSEVILLE AVE AT 6TH AVE W,40.7572,-74.19043,34|96,
18878,ROSEVILLE AVE AT 7TH AVE W,40.75527,-74.19115000000001,34|96,
18879,ROSEVILLE AVE AT ORANGE ST,40.75385,-74.19171,34|96,
18880,ROSEVILLE AVE AT SUSSEX AVE,40.75131,-74.19317000000001,34|96,
18881,SANFORD AVE AT IVY ST,40.73655,-74.23646000000001,1|361,
18883,SANFORD AVE AT VARSITY RD,40.7389,-74.23535000000001,1|361,
18884,SANFORD AVE AT IVY ST,40.73681000000001,-74.23647000000001,1|361,
18885,SANFORD AVE AT MT VERNON PL,40.73551,-74.23715,1|361,
18886,SARAH VAUGHAN WAY 90' W OF PARK PL.,40.73993,-74.16815000000001,108,New York
18887,SARAH VAUGHAN WAY (PARK PL) AT RECTOR ST,40.74072,-74.16852,108|59,Newark
18888,NORTH AREA TRANS CENTER - PORT ST,40.70774,-74.16003,107|40,New York
18891,SOUTH 8TH ST AT MARKET ST,40.75027,-74.19374,34|96,
18892,SOUTH 8TH ST AT MARKET ST,40.75035,-74.19383,34|96,
18893,S 8TH ST AT CENTRAL AVE,40.74868,-74.19465000000001,34|96,
18895,S 10TH ST AT BLUM ST,40.73433,-74.20280000000001,5,
18896,16TH AVE AT S 10TH ST,40.73555,-74.20236000000001,5,
18897,S 10TH ST AT 15TH AVE,40.73765,-74.2016,5,
18898,S 10TH ST AT SOUTH ORANGE AVE,40.74012,-74.20070000000001,5,
18899,S 10TH ST AT 13TH AVE,40.74257,-74.19958000000001,5,
18900,S 10TH ST AT 12TH AVE,40.74461,-74.19855000000001,5|96,
18901,S 10TH ST AT 11TH AVE,40.74702000000001,-74.19734000000001,34|5|96,
18902,S 10TH ST AT 11TH AVE,40.74697,-74.19749,34|96,
18903,S 10TH ST AT 12TH AVE,40.74492,-74.19852,34|96,
18904,S 10TH ST AT 13TH AVE,40.74281000000001,-74.19955,5|96,
18905,S 10TH ST AT SOUTH ORANGE AVE,40.74041,-74.20073000000001,5,
18906,S 10TH ST AT 15TH AVE,40.73784000000001,-74.20166,5,
18907,16TH AVE AT S 10TH ST,40.73577,-74.20241,5,
18908,S 10TH ST AT BLUM ST,40.73413,-74.203,5,
18909,S 11TH ST AT 13TH AVE,40.74282,-74.20046,96,
18910,S 12TH ST AT 11TH AVE,40.74747,-74.19926000000001,5,
18911,S 12TH ST AT S ORANGE AVE,40.74057000000001,-74.20258000000001,96,
18912,S 18TH ST AT 15TH AVE,40.73883,-74.20911000000001,96,
18913,S 18TH ST AT 16TH AVE,40.7374,-74.20966,96,
18914,S 18TH ST AT 18TH AVE,40.73352000000001,-74.21114,96,
18915,S 18TH ST AT SPRINGFIELD AVE,40.73016000000001,-74.21245,96,
18916,S 18TH ST AT AVON AVE,40.72836,-74.21311,96,
18918,FABYAN PL AT CLINTON AVE,40.72341,-74.21503000000001,96,
18919,S 19TH ST AT HOPKINS PL,40.72481000000001,-74.21535,96,
18920,S 19TH ST AT AVON AVE,40.72833000000001,-74.21401,96,
18921,S 19TH ST AT SPRINGFIELD AVE,40.72971,-74.21346000000001,96,
18922,S 19TH ST AT 19TH AVE,40.73217,-74.21252000000001,96,
18923,S 19TH ST AT 17TH AVE,40.73537,-74.21129,96,
18924,S 19TH ST AT 16TH AVE,40.73771,-74.2104,96,
18925,S 19TH ST AT 15TH AVE,40.73913,-74.20984,96,
18926,SOUTH ORANGE AVE AT OAKLAND TER,40.74556,-74.23502,31,Newark Penn Station
18927,SOUTH ORANGE AVE AT SANDFORD AVE,40.74611,-74.23212000000001,31,Newark Penn Station
18928,SOUTH ORANGE AVE AT STUYVESANT AVE,40.74642,-74.22894000000001,31,Newark Penn Station
18929,SOUTH ORANGE AVE AT NORWOOD ST,40.74630000000001,-74.22739,31,Newark Penn Station
18930,SOUTH ORANGE AVE AT BOYLAN ST,40.74579000000001,-74.22531000000001,31,Newark Penn Station
18931,SOUTH ORANGE AVE AT ALEXANDER ST,40.74532000000001,-74.22359,31,Newark Penn Station
18934,SOUTH ORANGE AVE AT SOUTH MUNN AVE,40.74502,-74.21809,31,Newark Penn Station
18935,SOUTH ORANGE AVE AT GLADSTONE AVE,40.74438000000001,-74.21224000000001,31,Newark Penn Station
18936,SOUTH ORANGE AVENUE AT GROVE STREET,40.74403,-74.21107,31,Newark Penn Station
18937,SOUTH ORANGE AVE AT SOUTH 19TH ST,40.74325,-74.20846,31,Newark Penn Station
18938,SOUTH ORANGE AVE AT SOUTH 17TH ST,40.74264,-74.20673000000001,31,Newark Penn Station
18940,SOUTH ORANGE AVE AT SOUTH 14TH ST,40.74156000000001,-74.20422,31,Newark Penn Station
18941,SOUTH ORANGE AVE AT ASHLAND ST,40.74101,-74.20296,31,Newark Penn Station
18942,SOUTH ORANGE AVE AT SOUTH 8TH ST,40.73975,-74.19914,31,Newark Penn Station
18943,SOUTH ORANGE AVE AT SOUTH 11TH ST,40.74053000000001,-74.20174,31,Newark Penn Station
18944,SOUTH ORANGE AVE AT SOUTH 6TH ST,40.73938,-74.19726,31,Newark Penn Station
18945,SOUTH ORANGE AVE AT FAIRMOUNT AVE,40.73912000000001,-74.19531,31,Newark Penn Station
18946,SOUTH ORANGE AVE AT BERGEN ST,40.73899,-74.19339000000001,31,Newark Penn Station
18947,SOUTH ORANGE AVE AT HUNTERDON ST,40.7389,-74.19241000000001,99,
18948,SOUTH ORANGE AVE AT BRUCE ST,40.73869000000001,-74.19065,31|99,Newark Penn Station
18949,S ORANGE AVE AT NORFOLK ST/JONES ST,40.73766000000001,-74.18780000000001,31|99,Newark Penn Station
18950,SOUTH ORANGE AVE AT HOWARD ST,40.73676,-74.18345000000001,31,Newark Penn Station
18952,S ORANGE AVE AT NORFOLK ST/JONES ST,40.73787,-74.1879,31|99,South Orange Avenue
18953,SOUTH ORANGE AVE AT BRUCE ST,40.73877,-74.19026000000001,31|99,South Orange Avenue
18954,SOUTH ORANGE AVE AT HUNTERDON ST,40.73901,-74.19216,99,
18955,SOUTH ORANGE AVE AT BERGEN ST,40.73908,-74.1936,31,South Orange Avenue
18956,SOUTH ORANGE AVE AT LITTLETON AVE,40.73928,-74.19598,31,South Orange Avenue
18957,SOUTH ORANGE AVE AT SOUTH 7TH ST,40.73958,-74.19788000000001,31,South Orange Avenue
18958,SOUTH ORANGE AVE AT SOUTH 9TH ST,40.74002,-74.19969,31,South Orange Avenue
18959,SOUTH ORANGE AVE AT SOUTH 12TH ST,40.74087,-74.20231000000001,31,South Orange Avenue
18960,SOUTH ORANGE AVE AT SOUTH 14TH ST,40.74155,-74.20388000000001,31,South Orange Avenue
18961,SOUTH ORANGE AVE AT SOUTH 16TH ST,40.74234000000001,-74.20562000000001,31,South Orange Avenue
18962,SOUTH ORANGE AVE AT SOUTH 18TH ST,40.74298,-74.2073,31,South Orange Avenue
18963,SOUTH ORANGE AVE AT SOUTH 20TH ST,40.74354,-74.20896,31,South Orange Avenue
18964,SOUTH ORANGE AVENUE AT GROVE STREET,40.74400000000001,-74.21046000000001,31,South Orange Avenue
18965,SOUTH ORANGE AVE AT SPEEDWAY AVE,40.74464,-74.21266,31,South Orange Avenue
18966,SOUTH ORANGE AVE AT NORTH MUNN AVE,40.74515,-74.21775000000001,31,South Orange Avenue
18967,SOUTH ORANGE AVE AT VERMONT AVE,40.74512,-74.22056,31,South Orange Avenue
18968,SOUTH ORANGE AVE AT HALSTEAD ST,40.74654,-74.22915,31,South Orange Avenue
18969,SOUTH ORANGE AVE AT SANDFORD AVE,40.7462,-74.23215,31,South Orange Avenue
18970,SOUTH ORANGE AVE AT POE AVE,40.74571,-74.23446000000001,31,South Orange Avenue
18971,SOUTH ST AT BROAD ST,40.72434000000001,-74.1782,40,Jersey Gardens
18972,SOUTH ST AT HERMON ST,40.72233000000001,-74.17235000000001,40,Jersey Gardens
18973,SOUTH ST AT DAWSON ST,40.72177000000001,-74.1708,40,Jersey Gardens
18974,SOUTH ST AT JEFFERSON ST,40.72021,-74.16628,40,Jersey Gardens
18975,SOUTH ST AT VAN BUREN ST,40.71891,-74.16248,40,Jersey Gardens
18976,SOUTH ST VAN BUREN ST,40.71893,-74.16221,34|40,
18977,SOUTH ST AT ADAMS ST,40.71946000000001,-74.16376000000001,34|40,
18978,SOUTH ST AT JEFFERSON ST,40.72043,-74.16658000000001,34|40,
18979,SOUTH ST AT PACIFIC ST,40.72113,-74.16858,34|40,
18980,SOUTH ST AT DAWSON ST,40.72199000000001,-74.17103,40,Kearny
18981,SOUTH ST AT BROAD ST,40.72454,-74.17841,40,Kearny
18982,SPRINGFIELD AVE AT SOUTH 20TH ST,40.72962,-74.21413000000001,25|375,
18983,SPRINGFIELD AVE AT S 18TH ST,40.72993,-74.21262,25|375|go25,
18984,SPRINGFIELD AVE AT SOUTH 17TH ST,40.73024,-74.21087,25|375,
18985,SPRINGFIELD AVE AT SOUTH 15TH ST,40.73048,-74.20948,25|375,
18987,SPRINGFIELD AVE AT PIERCE ST,40.73097000000001,-74.20673000000001,25|375,
18989,SPRINGFIELD AVE AT S 10TH ST,40.73149,-74.20403,25|375|go25,
18991,SPRINGFIELD AVE AT JACOB ST,40.73222000000001,-74.20034000000001,25|361|375,
18992,SPRINGFIELD AVE AT FAIRMOUNT AVE,40.73269000000001,-74.19794,25|361|375,
18993,SPRINGFIELD AVE AT BERGEN ST,40.73313,-74.19568000000001,25|361|375|go25,
18994,SPRINGFIELD AVE AT WEST KINNEY ST,40.73348,-74.19383,25|361|375,
18995,SPRINGFIELD AVE AT SAYRE ST,40.73391,-74.19162,25|361|375,
18998,SPRINGFIELD AVE AT PRINCE ST,40.73506,-74.18604,1|25|361|375,
18999,SPRINGFIELD AVE AT BROOME ST,40.73529000000001,-74.18491,1|25|361|375,
19001,SPRINGFIELD AVE AT MLK JR BLVD,40.73619,-74.18006000000001,1|25|31|361|375|go25,
19002,SPRINGFIELD AVE AT BRANFORD PL,40.73664,-74.17837,1|25|31|361|375,
19003,SPRINGFIELD AVE AT MLK JR BLVD,40.73652000000001,-74.1795,1|25|31|361|375|go25,
19005,SPRINGFIELD AVE AT BROOME ST,40.73545,-74.18457000000001,1|25|361|375,
19006,SPRINGFIELD AVE AT PRINCE ST,40.73507,-74.18644,1|25|361|375,
19007,SPRINGFIELD AVE AT IRVINE TURNER BLVD,40.73479,-74.18803000000001,1|25|361|375|go25,
19008,SPRINGFIELD AVE AT HAYES ST,40.73434,-74.19000000000001,25|361|375,
19009,SPRINGFIELD AVE AT BEDFORD ST,40.73402,-74.19173,25|361|375,
19010,SPRINGFIELD AVE AT HUNTERDON ST,40.73357,-74.19419,25|361|375,
19011,SPRINGFIELD AVE AT BERGEN ST,40.73322,-74.19592,25|361|375|go25,
19013,SPRINGFIELD AVE AT SOUTH 6TH ST,40.73251,-74.19952,25|361|375,
19014,SPRINGFIELD AVE AT BLUM ST,40.73207,-74.20174,25|361|375|5,
19015,SPRINGFIELD AVE AT S 10TH ST,40.73159,-74.20421,25|375|go25,
19017,SPRINGFIELD AVE AT SOUTH 13TH ST,40.73098,-74.20748,25|375,
19018,SPRINGFIELD AVE AT SOUTH 15TH ST,40.73059000000001,-74.20964000000001,25|375,
19020,SPRINGFIELD AVE AT S 18TH ST,40.73003000000001,-74.21279000000001,25|375|go25,
19021,SPRINGFIELD AVE AT SOUTH 20TH ST,40.72971,-74.21436,25|375,
19029,STUYVESANT AVE AT 18TH AVE,40.73986,-74.23082000000001,94,
19030,STUYVESANT AVE AT LINDSLEY AVE,40.74118,-74.23053,94,
19031,STUYVESANT AVE AT ABINGER PL,40.74336,-74.22984000000001,94,
19032,STUYVESANT AVE AT SOUTH ORANGE AVE,40.74632,-74.2287,94,
19033,STUYVESANT AVE AT SOUTH ORANGE AVE,40.74619000000001,-74.22889,94,
19034,STUYVESANT AVE AT ABINGER PL,40.74356,-74.22987,94,
19035,STUYVESANT AVE AT LINDSLEY AVE,40.74103,-74.23066,94,
19036,STUYVESANT AVE AT 18TH AVE,40.73971,-74.23095,94,
19037,STUYVESANT AVE AT UNDERWOOD ST,40.73772,-74.23199000000001,94,
19041,TYLER ST AT PANAMA ST,40.69106,-74.14679000000001,40,Kearny
19042,TYLER ST AT MARITIME ST,40.69244,-74.15081,40,Kearny
19043,TYLER ST 300' E OF CORBIN ST.,40.69391,-74.15504,40,Kearny
19044,UNION ST AT GREEN ST,40.72902000000001,-74.16564000000001,34,
19045,UNION ST AT FERRY ST,40.73229000000001,-74.16309000000001,34,
19046-..,UNIVERSITY AVE AT LACKAWANNA AVE,40.74724000000001,-74.17118,108|11|28|29|30|41|72|76|78,Hackensack
19046-Across_Broad,UNIVERSITY AVE AT LACKAWANNA AVE,40.74724000000001,-74.17118,,
19046-Broad_St,UNIVERSITY AVE AT LACKAWANNA AVE,40.74724000000001,-74.17118,,
19046-Univ_St,UNIVERSITY AVE AT LACKAWANNA AVE,40.74724000000001,-74.17118,,
19047,UNIVERSITY AVE AT ORANGE ST,40.74602,-74.1718,108|11|28|29|30|41|71|72|73|76|78,Hackensack
19048,UNIVERSITY AVE AT JAMES ST,40.74412,-74.17275000000001,108|11|28|29|30|41|72|73|76|78,Hackensack
19050,UNIVERSITY AVE AT CENTRAL AVE,40.74281000000001,-74.17338000000001,11|28|29|30|41|71|72|73|76|78,Hackensack
19051,UNIVERSITY AVE AT WARREN ST,40.73994,-74.17477000000001,11|28|29|30|41|44|71|72|73|76|78,Hackensack
19052,UNIVERSITY AVE AT WILLIAM ST,40.73447,-74.17762,5,
19053,UNIVERSITY AVE AT COURT ST,40.73226,-74.17856,5,
19055,VERONA AVE AT MT PROSPECT AVE,40.78186,-74.16274,27,
19056,VERONA AVE AT RIDGE ST,40.78244,-74.16468,27,
19057,VERONA AVE AT HIGHLAND AVE,40.78299000000001,-74.16613000000001,27,
19058,VERONA AVE AT MT PROSPECT AVE,40.78201000000001,-74.16288,27,
19059,WAINWRIGHT ST AT LYONS AVE,40.71372,-74.2215,96,
19060,WALNUT ST AT MCWHORTER ST,40.72828000000001,-74.16739000000001,34,
19061,WALNUT ST AT JEFFERSON ST,40.72715,-74.16364,34,
19062,WALNUT ST AT ADAMS ST,40.7263,-74.16074,34,
19063,WALNUT ST AT VAN BUREN ST,40.72581,-74.15907,34,
19064,WARREN ST AT CORNERSTONE LN,40.74232000000001,-74.18244,71|73|79,
19065,WARREN ST AT WILSEY ST,40.74263000000001,-74.18316,71|73|79,
19066,WASHINGTON ST AT SPRUCE ST,40.72677,-74.18029,65|66|70,Livingston Mall
19067,WASHINGTON ST AT W KINNEY ST,40.72961,-74.17893000000001,65|66|70,Livingston Mall
19068,WASHINGTON ST AT HILL ST,40.73225,-74.17709,11|28|29|5|65|66|70,Livingston Mall
19069,WASHINGTON ST AT WILLIAM ST,40.73397000000001,-74.17632,11|28|29|5|65|66|70,Livingston Mall
19070,WASHINGTON ST AT BRANFORD PL,40.73546,-74.1757,11|28|29|5|65|66|70,Livingston Mall
19071,WASHINGTON ST AT MARKET ST,40.73621,-74.17528,5|65|66|70,Livingston Mall
19072,WASHINGTON ST AT MARKET ST,40.73688000000001,-74.17457,11|28|29,
19073,WASHINGTON ST AT RAYMOND BLVD,40.73817,-74.17381,11|28|29|70,Livingston Mall
19074,WASHINGTON ST AT BLEEKER ST,40.74131000000001,-74.17207,11|28|29|72,
19075,WASHINGTON ST AT CENTRAL AVE,40.74203000000001,-74.17162,11|28|29|72,
19076,WASHINGTON ST AT WASHINGTON PL,40.74271,-74.17120000000001,11|24|28|29|59|72,Newark
19077,WASHINGTON ST AT H TUBMAN SQ,40.74357000000001,-74.17065000000001,11|24|28|29|59|72,Newark
19078,WEST 4TH AVE AT NORTH 12TH ST,40.76303,-74.19131,34,
19079,WEST 4TH AVE AT NORTH 9TH ST,40.76246,-74.18946000000001,34,
19080,WEST 4TH AVE AT NORTH 9TH ST,40.76249000000001,-74.18913,34,
19081,WEST 4TH AVE AT NORTH 12TH ST,40.76317,-74.19154,34,
19082,WEST BIGELOW ST AT PESHINE AVE,40.71881,-74.19868000000001,39,Newark
19083,WEST BIGELOW ST AT RIDGEWOOD AVE,40.71812000000001,-74.19589,39,Newark
19084,WEST BIGELOW ST AT HILLSIDE AVE,40.71756000000001,-74.19355,39,Newark
19085,WEST BIGELOW ST AT HILLSIDE AVE,40.71773,-74.19376000000001,39,Irvington
19086,WEST BIGELOW ST AT RIDGEWOOD AVE,40.7184,-74.19658000000001,39,Irvington
19087,WEST BIGELOW ST AT PESHINE AVE,40.71898,-74.19900000000001,39,Irvington
19088,WEST BIGELOW ST AT HUNTERDON ST,40.71938,-74.20064,39,Irvington
19089,WEST KINNEY ST AT PRINCE ST,40.73169,-74.18756,5,
19090,WEST KINNEY ST AT HOWARD ST,40.73111,-74.18507000000001,5,
19091,WEST KINNEY ST AT QUITMAN ST,40.73069,-74.1833,5,
19092,MLK JR BLVD AT KINNEY ST,40.7304,-74.1821,5,
19093,MLK JR BLVD AT KINNEY ST,40.73061000000001,-74.18239000000001,5,
19094,WEST KINNEY ST AT HOWARD ST,40.73129,-74.18537,5,
19095,WEST KINNEY ST AT PRINCE ST,40.7317,-74.18716,5,
19096,W MARKET ST AT 9TH AVE,40.75077,-74.19374,21|71|73|79,
19097,W MARKET ST AT CENTRAL AVE,40.74762,-74.19264000000001,21|71|73|79,
19099,W MARKET ST AT BERGEN ST,40.74501,-74.18923000000001,21|99,
19101,W MARKET ST AT CABINET ST,40.74282,-74.18659000000001,21|99,
19102,W MARKET ST AT NORFOLK ST,40.74091000000001,-74.18581,21|34,
19103,W MARKET ST 165'E OF RICHMOND S,40.74019000000001,-74.18356,21|34,
19105,W MARKET ST AT MLK JR BLVD,40.73774,-74.17928,21|34,
19106,W MARKET ST AT MLK JR BLVD,40.73773000000001,-74.17883,21|34,
19107,W MARKET ST AT WICKLIFFE ST,40.73997000000001,-74.18237,21|34,
19108,W MARKET ST AT NORFOLK ST,40.7411,-74.18593,21|34,
19109,W MARKET ST 200'E OF CABINET ST,40.74226,-74.18645000000001,21|34|99,
19110,W MARKET ST AT 1ST ST,40.74594,-74.19032,21|71|73|79,
19111,W MARKET ST AT FAIRMOUNT AVE,40.74652,-74.19111000000001,21|71|73|79,
19112,W MARKET ST AT NORTH 6TH ST,40.74846,-74.19285,21|71|73|79,
19113,W MARKET ST AT ROSEVILLE AVE,40.75114000000001,-74.19373,21|71|73|79,
19114,W MARKET ST AT GRAY ST,40.75387000000001,-74.1948,21|71|73|79,
19117,W PEDDIE ST AT BADGER AVE,40.71472,-74.19859000000001,27,
19118,WILSON AVE AT PATTERSON ST,40.72655,-74.15434,25,
19119,WILSON AVE AT ANN ST,40.72483,-74.15266000000001,25,
19120,WILSON AVE AT GARRISON ST,40.72326,-74.15112,25,
19121,WILSON AVE AT JABEZ ST,40.72196,-74.14984000000001,25,
19122,WILSON AVE AT AVENUE K,40.72055,-74.14736,25,
19123,WILSON AVE AT AVENUE L,40.71992,-74.14468000000001,25,
19124,WILSON AVE AT HYATT AVE,40.71649,-74.13977000000001,25,
19125,WILSON AVE AT AVENUE P,40.71456000000001,-74.13542000000001,25,
19126,WILSON AVE AT DOREMUS AVE,40.71332,-74.13086000000001,25,
19127,WILSON AVE AT AVENUE P,40.71453,-74.13489000000001,25|375,
19128,WILSON AVE 175'E OF HYATT AVE,40.71652,-74.13961,25,
19129,WILSON AVE AT AVENUE L,40.72001,-74.14420000000001,25,
19130,WILSON AVE AT AMSTERDAM AVE,40.72045000000001,-74.14684000000001,25,
19131,WILSON AVE AT ROME ST,40.72201,-74.14978,25,
19132,WILSON AVE AT BARBARA ST,40.72318000000001,-74.15089,25,
19133,WILSON AVE AT MARNE ST,40.72397,-74.15166,25,
19134,WILSON AVE AT HENSLER ST,40.72569,-74.15334,25,
19135,WILSON AVE AT MERCHANT ST,40.72775,-74.15536,25,
19136,1ST AVE AT NORTH 12TH ST,40.76958,-74.18788,34,
19137,1ST AVE AT NORTH 10TH ST,40.76908,-74.1862,34,
19138,1ST AVE AT NORTH 10TH ST,40.76905,-74.1858,34,
19139,1ST AVE AT NORTH 12TH ST,40.76958,-74.18757000000001,34,
19140,1ST AVE AT NORTH 13TH ST,40.76984,-74.18848000000001,34,
19141,9TH AVE AT SOUTH 12TH ST,40.75154000000001,-74.19731,5,
19142,12TH AVE AT SOUTH 11TH ST,40.74504,-74.19953000000001,5,
19143,12TH AVE AT SOUTH 8TH ST,40.74414,-74.19643,34,
19144,12TH AVE AT LITTLETON AVE,40.74348000000001,-74.19415000000001,34,
19145,12TH AVE AT BERGEN ST,40.74265,-74.19147000000001,34,
19146,12TH AVE AT NEWTON ST,40.74137,-74.18737,34,
19147,12TH AVE AT BERGEN ST,40.74282,-74.19173,34,
19148,12TH AVE AT LITTLETON AVE,40.74345,-74.19379,34,
19149,12TH AVE AT SOUTH 8TH ST,40.74427,-74.19659,34,
19150,14TH AVE AT S 18TH ST,40.74068,-74.20847,96,
19151,14TH AVE AT S 15TH ST,40.74008000000001,-74.20577,96,
19152,14TH AVE AT ASHLAND ST,40.73974,-74.20419000000001,96,
19155,14TH AVE AT S 14TH ST,40.73992000000001,-74.2046,96,
19156,14TH AVE AT S 18TH ST,40.74071,-74.20818000000001,96,
19158,15TH AVE AT BEDFORD ST,40.73497,-74.1907,1,
19159,15TH AVE AT BEDFORD ST,40.73500000000001,-74.19032,1,
19161,SOUTH 20TH ST LOOP AT 16TH AVE,40.73746000000001,-74.21111,1,
19162,16TH AVE AT SOUTH 20TH ST,40.73755000000001,-74.21124,1,
19164,16TH AVE AT SOUTH 16TH ST,40.73675,-74.20762,1,
19165,16TH AVE AT SOUTH 13TH ST,40.73624,-74.20531000000001,1,
19166,16TH AVE AT SOUTH 10TH ST,40.73561,-74.20252,1,
19167,16TH AVE AT SOUTH 7TH ST,40.73503,-74.19991,1,
19168,16TH AVE AT BERGEN ST,40.73402,-74.1953,1,
19169,16TH AVE AT CAMDEN ST,40.73436,-74.19638,1,
19170,16TH AVE AT 6TH ST,40.73489,-74.19872000000001,1,
19171,16TH AVE AT SOUTH 7TH ST,40.73508,-74.19958000000001,1,
19172,16TH AVE AT SOUTH 10TH ST,40.73563,-74.20205,1,
19173,16TH AVE AT SOUTH 13TH ST,40.73629,-74.20502,1,
19174,16TH AVE AT SOUTH 16TH ST,40.73690000000001,-74.20771,1,
19175,16TH AVE AT 18TH ST,40.7374,-74.20998,1,
19178,18TH AVE AT MEAD ST,40.74005,-74.23256,1|361,
19179,18TH AVE AT STUYVESANT AVE,40.73955,-74.23109000000001,1|361,
19180,18TH AVE AT SUNSET AVE,40.73905000000001,-74.2288,1|361,
19182,18TH AVE AT SOUTH 19TH ST,40.73359000000001,-74.21216000000001,361,Ivy Hill Express
19183,18TH AVE AT SOUTH 17TH ST,40.73319,-74.21039,361,Ivy Hill Express
19184,18TH AVE AT SOUTH 15TH ST,40.7328,-74.20866000000001,361,Ivy Hill Express
19185,18TH AVE AT SOUTH 13TH ST,40.73238000000001,-74.20676,361,Ivy Hill Express
19186,18TH AVE AT KENT ST,40.73142,-74.20231000000001,5,
19187,18TH AVE AT MUHAMMED ALI BLVD,40.73070000000001,-74.19893,5,
19188,18TH AVE AT BERGEN ST,40.73022,-74.19669,5,
19189,18TH AVE AT HUNTERDON ST,40.72996000000001,-74.19550000000001,5,
19190,18TH AVE AT BOYD ST,40.72932,-74.19252,5,
19192,18TH AVE AT BOYD ST,40.72937,-74.19228000000001,5,
19193,18TH AVE AT NEW FAIRVIEW AVE,40.72988,-74.19463,5,
19194,18TH AVE AT BERGEN ST,40.73027,-74.19641,5,
19195,18TH AVE AT MUHAMMED ALI BLVD,40.73087,-74.19923,5,
19197,18TH AVE AT SOUTH 13TH ST,40.73244,-74.20649,361,Newark
19198,18TH AVE AT SOUTH 15TH ST,40.73284,-74.20831000000001,361,Newark
19199,18TH AVE AT SOUTH 17TH ST,40.73323000000001,-74.21008,361,Newark
19200,18TH AVE AT SOUTH 19TH ST,40.73365,-74.21187,361,Newark
19201,18TH AVE AT WEST END AVE,40.73864,-74.22645,1|361,
19202,18TH AVE AT ALEXANDER ST,40.7389,-74.22771,1|361,
19203,18TH AVE AT NORWOOD ST,40.73956,-74.23064000000001,1|361,
19204,18TH AVE AT SMITH ST,40.74035000000001,-74.23311000000001,1|361,
19205,GOUVERNOUR ST at RT-21 #,40.75437,-74.16753,76,Newark
19206,MARKET ST AT UNIVERSITY AVE,40.73685,-74.17632,21|34,
19207,SOUTH 14TH ST AT GOULD AVE#,40.75405000000001,-74.19785,5,
19208,SOUTH 14TH ST AT GOULD AVE#,40.75431,-74.19791000000001,5,
19209,9TH AVE AT SOUTH 14TH ST#,40.75219000000001,-74.19919,5,
19210,9TH AVE AT SOUTH 14TH ST#,40.75203,-74.19907,5,
19213,ROSEVILLE AVE AT 1ST AVE#,40.76851000000001,-74.18439000000001,34,
19214,NORTHERN STATE PRISON#,40.71256,-74.17063,40,Kearny
19215,FIRMENCH WAY AT DOREMUS AVE#,40.70206,-74.13588,25,
19216,FIRMENCH WAY AT G.O.D. WAY/WAREHOUSE PL#,40.70079,-74.13294,25,
19218,PAVILLION APARTMENTS AT TOWER NORTH#,40.75048,-74.17195000000001,108,New York
19219,PAVILLION APARTMENTS AT TOWER SOUTH#,40.74912,-74.1725,108,New York
19220,PAVILLION APARTMENTS AT TOWER SOUTH#,40.74910000000001,-74.17241,108,Newark
19221,PAVILLION APARTMENTS AT TOWER NORTH#,40.75048,-74.17189,108,Newark
19222,DOREMUS AVE & PORT ST#,40.69983000000001,-74.13813,40,Kearny
19223,DOREMUS AVE & PORT ST#,40.70015,-74.13848,40,Jersey Gardens
19224,BLOOMFIELD AVE AT WHITE ROCK RD,40.83489,-74.25965000000001,105|29,
19226,BLOOMFIELD AVE AT CHESTNUT ST,40.82162,-74.1665,13,Broad Street
19227,BLOOMFIELD AVE AT COEYMAN AVE,40.82558,-74.16319,13,Broad Street
19228,BLOOMFIELD AVE AT SOUTH SPRING GARDEN AVE,40.82786,-74.16105,13,Broad Street
19229,BLOOMFIELD AVE AT HIGH ST,40.82948,-74.15959000000001,13,Broad Street
19230,BLOOMFIELD AVE AT SPRUCE ST,40.831,-74.15849,13,Broad Street
19231,BLOOMFIELD AVE AT SPRUCE ST,40.83053,-74.15892000000001,13,Clinton Avenue
19232,BLOOMFIELD AVE AT HIGH ST,40.82926,-74.15987000000001,13,Clinton Avenue
19233,BLOOMFIELD AVE AT NORTH SPRING GARDEN AVE,40.82824,-74.16083,13,Clinton Avenue
19234,BLOOMFIELD AVE AT COEYMAN AVE,40.82582,-74.1631,13,Clinton Avenue
19235,BLOOMFIELD AVE AT CHESTNUT ST,40.82192000000001,-74.16634,13,Clinton Avenue
19237,BLOOMFIELD AVE AT CENTRE ST,40.81824,-74.16923000000001,13,Clinton Avenue
19238,CENTRE ST AT PROSPECT ST,40.81649,-74.16589,13,Clinton Avenue
19239,CENTRE ST AT FRANKLIN AVE,40.81517,-74.16274,13,Clinton Avenue
19240,CENTRE ST AT RAVINE AVE,40.81437,-74.16082,13,Clinton Avenue
19241,CENTRE ST AT PASSAIC AVE,40.81272000000001,-74.15672,13,Clinton Avenue
19242,CENTRE ST AT FREEMAN PL,40.81197,-74.15424,13,Clinton Avenue
19243,CENTRE ST AT UNION AVE,40.81116,-74.15151,13,Clinton Avenue
19244,CENTRE ST AT WASHINGTON AVE,40.81005,-74.14777000000001,13|27|74,Clinton Avenue
19245,CENTRE ST AT WASHINGTON AVE,40.81023,-74.14807,13|27|74,Broad Street
19246,CENTRE ST AT UNION AVE,40.81113000000001,-74.15103,13|27|74,Broad Street
19247,CENTRE ST AT FREEMAN PL,40.81199,-74.15398,13,Broad Street
19248,CENTRE ST AT PASSAIC AVE,40.81271,-74.15633000000001,13,Broad Street
19249,CENTRE ST AT PARK DR,40.81408,-74.15983,13,Broad Street
19250,CENTRE ST AT FRANKLIN AVE,40.81508,-74.16228000000001,13,Broad Street
19251,CENTRE ST AT PROSPECT ST,40.81637000000001,-74.16541000000001,13,Broad Street
19252,CENTRE ST AT BLOOMFIELD AVE,40.81805000000001,-74.16907,13,Broad Street
19253,FRANKLIN AVE AT ESSEX ST,40.8091,-74.16631000000001,74,
19254,FRANKLIN AVE AT HARRISON ST,40.81195,-74.16473,74,
19255,FRANKLIN AVE AT CENTRE ST,40.81499,-74.16256,74,
19256,FRANKLIN AVE AT CHURCH ST,40.81759,-74.16062000000001,74,
19257,FRANKLIN AVE AT CHESTNUT ST,40.81955000000001,-74.15921,74,
19258,FRANKLIN AVE AT LLOYD ST,40.82162,-74.15773,74,
19259,FRANKLIN AVE AT VREELAND AVE,40.82281,-74.15632000000001,74,
19260,FRANKLIN AVE AT EAST HIGH ST,40.82490000000001,-74.15353,74,
19261,FRANKLIN AVE AT YANTACAW PL,40.8262,-74.15174,74,
19262,FRANKLIN AVE AT KINGSLAND ST,40.82826,-74.14972,74,
19263,FRANKLIN AVE AT YANTACAW PL,40.82642000000001,-74.15167000000001,74,
19264,FRANKLIN AVE AT EAST HIGH ST,40.82491,-74.15376,74,
19265,FRANKLIN AVE AT VREELAND AVE,40.82306000000001,-74.15621,74,
19266,FRANKLIN AVE AT LLOYD ST,40.82184,-74.15773,74,
19267,FRANKLIN AVE AT CHESTNUT ST,40.81942,-74.15945,74,
19268,FRANKLIN AVE AT CHURCH ST,40.81777,-74.16066000000001,74,
19269,FRANKLIN AVE AT CENTRE ST,40.81526,-74.16250000000001,74,
19270,FRANKLIN AVE AT HARRISON ST,40.81184,-74.16492000000001,74,
19271,FRANKLIN AVE AT TREMONT PL,40.80879,-74.16663000000001,74,
19276,KINGSLAND ST AT JOERG AVE,40.83583,-74.16219000000001,13|192|199,Clinton Avenue
19277,KINGSLAND ST AT ALEXANDER AVE,40.83429,-74.16103000000001,13|192|199,Clinton Avenue
19278,KINGSLAND ST AT EDISON AVE,40.83324,-74.15946000000001,13|192|199,Clinton Avenue
19279,KINGSLAND ST AT BLOOMFIELD AVE,40.83265,-74.15774,13|192|199,Clinton Avenue
19280,KINGSLAND ST AT CATHEDRAL AVE,40.82988,-74.15322,192|199,New York
19281,KINGSLAND ST AT FRANKLIN AVE,40.82844,-74.14991,13|192|199,Clinton Avenue
19282,KINGSLAND ST AT PASSAIC AVE,40.82683,-74.14685,13|192|199|74,
19283,KINGSLAND ST AT LAKESIDE DR,40.82682,-74.14299000000001,13|192|199|27|74,Clinton Avenue
19284,KINGSLAND ST AT PASSAIC AVE,40.82689000000001,-74.14613,13|192|199|74,Broad Street
19285,KINGSLAND ST AT FRANKLIN AVE,40.82832000000001,-74.14951,13|192|199|74,
19286,KINGSLAND ST AT TERRACE AVE,40.82944000000001,-74.15171000000001,13|192|199,Broad Street
19287,KINGSLAND ST 1218' W OF CATHEDRAL AVE.,40.8319,-74.1567,192|199,Clifton
19288,KINGSLAND ST AT BLOOMFIELD AVE,40.83283,-74.15807000000001,13|192|199,Broad Street
19289,KINGSLAND ST AT EDISON AVE,40.83343,-74.15967,13|192|199,Broad Street
19291,KINGSLAND ST AT JOERG AVE,40.83601,-74.16217,13|192|199,Broad Street
19294,PASSAIC AVE AT JACKSON ST,40.82824,-74.14540000000001,27|74,
19295,PASSAIC AVE AT KINGSLAND ST,40.8271,-74.14647000000001,74,
19296,RIVER RD AT WHITE TERRACE,40.81717,-74.13821,192|199,Clifton
19297,RIVER RD 300'S OF KINGSLAND ST,40.82230000000001,-74.1349,192|199,Clifton
19298,RIVER RD 1100'S OF KINGSLAND ST,40.82029,-74.13596000000001,192|199,Clifton
19299,RIVER RD 1100'S OF KINGSLAND ST,40.82031000000001,-74.1361,192|199,New York
19300,RIVER RD AT WHITE TERRACE,40.81731000000001,-74.13824000000001,192|199,New York
19301,UNION AVE AT KING ST,40.80782000000001,-74.15231,27|74,
19302,UNION AVE AT CONOVER AVE,40.80984,-74.15169,27|74,
19303,UNION AVE AT CENTRE ST,40.81099,-74.15134,27|74,
19304,UNION AVE AT CONOVER AVE,40.81002,-74.15173,27|74,
19305,UNION AVE AT KING ST,40.80805,-74.15232,27|74,
19306,WASHINGTON AVE AT BIG TREE GARAGE,40.80663000000001,-74.14638000000001,13,Broad Street
19307,WASHINGTON AVE AT PARK AVE,40.81152,-74.14513000000001,13|27|74,Broad Street
19308,WASHINGTON AVE AT GRANT AVE,40.81421,-74.14410000000001,13|27|74,Broad Street
19311,WASHINGTON AVE AT HOWE AVE,40.82448,-74.13997,13|27|74,Broad Street
19312,WASHINGTON AVE AT ROOSEVELT ST,40.82303,-74.14091,13|27|74,Clinton Avenue
19315,WASHINGTON AVE AT GRANT AVE,40.81402000000001,-74.14434,13|27|74,Clinton Avenue
19316,WASHINGTON AVE AT PARK AVE,40.81203,-74.1451,13|27|74,Clinton Avenue
19317,WASHINGTON AVE AT BIG TREE GARAGE,40.80651,-74.14654,13,Clinton Avenue
19320,PRUDENTIAL CAMPUS,40.81361,-74.29738,71,Newark
19321,PRUDENTIAL DR AT CLOSED DVWY GATE,40.8117,-74.29454000000001,71,Newark
19322,PRUDENTIAL DR AT SCHERING ENTRANCE,40.81189000000001,-74.29495,71,West Caldwell
19323,PRUDENTIAL CAMPUS,40.81344,-74.29688,71,West Caldwell
19324,ROSELAND AVE AT HARRISON AVE#,40.8224,-74.29258,71,Newark
19325,ROSELAND AVE AT HARRISON AVE#,40.82269,-74.29257000000001,71,West Caldwell
19326,EAGLE ROCK AVE AT ROSELAND AVE#,40.82083,-74.29462000000001,71,West Caldwell
19327,EAGLE ROCK AVE AT ROSELAND PL#,40.82073,-74.29492,71,Newark
19328,IRVINGTON AVE AT ACADEMY ST,40.74533,-74.2573,107,New York
19329,IRVINGTON AVE AT PROSPECT ST,40.74431000000001,-74.25643000000001,107,New York
19330,IRVINGTON AVE AT TICHENOR AVE,40.74217,-74.25453,107,New York
19331,IRVINGTON AVE AT SETON PL,40.73857,-74.25184,107,Irvington
19332,IRVINGTON AVE AT RIGGS PL,40.7423,-74.25444,107,Irvington
19333,IRVINGTON AVE AT PROSPECT ST,40.74411000000001,-74.25606,107,Irvington
19334,SCOTLAND RD AT RALSTON AVE,40.74811,-74.25590000000001,92,
19335,SCOTLAND RD AT MONTROSE AVE,40.75419,-74.25078,92,
19336,SCOTLAND RD AT MONTROSE AVE,40.75465000000001,-74.25071000000001,92,
19337,SCOTLAND RD AT RALSTON AVE,40.74797,-74.25607000000001,92,
19338,SLOAN ST AT 2ND ST,40.74454,-74.26156,107|31|92,Irvington
19341,SOUTH ORANGE AVE AT COTTAGE ST,40.745,-74.25332,31,Newark Penn Station
19342,SOUTH ORANGE AVE 250' E OF WARD ST,40.74455,-74.24731000000001,31,Newark Penn Station
19343,SOUTH ORANGE AVE AT KINGMAN RD,40.74563000000001,-74.23974000000001,31,Newark Penn Station
19344,SOUTH ORANGE AVE AT KINGMAN RD,40.74583000000001,-74.24035,31,South Orange Avenue
19345,SOUTH ORANGE AVE AT UNIVERSITY CT,40.74473,-74.24807000000001,31,South Orange Avenue
19346,SOUTH ORANGE AVE AT COTTAGE ST,40.74516000000001,-74.25342,31,South Orange Avenue
19347,SOUTH ORANGE AVE 75'W OF PROSPECT ST,40.74542,-74.25590000000001,107|31,Irvington
19353,VALLEY ST AT 1ST ST,40.74512,-74.25896,107|31|92,New York
19354,VALLEY ST AT 1ST ST,40.74518,-74.25918,107|31|92,Irvington
19357,BLOOMFIELD AVE AT FELLS RD,40.83449,-74.25668,105|29,
19358,BLOOMFIELD AVE AT FOREST AVE,40.83414,-74.25248,105|29,
19359,BLOOMFIELD AVE AT WEST LINCOLN ST,40.83402,-74.25133000000001,105|29,
19360,BLOOMFIELD AVE AT EAST LINCOLN ST,40.83362,-74.25011,105|29,
19361,BLOOMFIELD AVE AT SOUTH PROSPECT ST,40.83296,-74.24879,105|29,
19362,BLOOMFIELD AVE AT LAKESIDE AVE,40.83204000000001,-74.24653,105|29,
19363,BLOOMFIELD AVE AT PARK PL,40.83111,-74.24436,105|29,
19364,BLOOMFIELD AVE AT CUMBERLAND AVE,40.82991000000001,-74.24249,105|29,
19365,BLOOMFIELD AVE AT PARK AVE,40.82881,-74.24094000000001,105|29,
19366,BLOOMFIELD AVE 15' W OF MALVERN PL.,40.82755,-74.23811,105|29,
19367,BLOOMFIELD AVE AT BROOKDALE AVE,40.82691000000001,-74.23660000000001,105|29,
19368,BLOOMFIELD AVE 15'E OF WESTVIEW RD,40.82595000000001,-74.23427000000001,105|29,
19369,BLOOMFIELD AVE AT MT PROSPECT AVE,40.82525,-74.23135,29,
19370,BLOOMFIELD AVE AT SUNSET AVE,40.82489,-74.22811,11|29,
19371,BLOOMFIELD AVE AT POMPTON AVE,40.82544,-74.23146000000001,105|29,
19372,BLOOMFIELD AVE AT WESTVIEW RD,40.82624000000001,-74.23468000000001,105|29,
19373,BLOOMFIELD AVE AT HILLCREST TERRACE,40.82732,-74.23719000000001,105|29,
19374,BLOOMFIELD AVE AT PARK AVE,40.82884000000001,-74.24071,105|29,
19375,BLOOMFIELD AVE AT CUMBERLAND AVE,40.83035,-74.24282000000001,105|29,
19376,BLOOMFIELD AVE AT PARK PL,40.83137000000001,-74.24457000000001,105|29,
19377,BLOOMFIELD AVE AT LAKESIDE AVE,40.83216,-74.24642,105|29,
19378,BLOOMFIELD AVE AT GROVE AVE,40.83293,-74.24829000000001,105|29,
19379,BLOOMFIELD AVE AT FAIRVIEW AVE,40.83403000000001,-74.25070000000001,105|29,
19380,BLOOMFIELD AVE AT FOREST AVE,40.83423000000001,-74.25201000000001,105|29,
19381,BLOOMFIELD AVE AT LINN DR,40.83466000000001,-74.25703,105|29,
19382,POMPTON AVE AT LOUISBURG SQ,40.82700000000001,-74.22971000000001,105|11,Newark
19383,POMPTON AVE AT WESTOVER RD,40.82887,-74.22895000000001,105|11,Newark
19384,POMPTON AVE AT NASSAU RD,40.83109,-74.22811,105|11,Newark
19385,POMPTON AVE AT CLAIRIDGE DR,40.83374000000001,-74.22711000000001,105|11,Newark
19386,POMPTON AVE AT MARTIN RD,40.83054000000001,-74.22846000000001,105|11,Willowbrook
19387,POMPTON AVE AT CLAREMONT AVE,40.82661,-74.23001000000001,105|11,Willowbrook
19388,LAKESIDE AVE AT HILLSIDE AVE,40.82489,-74.25063,29,
19389,LAKESIDE AVE AT PEASE AVE,40.82826,-74.24754,29,
19392,LAKESIDE AVE AT WINDEMERE RD#,40.82657,-74.24854,29,
19396,BLOOMFIELD AVE AT KIRKPATRICK LANE,40.85139,-74.29905000000001,29,
19397,BLOOMFIELD AVE 265'E OF PASSAIC AVE,40.84995000000001,-74.29490000000001,105|29|71,
19398,BLOOMFIELD AVE AT FAIRFIELD AVE,40.84897,-74.29221000000001,105|29|71,
19399,BLOOMFIELD AVE AT MELROSE PL,40.84729,-74.29028000000001,105|29|71,
19400,BLOOMFIELD AVE AT LANE AVE,40.84576000000001,-74.28762,105|29|71,
19401,BLOOMFIELD AVE 130'E OF GRAY ST,40.84677000000001,-74.28942,105|29|71,
19402,BLOOMFIELD AVE AT DODD RD,40.84814,-74.29084,105|29|71,
19404,BLOOMFIELD AVE 204'E OF PASSAIC AVE,40.8503,-74.29534000000001,105|29|71,
19405,BLOOMFIELD AVE AT KIRKPATRICK LANE,40.8516,-74.29905000000001,29,
19409,ESSEX MALL/CLINTON RD STOP,40.85288000000001,-74.29737,105|29|71,
19410,CLINTON RD AT PASSAIC AVE,40.85208,-74.29503000000001,105|29|71,
19411,FAIRFIELD CRESCENT AT FAIRFIELD AVE,40.86549,-74.28497,71,Newark
19412,FAIRFIELD CRESCENT AT FAIRFIELD PLACE,40.8659,-74.29,71,Newark
19413,FAIRFIELD PL 830'S OF FAIRFIELD AVE.,40.86439,-74.28845000000001,71,Newark
19414,FAIRFIELD PL 122'S OF FAIRFIELD AVE.,40.86337,-74.28636,71,Newark
19415,HENDERSON DR AT DEDRICK PL,40.85533,-74.29424,71,West Caldwell
19416,HENDERSON DR 638'W OF DEDRICK PL,40.85648,-74.29647,71,West Caldwell
19420,KIRKPATRICK LANE AT BLOOMFIELD AVE,40.85237,-74.29818,105|29|71,
19421,PASSAIC AVE AT DODGE DR,40.85276,-74.29377000000001,71,Newark
19429,PLEASANT VALLEY WAY AT EAGLE ROCK AVE,40.81004,-74.25973,71,West Caldwell
19430,EAGLE ROCK AVE AT MANN AVE,40.80956,-74.25604000000001,71,West Caldwell
19431,EAGLE ROCK AVE AT CONFORTI AVE,40.80901,-74.25456000000001,71,West Caldwell
19432,EAGLE ROCK AVE AT BARRY DR,40.80792,-74.25383000000001,71,West Caldwell
19433,EAGLE ROCK AVE AT FITZRANDOLPH RD,40.806,-74.25301,71,West Caldwell
19434,EAGLE ROCK AVE AT BLACKBURNE TER,40.80453000000001,-74.25154,71,West Caldwell
19435,EAGLE ROCK AVE AT WOODHULL AVE,40.80347,-74.24892000000001,71,West Caldwell
19436,EAGLE ROCK AVE AT WOODHULL AVE,40.80372000000001,-74.24917,71,Newark
19437,EAGLE ROCK AVE AT ROBERTSON RD,40.80487,-74.25179,71,Newark
19438,EAGLE ROCK AVE AT TERRACE AVE,40.80588,-74.25279,71,Newark
19439,EAGLE ROCK AVE AT PHYLLIS RD,40.80745,-74.25339000000001,71,Newark
19440,EAGLE ROCK AVE AT BARRY DR,40.80852,-74.25405,71,Newark
19441,EAGLE ROCK AVE AT CONFORTI AVE,40.8095,-74.25510000000001,71,Newark
19442,HARRISON AVE AT ELM ST,40.79417,-74.23053,101|97,Montclair
19443,HARRISON AVE AT MAPLE ST,40.79482,-74.22917000000001,101|97,Montclair
19444,HARRISON AVE AT KIRK ST,40.79533,-74.22850000000001,101|97,Montclair
19445,HARRISON AVE AT ELM ST,40.79419,-74.23067,101|97,East Orange
19446,HARRISON AVE AT KIRK ST,40.79504,-74.22899000000001,101|97,East Orange
19447,MAIN ST AT LINDSLEY AVE,40.77796,-74.23901000000001,21|71|73|79,
19448,MAIN ST 40'N OF WHITE ST,40.77948000000001,-74.23823,21,
19449,MAIN ST AT PARK AVE,40.78173,-74.2368,21,
19451,MAIN ST AT LAKESIDE AVE,40.7841,-74.23404000000001,21,
19452,MAIN ST AT ALDEN ST,40.78519,-74.23310000000001,21,
19453,MAIN ST AT KLING ST,40.78678,-74.23183,21,
19454,MAIN ST AT FRANKLIN AVE,40.78848,-74.23111,21|97,
19455,MAIN ST AT MCKINLEY AVE,40.78997,-74.23235000000001,21|97,
19456,MAIN ST AT ASHWOOD TERRACE,40.79198,-74.23317,21|97,
19457,MAIN ST AT PARK DR NORTH,40.79172000000001,-74.23332,21|97,
19458,MAIN ST AT PARK TERRACE,40.79089,-74.23312,21|97,
19459,MAIN ST AT MCKINLEY AVE,40.78963,-74.23222000000001,21|97,
19460,MAIN ST AT LLEWELLYN AVE,40.78821000000001,-74.23116,21,
19461,MAIN ST AT ERWIN PL,40.78598,-74.23262000000001,21,
19462,MAIN ST AT EDISONIA TER,40.78454,-74.23378000000001,21,
19463,MAIN ST AT LAKESIDE AVE,40.78394,-74.23432000000001,21,
19464,MAIN ST AT PARK WAY,40.78153,-74.23709000000001,21,
19465,MAIN ST AT LINDSLEY AVE,40.77772,-74.23928000000001,21|71|73|79,
19467,MT PLEASANT AVE AT MERKLIN AVE,40.79289,-74.28317000000001,71,West Caldwell
19468,MT PLEASANT AVE AT ELLISON AVE,40.79174,-74.28096000000001,71,West Caldwell
19469,MT PLEASANT AVE AT SUMMIT ST,40.79043,-74.27847000000001,71,West Caldwell
19470,MT PLEASANT AVE AT SKYLINE DR,40.79040000000001,-74.27524000000001,71,West Caldwell
19471,MT PLEASANT AVE AT RIDGE RD,40.78769,-74.25443,71,West Caldwell
19472,MT PLEASANT AVE AT BYRNE RD,40.78495,-74.25095,71,West Caldwell
19473,MT PLEASANT AVE AT GREGORY AVE,40.78281,-74.25015,71,West Caldwell
19474,MT PLEASANT AVE AT GREENTREE RD,40.78149000000001,-74.24732,71,West Caldwell
19475,MT PLEASANT AVE AT RANDOLPH PL,40.78079,-74.24529000000001,71,West Caldwell
19476,MT PLEASANT AVE AT LONGVIEW ST,40.78032,-74.24393,71,West Caldwell
19477,MT PLEASANT AVE AT GASTON ST,40.77929,-74.24059000000001,71|73|79,West Caldwell
19478,MT PLEASANT AVE AT GASTON ST,40.77945,-74.24075,71|73|79,Newark
19479,MT PLEASANT AVE AT BROOKSIDE RD,40.78056,-74.24433,71,Newark
19480,MT PLEASANT AVE AT GREENTREE RD,40.78164,-74.24751,71,Newark
19481,MT PLEASANT AVE AT HIGHLAND PL,40.78244,-74.24952,71,Newark
19482,MT PLEASANT AVE AT BYRNE RD,40.7851,-74.25084000000001,71,Newark
19483,MT PLEASANT AVE AT JONES PL,40.78651,-74.25132,71,Newark
19484,MT PLEASANT AVE AT RIDGE RD,40.78776000000001,-74.25449,71,Newark
19485,MT PLEASANT AVE AT CAROLINA AVE,40.79154,-74.27242000000001,71,Newark
19486,MT PLEASANT AVE AT SUMMIT ST,40.79051,-74.27850000000001,71,Newark
19487,MT PLEASANT AVE AT ELLISON AVE,40.79193,-74.28112,71,Newark
19488,MT PLEASANT AVE AT MERKLIN AVE,40.79311000000001,-74.28327,71,Newark
19489,MT PLEASANT AVE AT CRESTMONT RD,40.79421000000001,-74.28646,71,Newark
19490,NORTHFIELD AVE AT DOGWOOD RD,40.76953,-74.29835,73,
19491,NORTHFIELD AVE OPP. VIZCAYA BLVD,40.7681,-74.29531,73,
19492,NORTHFIELD AVE AT ASPEN RD,40.76702,-74.29302000000001,73,
19493,NORTHFIELD AVE AT WARNICK LN,40.76943,-74.28364,73,
19494,NORTHFIELD AVE AT ZOO AND ARENA LOOP,40.7696,-74.28068,73,
19495,NORTHFIELD AVE AT SHERIDAN AVE,40.77015,-74.27737,73,
19496,NORTHFIELD AVE AT ROCK SPRING AVE,40.77043,-74.27331000000001,73,
19497,NORTHFIELD AVE AT RIDGEWAY AVE,40.77295,-74.26636,73,
19498,NORTHFIELD AVE AT PROSPECT AVE,40.77452,-74.26052,73,
19499,NORTHFIELD AVE AT BRANDFORD AVE,40.77551,-74.25908000000001,73,
19500,NORTHFIELD AVE AT COLONY DR,40.77636,-74.2506,73,
19501,NORTHFIELD AVE AT BEVERLY RD,40.77608,-74.24948,73,
19503,NORTHFIELD AVE AT OLD NORTHFIELD RD,40.77563000000001,-74.24382,73,
19504,NORTHFIELD AVE AT WHEELER ST,40.77627,-74.24051,73,
19505,NORTHFIELD AVE AT WHEELER ST,40.77633,-74.24078,73,
19506,NORTHFIELD AVE AT HUTTON AVE,40.77559,-74.24448000000001,73,
19507,NORTHFIELD AVE AT SETON HALL PREP DR,40.77572000000001,-74.24737,73,
19508,NORTHFIELD AVE AT LINDEN AVE,40.77634,-74.24992,73,
19509,NORTHFIELD AVE AT GREGORY AVE,40.7771,-74.25293,73,
19510,NORTHFIELD AVE AT GRANDVIEW AVE,40.77641000000001,-74.25839,73,
19511,NORTHFIELD AVE AT PROSPECT AVE,40.77442000000001,-74.26142,73,
19512,NORTHFIELD AVE AT RIDGEWAY AVE,40.77272000000001,-74.26790000000001,73,
19513,NORTHFIELD AVE AT ROCK SPRING AVE,40.77063,-74.27413,73,
19514,NORTHFIELD AVE AT SHERIDAN AVE,40.77032000000001,-74.27761000000001,73,
19515,NORTHFIELD AVE AT WARNICK LN,40.7696,-74.28379000000001,73,
19516,NORTHFIELD AVE AT WOODS END RD,40.76692000000001,-74.29236,73,
19517,NORTHFIELD AVE AT VIZCAYA BLVD,40.76864,-74.29599,73,
19519,PLEASANT VALLEY WAY AT MT PLEASANT AVE,40.79309000000001,-74.26926,71,West Caldwell
19520,PLEASANT VALLEY WAY AT ELMWOOD AVE,40.7956,-74.2681,71,West Caldwell
19521,PLEASANT VALLEY WAY 335'N OF BUCKINGHAM RD,40.79786,-74.26646000000001,71,West Caldwell
19522,PLEASANT VALLEY WAY AT BELLE TERRE RD,40.79944,-74.26549,71,West Caldwell
19523,PLEASANT VALLEY WAY AT WESSMAN DR,40.80114,-74.26503000000001,29|71,West Caldwell
19524,PLEASANT VALLEY WAY AT HOOPER AVE,40.80251000000001,-74.26448,29|71,West Caldwell
19525,PLEASANT VALLEY WAY AT ALISA PL,40.80494,-74.2629,29|71,West Caldwell
19526,PLEASANT VALLEY WAY AT STANFORD AVE,40.80713,-74.26166,29|71,West Caldwell
19527,PLEASANT VALLEY WAY AT GREENWOOD AVE,40.80854,-74.26103,29|71,West Caldwell
19528,PLEASANT VALLEY WAY AT EAGLE ROCK AVE,40.80991,-74.26069000000001,29|71,Newark
19529,PLEASANT VALLEY WAY AT GREENWOOD AVE,40.80843,-74.26128,29|71,Newark
19530,PLEASANT VALLEY WAY AT STANFORD AVE,40.80701000000001,-74.26193,29|71,Newark
19531,PLEASANT VALLEY WAY AT LAKEVIEW DR,40.8047,-74.26332000000001,29|71,Newark
19532,PLEASANT VALLEY WAY AT SUNNYSIDE RD,40.80304,-74.26443,29|71,Newark
19533,PLEASANT VALLEY WAY AT DAWSON AVE,40.80158,-74.26504,29|71,Newark
19534,PLEASANT VALLEY WAY AT BELLE TERRE RD,40.79947000000001,-74.26567,29|71,Newark
19535,PLEASANT VALLEY WAY AT MT. VERNON AVE,40.79635,-74.26780000000001,71,Newark
19536,PLEASANT VALLEY WAY AT MT. PLEASANT PL,40.79371,-74.26903,71,Newark
19537,PROSPECT AVE 50' N OF MARCELLA AVE.,40.78947,-74.25524,71,Newark
19538,PROSPECT AVE AT GUERINO PL,40.79243,-74.25415000000001,71,Newark
19539,ESSEX GREEN SHOPPING CENTER,40.79097,-74.25474000000001,71,Newark
19542,PROSPECT AVE AT EAGLE ROCK AVE,40.80253,-74.24836,71,West Caldwell
19543,PROSPECT AVE AT HARRINGTON TER,40.80115,-74.25044000000001,71,West Caldwell
19544,ESSEX GREEN SHOPPING CENTER,40.79242,-74.25443,71,West Caldwell
19545,PROSPECT AVE AT MARCELLA AVE,40.789,-74.2557,71,West Caldwell
19546,WASHINGTON ST AT LIBERTY ST,40.78598,-74.22814000000001,97,East Orange
19547,WASHINGTON ST AT WATCHUNG AVE,40.78542,-74.22723,97,Montclair
19553,MISSISSIPPI AVE LOOP,40.79434000000001,-74.23280000000001,101|21,
19555,PLEASANT VALLEY WAY AT FAIRWAY AVE,40.82278,-74.25186000000001,29,
19556,PLEASANT VALLEY WAY AT NESTRO RD#,40.81645,-74.25622,29,
19557,MAIN ST AT WHITE ST#,40.77865000000001,-74.23893000000001,21,
19558,NORTHFIELD AVE AT GRANDVIEW AVE#,40.77615,-74.25838,73,
20251,AVE C AT W 2ND ST,40.64695,-74.13046,12|120|81,Jersey City
20252,AVE C AT W 3RD ST,40.64835,-74.13036000000001,12|120|81,Jersey City
20253,AVE C AT W 5TH ST,40.65129,-74.13015,120|81,Jersey City
20254,AVE C AT W 12TH ST,40.65737,-74.12699,120|81,Jersey City
20255,AVE C AT W 14TH ST,40.65857,-74.12599,120|81,Jersey City
20256,AVE C AT W 16TH ST,40.6601,-74.1247,120|81,Jersey City
20257,AVE C AT W 18TH ST,40.66188,-74.12320000000001,120|81,Jersey City
20258,AVE C AT W 20TH ST,40.66298,-74.12226000000001,120|81,Jersey City
20259,AVE C AT W 22ND ST,40.6642,-74.12125,120|81,Jersey City
20260,AVE C AT W 24TH ST,40.66584,-74.11984000000001,120|81,Jersey City
20261,AVE C AT W 26TH ST,40.66753000000001,-74.11843,120|81,Jersey City
20262,AVE C AT W 28TH ST,40.669,-74.11718,120|81,Jersey City
20263,AVE C AT W 30TH ST,40.67008000000001,-74.11632,120|81,Jersey City
20264,AVE C AT W 31ST ST,40.6711,-74.11540000000001,120|81,Jersey City
20265,AVE C AT W 32ND ST,40.6721,-74.11459,120|81,Jersey City
20266,AVE C AT 33RD ST,40.67311,-74.11369,120|81,Jersey City
20267,AVE C AT W 35TH ST,40.67483,-74.11225,120|81,Jersey City
20268,AVE C AT W 37TH ST,40.67601000000001,-74.11125000000001,120|81,Jersey City
20269,AVE C AT W 39TH ST,40.67721,-74.11023,120|81,Jersey City
20270,AVE C AT W 41ST ST,40.67843000000001,-74.10923000000001,120|81,Jersey City
20271,AVE C AT W 43RD ST,40.67961,-74.10821,120|81,Jersey City
20272,AVE C AT W 45TH ST,40.68081,-74.10719,120|81,Jersey City
20273,AVE C AT W 47TH ST,40.682,-74.10619000000001,120|81,Jersey City
20274,AVE C AT W 49TH ST,40.68323,-74.10515000000001,120|81,Jersey City
20275,AVE C AT W 51ST ST,40.68444,-74.10416000000001,120|81,Jersey City
20276,AVE C AT W 53RD ST,40.68562,-74.10313000000001,120|81,Jersey City
20277,AVE C AT 54TH ST,40.68622000000001,-74.10262,120|81,Jersey City
20278,AVE C AT W 55TH ST,40.68683,-74.10210000000001,81,Jersey City
20279,AVE C AT W 57TH ST,40.68802,-74.10109,81,Jersey City
20280,AVE C AT W 56TH ST,40.68768,-74.10161000000001,81,Bayonne
20281,AVE C AT 54TH ST,40.68645,-74.10265000000001,120|81,Bayonne
20282,AVE C AT W 52ND ST,40.68525,-74.10365,120|81,Bayonne
20283,AVE C AT W 50TH ST,40.68403,-74.10468,120|81,Bayonne
20284,AVE C AT W 48TH ST,40.68287,-74.10566,120|81,Bayonne
20285,AVE C AT W 46TH ST,40.68165,-74.10669,120|81,Bayonne
20286,AVE C AT W 44TH ST,40.68045,-74.10769,120|81,Bayonne
20287,AVE C AT W 42ND ST,40.67927,-74.10869000000001,120|81,Bayonne
20288,AVE C AT W 40TH ST,40.67805000000001,-74.10973,120|81,Bayonne
20289,AVE C AT W 38TH ST,40.67686,-74.11075000000001,120|81,Bayonne
20290,AVE C AT W 36TH ST,40.67567,-74.11175,120|81,Bayonne
20291,AVE C AT W 34TH ST,40.67443,-74.11281000000001,120|81,Bayonne
20292,AVE C AT W 33RD ST,40.6734,-74.11367,120|81,Bayonne
20293,AVE C AT W 32ND ST,40.67234000000001,-74.11457,120|81,Bayonne
20294,AVE C AT W 31ST ST,40.67136,-74.11540000000001,120|81,Bayonne
20295,AVE C AT W 30TH ST,40.67046000000001,-74.11616000000001,120|81,Bayonne
20296,AVE C AT W 28TH ST,40.66922,-74.11721,120|81,Bayonne
20297,AVE C AT W 26TH ST,40.66771000000001,-74.11845000000001,120|81,Bayonne
20298,AVE C AT W 25TH ST,40.66691,-74.11912000000001,120|81,Bayonne
20299,AVE C AT W 24TH ST,40.66604,-74.1199,120|81,Bayonne
20300,AVE C AT W 22ND ST,40.66443,-74.12125,120|81,Bayonne
20301,AVE C AT W 20TH ST,40.66324,-74.12226000000001,120|81,Bayonne
20302,AVE C AT W 18TH ST,40.66209000000001,-74.12324000000001,120|81,Bayonne
20303,AVE C AT ANDREW ST,40.6615,-74.12374000000001,120|81,Bayonne
20304,AVE C AT W 16TH ST,40.66031,-74.12474,120|81,Bayonne
20305,AVE C AT W 14TH ST,40.65882000000001,-74.12598000000001,120|81,Bayonne
20306,AVE C AT W 11TH ST,40.65706,-74.12746,120|81,Bayonne
20308,BROADWAY AT 5TH ST,40.65129,-74.12819,12,
20309,BROADWAY AT SILVER ST,40.65302000000001,-74.12741000000001,12|120|81,Jersey City
20310,BROADWAY AT COTTAGE ST,40.65361,-74.12691000000001,12|120|81,Jersey City
20311,BROADWAY AT AVE. E,40.65455,-74.12612,12,
20312,BROADWAY AT 10TH ST,40.65536,-74.12541,12,
20313,BROADWAY AT 12TH ST,40.65653,-74.12441000000001,12,
20314,BROADWAY AT 14TH ST,40.65742,-74.12367,12,
20315,BROADWAY AT 16TH ST,40.65892,-74.12238,12,
20316,BROADWAY AT 18TH ST,40.66037,-74.12111,12,
20317,BROADWAY AT 19TH ST,40.66156,-74.12016000000001,12,
20318,BROADWAY AT 21ST ST,40.66234,-74.11951,12,
20319,BROADWAY AT 23RD ST,40.66415000000001,-74.11797,12,
20320,BROADWAY AT 25TH ST,40.66584,-74.11653000000001,12,
20321,BROADWAY AT EAST/WEST 27TH STREET,40.66726000000001,-74.11543,12,
20322,BROADWAY AT 29TH ST,40.66842,-74.11436,12,
20323,BROADWAY AT 30TH ST,40.66903000000001,-74.11383000000001,12,
20324,BROADWAY AT 32ND ST,40.67094,-74.1122,12,
20325,BROADWAY AT 33RD ST,40.67196000000001,-74.11134000000001,12,
20326,BROADWAY AT 35TH ST,40.67364000000001,-74.10993,12,
20327,BROADWAY AT 37TH ST,40.67484,-74.10891000000001,12,
20328,BROADWAY AT 39TH ST,40.67603,-74.10786,12,
20329,BROADWAY AT 41ST ST,40.67723,-74.10685000000001,12,
20330,BROADWAY AT 43RD ST,40.67845000000001,-74.10584,12,
20331,BROADWAY AT 45TH ST,40.67966000000001,-74.10482,12,
20332,BROADWAY AT 47TH ST,40.68085000000001,-74.10383,12,
20333,BROADWAY AT 49TH ST,40.68205,-74.10282000000001,12,
20334,BROADWAY AT 50TH ST,40.68267,-74.10231,12,
20335,BROADWAY AT 52ND ST,40.68386,-74.10128,12,
20338,BROADWAY AT 54TH STREET,40.68502,-74.10054000000001,12,
20339,BROADWAY AT 52ND ST,40.68415,-74.10128,12,
20340,BROADWAY AT 50TH ST,40.68294,-74.10232,12,
20341,BROADWAY AT 48TH ST,40.68173,-74.10334,12,
20342,BROADWAY AT 46TH ST,40.68051000000001,-74.10437,12,
20343,BROADWAY AT 44TH ST,40.67935000000001,-74.10536,12,
20344,BROADWAY AT 42ND ST,40.67814000000001,-74.10640000000001,12,
20345,BROADWAY AT 40TH ST,40.67694,-74.10740000000001,12,
20346,BROADWAY AT 38TH ST,40.67574,-74.10842000000001,12,
20347,BROADWAY AT 36TH ST,40.67454,-74.10942,12,
20348,BROADWAY AT 34TH ST,40.67334,-74.11046,12,
20349,BROADWAY AT 33RD ST,40.6723,-74.11133000000001,12,
20350,BROADWAY AT 32ND ST,40.67123,-74.11223000000001,12,
20351,BROADWAY AT 31ST ST,40.67024000000001,-74.11307000000001,12,
20352,BROADWAY AT 30TH ST,40.66931,-74.11383000000001,12,
20353,BROADWAY AT 29TH ST,40.66869000000001,-74.11436,12,
20354,BROADWAY AT EAST/WEST 27TH STREET,40.66737000000001,-74.11547,12,
20355,BROADWAY AT 26TH ST,40.66628,-74.11638,12,
20356,BROADWAY AT 24TH ST,40.66461,-74.11778000000001,12,
20357,BROADWAY AT 22ND ST,40.66298,-74.11916000000001,12,
20358,BROADWAY AT 20TH ST,40.66185,-74.12013,12,
20359,BROADWAY AT 18TH ST,40.66073,-74.12108,12,
20360,BROADWAY AT 16TH ST,40.65916,-74.12241,12,
20361,BROADWAY AT 14TH ST,40.65764,-74.12368000000001,12,
20362,BROADWAY AT 12TH ST,40.65652,-74.12464,12,
20363,BROADWAY AT 10TH ST,40.65537,-74.1256,12,
20364,BROADWAY AT 9TH ST,40.6546,-74.12623,12,
20365,BROADWAY AT 7TH ST,40.65319,-74.12740000000001,12,
20366,BROADWAY AT 5TH ST,40.65154,-74.12836,12,
20367,BROADWAY AT 4TH ST,40.65012,-74.12834000000001,12|120|81,Bayonne
20368,BROADWAY AT 3RD ST,40.64856,-74.12833,12|120|81,Bayonne
20369,BROADWAY AT 2ND ST,40.64719,-74.12831,12|120|81,Bayonne
20370,BROADWAY AT 1ST ST,40.64534,-74.12828,12|120|81,Bayonne
20371,1ST ST AT AVE C,40.64542,-74.13036000000001,12|120|81,Bayonne
20372,4TH ST AT BROADWAY,40.64995,-74.12847000000001,12,
20373,5TH ST AT BROADWAY,40.65137,-74.12847000000001,120|81,Bayonne
20380,55TH ST AT AVE C,40.68688,-74.10191,120,Bayonne
20383,JFK BLVD AT 3RD ST,40.64872,-74.13762000000001,10|119,Jersey City
20384,JFK BLVD AT 4TH ST,40.65052,-74.13612,10|119,Jersey City
20385,JFK BLVD AT 8TH ST,40.65637,-74.13115,10|119,Jersey City
20386,JFK BLVD AT 10TH ST,40.65772,-74.13001000000001,10|119,Jersey City
20387,JFK BLVD AT 12TH ST,40.65859,-74.12928000000001,10|119,Jersey City
20388,JFK BLVD AT 14TH ST,40.66006,-74.12802,10|119,Jersey City
20389,JFK BLVD AT 16TH ST,40.66159,-74.12672,10|119,Jersey City
20390,JFK BLVD AT ANDREW ST,40.66277,-74.12577,10|119,Jersey City
20391,JFK BLVD AT 19TH ST,40.66391,-74.12472000000001,10|119,Jersey City
20392,JFK BLVD AT 21ST ST,40.66505,-74.12373000000001,10|119,Jersey City
20393,JFK BLVD AT 23RD ST,40.66650000000001,-74.12254,10|119,Jersey City
20394,JFK BLVD AT 27TH ST,40.66965,-74.11986,10|119,Jersey City
20395,JFK BLVD AT 30TH ST,40.67164,-74.11822000000001,10|119,Jersey City
20396,JFK BLVD AT 32ND ST,40.67321,-74.11691,10|119,Jersey City
20397,JFK BLVD AT 34TH ST,40.67566,-74.11482000000001,10|119,Jersey City
20398,JFK BLVD AT 39TH ST,40.67924,-74.11340000000001,10|119,Jersey City
20399,JFK BLVD AT DELVIN DR,40.68029000000001,-74.11264,10|119,Jersey City
20400,JFK BLVD AT 48TH ST,40.68448,-74.10957,10|119,Jersey City
20401,JFK BLVD AT 50TH ST,40.6861,-74.10838000000001,10|119,Jersey City
20402,JFK BLVD AT 52ND ST,40.68728,-74.10738,10|119,Jersey City
20403,JFK BLVD AT 54TH ST,40.68851,-74.10637000000001,10|119,Jersey City
20404,JFK BLVD AT 57TH ST,40.68995,-74.10514,10|119,Jersey City
20405,JFK BLVD AT 58TH ST,40.69061000000001,-74.10458000000001,10|119,Jersey City
20406,JFK BLVD AT 63RD ST,40.69266,-74.10270000000001,10|119,Jersey City
20407,JFK BLVD AT 63RD ST,40.69276,-74.10292000000001,10|119,Bayonne
20409,JFK BLVD AT 57TH ST,40.68979,-74.10551000000001,10|119,Bayonne
20410,JFK BLVD AT 54TH ST,40.68801000000001,-74.107,10|119,Bayonne
20411,JFK BLVD AT 52ND ST,40.68687000000001,-74.10793000000001,10|119,Bayonne
20412,JFK BLVD AT 48TH ST,40.68478,-74.10959000000001,10|119,Bayonne
20413,JFK BLVD AT 46TH ST,40.68311000000001,-74.11082,10|119,Bayonne
20414,JFK BLVD AT 44TH ST,40.68232,-74.11141,10|119,Bayonne
20415,JFK BLVD AT 42ND ST,40.68065,-74.1126,10|119,Bayonne
20416,JFK BLVD AT DILLON DR,40.67963,-74.11336,10|119,Bayonne
20417,JFK BLVD AT 37TH ST,40.67808,-74.11449,10|119,Bayonne
20418,JFK BLVD AT 35TH ST,40.67622,-74.11460000000001,10|119,Bayonne
20419,JFK BLVD AT 33RD ST,40.6743,-74.11623,10|119,Bayonne
20420,JFK BLVD AT 30TH ST,40.67122000000001,-74.11881000000001,10|119,Bayonne
20421,JFK BLVD AT 27TH ST,40.66926,-74.12038000000001,10|119,Bayonne
20422,JFK BLVD AT W 25TH ST,40.66764000000001,-74.12179,10|119,Bayonne
20423,JFK BLVD AT 23RD ST,40.666,-74.12312,10|119,Bayonne
20424,JFK BLVD AT 19TH ST,40.66346,-74.12535000000001,10|119,Bayonne
20425,JFK BLVD AT 16TH ST,40.66113,-74.12733,10|119,Bayonne
20426,JFK BLVD AT 12TH ST,40.65882000000001,-74.12933000000001,10|119,Bayonne
20427,JFK BLVD AT 10TH ST,40.65730000000001,-74.13057,10|119,Bayonne
20428,JFK BLVD AT 8TH ST,40.65601,-74.13168,10|119,Bayonne
20430,JFK BLVD AT 2ND ST,40.64765000000001,-74.13874000000001,10|119,Bayonne
20433,PASSAIC AVE AT CENTRAL AVE,40.75152000000001,-74.16368,76,Newark
20434,PASSAIC AVE AT CENTRAL AVE,40.75114000000001,-74.16401,76,Hackensack
20458,DAVIS AVE AT HARRISON AVE,40.74751000000001,-74.15161,40,Jersey Gardens
20459,FRANK E. RODGERS BLVD AT JERSEY ST#,40.74549,-74.15601000000001,40,Kearny
20460,HARRISON AVE AT FE RODGERS BLVD#,40.74656,-74.15572,40,Kearny
20461,HARRISON AVE AT 6TH ST#,40.74706,-74.15247000000001,40,Kearny
20462,DAVIS AVE AT HARRISON AVE#,40.74744,-74.15140000000001,40,Kearny
20463,DAVIS AVE AT WILLIAM ST#,40.74926000000001,-74.15185000000001,40,Kearny
20469,FRANK E. RODGERS BLVD AT CENTRAL AVE#,40.75013000000001,-74.1572,109|30,
20470,FRANK RODGERS BLVD AT CLEVELAND AVE#,40.74706,-74.15642000000001,109|30,
20471,HARRISON AVE AT 3RD ST#,40.74633,-74.15802000000001,30,
20472,HARRISON AVE AT NORTH 2ND ST#,40.74603,-74.16001,30,
20473,HARRISON AVE AT NORTH 2ND ST#,40.74593,-74.15987000000001,30,
20474,HARRISON AVE AT 3RD ST#,40.74619000000001,-74.15842,30,
20475,FRANK RODGERS BLVD AT CLEVELAND AVE#,40.74744,-74.15635,30,
20476,FRANK E. RODGERS BLVD AT WILLIAM ST#,40.74885,-74.15673000000001,109|30,
20478,DAVIS AVE AT CROSS ST#,40.75012,-74.15226000000001,40,Jersey Gardens
20479,HARRISON AVE AT 5TH ST#,40.74693000000001,-74.15397,40,Jersey Gardens
20480,FRANK E. RODGERS BLVD AT SUSSEX ST#,40.74373000000001,-74.15606000000001,40,Jersey Gardens
20481,FRANK E. RODGERS BLVD AT ANGELO CIFELLI DR#,40.74104000000001,-74.15589,40,Jersey Gardens
20483,FRANK E. RODGERS BLVD AT CAPE MAY ST#,40.73498,-74.15549,40,Jersey Gardens
20484,FRANK E. RODGERS BLVD AT CAPE MAY ST#,40.73504000000001,-74.15526000000001,40,Kearny
20486,FRANK E. RODGERS BLVD AT ANGELO CIFELLI DR#,40.74075000000001,-74.15566000000001,40,Kearny
20487,FRANK E. RODGERS BLVD AT SUSSEX ST#,40.74371,-74.15584000000001,40,Kearny
20534,BALDWIN AVE AT CLIFTON PL,40.72199000000001,-74.06549000000001,16|6,Journal Square
20551,BALDWIN AVE AT CLIFTON PL,40.72216,-74.06547,16|6,Ocean Avenue
20552,BERGEN AVE AT VAN NOSTRAND AVE,40.70364,-74.09006000000001,8,
20553,BERGEN AVE AT WOODLAWN AVE,40.70491000000001,-74.08836000000001,8,
20554,BERGEN AVE AT DWIGHT ST,40.70578,-74.08733000000001,8,
20555,BERGEN AVE AT STEGMAN ST,40.70639000000001,-74.08678,8,
20556,BERGEN AVE AT WEGMAN PKWY,40.70705,-74.08627,8,
20557,BERGEN AVE AT BIDWELL AVE,40.70775,-74.08569,8,
20558,BERGEN AVE AT BAYVIEW AVE,40.70843,-74.08515000000001,8,
20559,BERGEN AVE AT WILKINSON AVE,40.70935,-74.08442000000001,8,
20560,BERGEN AVE AT GRANT AVE,40.7109,-74.08316,8,
20561,BERGEN AVE AT ORIENT AVE,40.71204,-74.0823,8,
20562,BERGEN AVE AT VIRGINIA AVE,40.71422,-74.08053000000001,8,
20564,BERGEN AVE AT BRAMHALL AVE,40.71677,-74.07779000000001,8,
20565,BERGEN AVE AT CLINTON AVE,40.71769,-74.07647,8,
20566,BERGEN AVE AT COMMUNIPAW AVE,40.71859000000001,-74.07506000000001,8,
20567,BERGEN AVE AT BRINKERHOFF ST,40.71941,-74.07421000000001,8,
20568,BERGEN AVE AT EMORY ST,40.72003,-74.07359000000001,8,
20569,BERGEN AVE AT BELMONT AVE,40.72115,-74.0725,8,
20570,BERGEN AVE AT JEWETT AVE,40.72206000000001,-74.07163,8,
20571,BERGEN AVE AT FAIRVIEW AVE,40.72279,-74.07093,8,
20573,BERGEN AVE AT FAIRMOUNT AVE,40.72445,-74.06962,8,
20574,BERGEN AVE 70'N OF MONTGOMERY ST,40.72565,-74.06769000000001,8|80|87,Hoboken
20575,BERGEN AVE AT MERCER ST,40.72675,-74.06728000000001,8|80|87,Hoboken
20577,BERGEN AVE AT NEWKIRK ST,40.73014000000001,-74.06500000000001,8|80|87,Hoboken
20578,BERGEN AVE AT ACADEMY ST,40.72928,-74.06602000000001,8|80|87,Hoboken
20581,BERGEN AVE AT VROOM ST,40.72864000000001,-74.06694,8|80|87,Jersey City
20582,BERGEN AVE AT HIGHLAND AVE,40.72734000000001,-74.06726,8|80|87,Jersey City
20583,BERGEN AVE 115'S OF GLENWOOD AVE,40.72578,-74.06786000000001,8|80|87,Jersey City
20584,BERGEN AVE AT FAIRMOUNT AVE,40.72453,-74.06961000000001,8,
20586,BERGEN AVE AT FAIRVIEW AVE,40.72301,-74.07094000000001,8,
20587,BERGEN AVE AT JEWETT AVE,40.72226000000001,-74.07161,8,
20588,BERGEN AVE AT KENSINGTON AVE,40.72173,-74.0721,8,
20589,BERGEN AVE AT BELMONT AVE,40.72104,-74.07278000000001,8,
20590,BERGEN AVE AT GIFFORD AVE,40.72045000000001,-74.07337000000001,8,
20591,BERGEN AVE AT BENTLEY AVE,40.71967,-74.07411,8,
20592,BERGEN AVE AT HARRISON AVE,40.71905,-74.0747,8,
20593,BERGEN AVE AT COMMUNIPAW AVE,40.71830000000001,-74.07574000000001,8,
20594,BERGEN AVE AT CLINTON AVE,40.71781,-74.07655000000001,8,
20595,BERGEN AVE AT LEXINGTON AVE,40.71718000000001,-74.07742,8,
20596,BERGEN AVE AT UNION ST,40.71595000000001,-74.07896000000001,8,
20597,BERGEN AVE AT BOYD AVE,40.71512000000001,-74.07983,8,
20598,BERGEN AVE AT VIRGINIA AVE,40.71421,-74.08073,8,
20599,BERGEN AVE AT EGE AVE,40.71351000000001,-74.08132,8,
20600,BERGEN AVE AT MORTON PL,40.71258,-74.08204,8,
20601,BERGEN AVE AT CLAREMONT AVE,40.71114,-74.08314,8,
20602,BERGEN AVE AT WILKINSON AVE,40.70912000000001,-74.08473000000001,8,
20603,BERGEN AVE AT AUDUBON AVE,40.70743,-74.0861,8,
20604,BERGEN AVE AT STEGMAN ST,40.70625,-74.08705,8,
20605,BERGEN AVE AT FULTON AVE,40.70538000000001,-74.08791000000001,8,
20606,BERGEN AVE AT WOODLAWN AVE,40.70486,-74.0886,8,
20611,CENTRAL AVE AT SAINT PAULS AVE,40.73602,-74.05608000000001,119|87|88,Hoboken
20612,CENTRAL AVE AT BEACON AVE,40.73746000000001,-74.05515000000001,119|87|88,Hoboken
20613,CENTRAL AVE AT WAVERLY ST,40.73909,-74.05403000000001,119|87|88,Hoboken
20614,CENTRAL AVE AT RESERVOIR AVE,40.74063,-74.05301,119|87|88,Hoboken
20615,CENTRAL AVE AT MANHATTAN AVE,40.74259,-74.05166000000001,119|88,
20616,CENTRAL AVE AT HUTTON ST,40.74493,-74.05008000000001,119|88,
20634,CENTRAL AVE AT SHERMAN PL,40.74399,-74.05082,119|88,
20635,CENTRAL AVE AT MANHATTAN AVE,40.74254000000001,-74.05183000000001,119|87|88,Jersey City
20636,CENTRAL AVE AT BOORAEM AVE,40.74152,-74.05254000000001,119|87|88,Jersey City
20637,CENTRAL AVE AT PERSHING PLAZA,40.74057000000001,-74.05318000000001,119|87|88,Jersey City
20638,CENTRAL AVE AT WAVERLY ST,40.73932000000001,-74.05402000000001,119|87|88,Jersey City
20639,CENTRAL AVE AT LAIDLAW AVE,40.73806,-74.05488000000001,119|87|88,Jersey City
20640,CENTRAL AVE AT BEACON AVE,40.73708000000001,-74.05553,119|87|88,Jersey City
20641,CENTRAL AVE AT SAINT PAULS AVE,40.73626,-74.05606,119|87|88,Jersey City
20642,CENTRAL AVE AT HOBOKEN AVE,40.73441,-74.05697,119|87|88,Jersey City
20648,COMMUNIPAW AVE AT MARCY AVE,40.72374000000001,-74.08942,1,
20649,COMMUNIPAW AVE AT MALLORY AVE,40.72233000000001,-74.08501000000001,1|14,
20650,COMMUNIPAW AVE AT WEST SIDE AVE,40.72069,-74.081,1,
20651,COMMUNIPAW AVE AT J.F. KENNEDY BLVD,40.7192,-74.07738,1,
20652,COMMUNIPAW AVE AT BERGEN AVE,40.71828,-74.0751,1,
20653,COMMUNIPAW AVE AT MARTIN LUTHER KING DR,40.71706,-74.07217,1,
20654,COMMUNIPAW AVE AT CRESCENT AVE,40.71665,-74.07118000000001,1,
20655,COMMUNIPAW AVE AT VAN HORNE ST,40.71265,-74.06421,1,
20656,COMMUNIPAW AVE AT GARFIELD AVE,40.71486,-74.06696000000001,1,
20657,COMMUNIPAW AVE AT GRAND ST,40.71577000000001,-74.06858000000001,1,
20658,COMMUNIPAW AVE AT CRESCENT AVE,40.71664000000001,-74.07087,1,
20659,COMMUNIPAW AVE AT MONTICELLO AVE,40.71745000000001,-74.07287000000001,1,
20660,COMMUNIPAW AVE AT BERGEN AVE,40.71843000000001,-74.07517,1,
20661,COMMUNIPAW AVE AT J.F. KENNEDY BLVD,40.71976,-74.07839000000001,1,
20662,COMMUNIPAW AVE AT WEST SIDE AVE,40.72114000000001,-74.08176,1|14,
20663,COMMUNIPAW AVE AT MALLORY AVE,40.72254,-74.08524000000001,1,
20664,COMMUNIPAW AVE AT MARCY AVE,40.72367000000001,-74.08864000000001,1,
20673,DANFORTH AVE AT FOWLER AVE,40.70172,-74.09585000000001,80,
20674,DANFORTH AVE AT SULLIVAN DR,40.70391,-74.09766,80,
20675,DANFORTH AVE AT WEST SIDE AVE,40.70460000000001,-74.09814,80,
20676,MARTIN LUTHER KING JR DR AT WARNER AVE,40.70113000000001,-74.09039,87,Hoboken
20677,MARTIN LUTHER KING JR DR AT STEVENS AVE,40.70216000000001,-74.08922000000001,87,Hoboken
20678,MARTIN LUTHER KING JR DR AT ARMSTRONG AVE,40.70353,-74.08767,87,Hoboken
20679,MARTIN LUTHER KING JR DR AT FULTON AVE,40.70464,-74.08641,87,Hoboken
20680,MARTIN LUTHER KING JR DR AT STEGMAN ST,40.70566,-74.08516,87,Hoboken
20681,MARTIN LUTHER KING JR DR AT BIDWELL AVE,40.70683,-74.08374,87,Hoboken
20682,MARTIN LUTHER KING JR DR AT WILKINSON AVE,40.70757,-74.08284,87,Hoboken
20683,MARTIN LUTHER KING JR DR AT MYRTLE AVE,40.70868,-74.08151000000001,87,Hoboken
20684,MARTIN LUTHER KING JR DR AT CLAREMONT AVE,40.70998,-74.08011,87,Hoboken
20685,MARTIN LUTHER KING JR DR AT KEARNEY AVE,40.71111000000001,-74.07870000000001,87,Hoboken
20686,MARTIN LUTHER KING JR DR AT VIRGINIA AVE,40.71198,-74.0779,87,Hoboken
20687,MARTIN LUTHER KING JR DR AT FORREST ST,40.71315000000001,-74.07686000000001,87,Hoboken
20688,MARTIN LUTHER KING JR DR AT UNION ST,40.71442,-74.07565000000001,87,Hoboken
20689,MARTIN LUTHER KING JR DR AT BRAMHALL AVE,40.71556,-74.07473,87,Hoboken
20690,MARTIN LUTHER KING JR DR AT BRAMHALL AVE,40.71504,-74.07520000000001,87,Jersey City
20691,MARTIN LUTHER KING JR DR AT UNION ST,40.71428,-74.07589,87,Jersey City
20692,MARTIN LUTHER KING JR DR AT FORREST ST,40.71273,-74.07728,87,Jersey City
20693,MARTIN LUTHER KING JR DR AT KEARNEY AVE,40.71104,-74.07894,87,Jersey City
20694,MARTIN LUTHER KING JR DR AT CLAREMONT AVE,40.70965,-74.08054,87,Jersey City
20695,MARTIN LUTHER KING JR DR AT MYRTLE AVE,40.70863000000001,-74.08163,87,Jersey City
20696,MARTIN LUTHER KING JR DR AT WILKINSON AVE,40.70761,-74.08284,87,Jersey City
20697,MARTIN LUTHER KING JR DR AT BIDWELL AVE,40.70648000000001,-74.08427,87,Jersey City
20698,MARTIN LUTHER KING JR DR AT STEGMAN ST,40.70544,-74.08555000000001,87,Jersey City
20699,MARTIN LUTHER KING JR DR AT FULTON AVE,40.70438,-74.08682,87,Jersey City
20700,MARTIN LUTHER KING JR DR AT ARMSTRONG AVE,40.70313,-74.0882,87,Jersey City
20701,MARTIN LUTHER KING JR DR AT STEVENS AVE,40.70205,-74.08945,87,Jersey City
20702,MARTIN LUTHER KING JR DR AT WARNER AVE,40.70135000000001,-74.09023,87,Jersey City
20703,MARTIN LUTHER KING JR DR AT MCADOO AVE,40.70076,-74.09111,87,Jersey City
20704,DUNCAN AVE AT ENTERANCE TO PARK,40.72968,-74.08339000000001,14,
20705,DUNCAN AVE AT MALLORY AVE,40.72836,-74.08047,14,
20706,DUNCAN AVE AT DELAWARE AVE,40.7269,-74.07730000000001,14,
20707,DUNCAN AVE AT OPPOSITE ENTRANCE TO PARK,40.73003000000001,-74.08387,14,
20709,FAIRMOUNT AVE AT BERGEN AVE,40.72424,-74.06941,87,Jersey City
20710,FAIRMOUNT AVE AT MONTICELLO AVE,40.72324,-74.06908,87,Jersey City
20711,FAIRMOUNT AVE 70'E OF BERGEN AVE,40.72441000000001,-74.06937,87,Hoboken
20712,FERRY ST AT CENTRAL AVE,40.74199,-74.05164,87,Hoboken
20721,GARFIELD AVE 225'N OF 55TH ST W,40.68669000000001,-74.09889000000001,6|8,
20731,GARFIELD AVE AT UNION ST,40.71101,-74.06973,16,Newport Mall
20732,GARFIELD AVE AT HARMON ST,40.71427000000001,-74.06757,16,Journal Square
20733,GARFIELD AVE AT BRAMHALL AVE,40.71229,-74.06887,16,Journal Square
20734,GARFIELD AVE AT UNION ST,40.71071000000001,-74.07027000000001,16,Journal Square
20736,GARFIELD AVE AT CLAREMONT AVE,40.7068,-74.07327000000001,16,Journal Square
20745,GARFIELD AVE AT MERRITT ST,40.68892,-74.09723000000001,8,
20746,GRAND ST AT CLINTON AVE,40.71484,-74.07072000000001,6|81,Jersey City
20747,GRAND ST AT ARLINGTON AVE,40.71505000000001,-74.06987000000001,6|81,Jersey City
20749,GRAND ST AT STATE ST,40.71647,-74.06409000000001,81,Jersey City
20750,GRAND ST AT JOHNSTON AVE,40.71682000000001,-74.06261,81,Jersey City
20751,GRAND ST AT BARBARA PL,40.71745000000001,-74.05758,81,Jersey City
20752,GRAND ST AT PACIFIC AVE,40.71716,-74.05486,81,Jersey City
20753,GRAND ST AT PRIOR ST,40.7176,-74.05925,81,Jersey City
20754,GRAND ST AT MONMOUTH ST,40.71689000000001,-74.05247,1|16|81,Jersey City
20766,GRAND ST AT JERSEY AVE,40.71679,-74.05007,1|16|81,Bayonne
20767,GRAND ST AT MONMOUTH ST,40.71699,-74.05208,1|16|81,Bayonne
20768,GRAND ST AT BATES ST,40.71721,-74.05386,81,Bayonne
20769,GRAND ST AT PRIOR ST,40.71774000000001,-74.05883,81,Bayonne
20770,GRAND ST AT FAIRMOUNT AVE,40.71735,-74.06092000000001,81,Bayonne
20771,GRAND ST AT JOHNSTON AVE,40.71706,-74.06197,81,Bayonne
20772,GRAND ST AT STATE ST,40.7165,-74.06423000000001,81,Bayonne
20773,GRAND ST AT SUMMIT AVE,40.71587,-74.06704,81,Bayonne
20774,GRAND ST AT COMMUNIPAW AVE,40.71547,-74.06854000000001,6|81,Bayonne
20775,GRAND ST AT CLINTON AVE,40.71493,-74.07066,6|81,Bayonne
20777,GRAND ST AT BRAMHALL AVE,40.71434,-74.07292000000001,6|81,Bayonne
20783,HOBOKEN AVE AT SUMMIT AVE,40.73466000000001,-74.05862,119|87|88,Hoboken
20784,HOBOKEN AVE AT SUMMIT AVE,40.73486,-74.05899000000001,119|87|88,Jersey City
20790,JFK BLVD AT PAMRAPO AVE,40.69366,-74.10093,10|119,Jersey City
20791,JFK BLVD AT GATES AVE,40.69521,-74.09933000000001,10|119,Jersey City
20792,JFK BLVD AT PEARSALL AVE,40.69781,-74.09671,10|119,Jersey City
20793,JFK BLVD AT GREENVILLE AVE,40.69915,-74.09547,10|119,Jersey City
20794,JFK BLVD AT DANFORTH AVE,40.70014,-74.09434,10|119,Jersey City
20795,JFK BLVD AT MCADOO AVE,40.70166,-74.09251,10|119,Jersey City
20796,JFK BLVD AT WADE ST,40.70275,-74.09122,10|119|8,Jersey City
20797,JFK BLVD AT FOWLER AVE,40.70414,-74.09017,10|119,Jersey City
20799,JFK BLVD AT WOODLAWN AVE,40.70545000000001,-74.08926000000001,10|119,Jersey City
20800,JFK BLVD AT DWIGHT ST,40.70694,-74.08849000000001,10|119,Jersey City
20801,JFK BLVD AT AUDUBON AVE,40.70789000000001,-74.08725000000001,10|119,Jersey City
20802,JFK BLVD AT BROADMAN PKWY,40.71099,-74.08464000000001,10|119,Jersey City
20803,JFK BLVD AT CLAREMONT AVE,40.71218,-74.08383,10|119,Jersey City
20804,JFK BLVD AT MORTON PL,40.71343,-74.0831,10|119,Jersey City
20805,JFK BLVD AT EGE AVE,40.71445000000001,-74.08268000000001,10|119,Jersey City
20806,JFK BLVD AT BOYD AVE,40.71611,-74.08151000000001,10|119,Jersey City
20807,JFK BLVD AT CLENDENNY AVE,40.71765000000001,-74.07965,10|119,Jersey City
20808,JFK BLVD AT CLINTON AVE,40.71888000000001,-74.07834000000001,10|119,Jersey City
20809,JFK BLVD AT COMMUNIPAW AVE,40.72002000000001,-74.07719,10|119,Jersey City
20810,JFK BLVD AT BENTLEY AVE,40.72093,-74.07639,10|119,Jersey City
20811,JFK BLVD AT KENSINGTON AVE,40.72281,-74.0751,10|119,Jersey City
20812,JFK BLVD AT JEWETT AVE,40.72375,-74.07444000000001,10|119,Jersey City
20813,JFK BLVD AT DUNCAN AVE,40.7251,-74.0734,10|119,Jersey City
20814,JFK BLVD AT MONTGOMERY ST,40.72643,-74.07137,10|119,Jersey City
20815,JFK BLVD AT GLENWOOD AVE,40.72771,-74.07045000000001,10|119,Jersey City
20816,JFK BLVD AT STUYVESANT AVE,40.72914,-74.0695,10|119,Jersey City
20817,JFK BLVD AT SIP AVE,40.73124000000001,-74.06786000000001,10|119,Jersey City
20818,JFK BLVD EAST OF TONNELLE AVE,40.7316,-74.06536000000001,119|14,
20820,JFK BLVD AT VAN WINKLE AVE,40.736,-74.06294000000001,125|2|88,
20821,JFK BLVD 75' N OF SAINT PAULS AVE,40.73812,-74.0625,125|2|88,
20822,JFK BLVD AT BEACON AVE,40.73986,-74.06166,125|2|88,
20823,JFK BLVD AT SPRUCE ST,40.74171,-74.06033000000001,125|2|88,
20824,JFK BLVD AT CLIFF ST,40.74303,-74.05940000000001,125|2|88,
20825,JFK BLVD AT CARLTON AVE,40.74424,-74.05851000000001,125|2|88,
20826,JFK BLVD AT MANHATTAN AVE,40.74521,-74.05782,125|2|88,
20827,JFK BLVD AT HUTTON ST,40.74752,-74.05625,125|2|88,
20828,JFK BLVD AT LINCOLN ST,40.74942,-74.05502,125|2|88,
20829,JFK BLVD AT THORNE ST,40.75092,-74.05399000000001,125|2|88,
20830,JFK BLVD AT BLEEKER ST,40.75245,-74.05244,125|2|88,
20831,JFK BLVD AT CONGRESS ST,40.75319,-74.05094000000001,125|2|88,
20838,JFK BLVD AT CONGRESS ST,40.75322000000001,-74.05128,125|2|88,
20839,JFK BLVD AT BLEEKER ST,40.75252,-74.05273000000001,125|2|88,
20840,JFK BLVD AT THORNE ST,40.75091,-74.05420000000001,125|2|88,
20841,JFK BLVD AT LINCOLN ST,40.7488,-74.05563000000001,125|2|88,
20843,JFK BLVD AT HUTTON ST,40.74697,-74.05682,125|2|88,
20844,JFK BLVD AT MANHATTAN AVE,40.74551,-74.05785,125|2|88,
20845,JFK BLVD AT CARLTON AVE,40.74379,-74.05907,125|2|88,
20846,JFK BLVD AT CLIFF ST,40.74252000000001,-74.05997,125|2|88,
20847,JFK BLVD AT SPRUCE ST,40.74133,-74.06082,125|2|88,
20848,JFK BLVD AT SAINT PAULS AVE,40.73722,-74.06285000000001,125|2|88,
20849,JFK BLVD AT VAN WINKLE AVE,40.73585000000001,-74.06321000000001,125|2|88,
20851,JFK BLVD AT COTTAGE ST,40.73476,-74.06324000000001,119|125|2|88,
20852,JFK BLVD AT SIP AVE,40.73111,-74.06815,10|119,Bayonne
20853,JFK BLVD AT STUYVESANT AVE,40.72935,-74.06955,10|119,Bayonne
20854,JFK BLVD AT HIGHLAND AVE,40.7282,-74.0703,10|119,Bayonne
20855,JFK BLVD AT MONTGOMERY ST,40.72681,-74.07132,10|119,Bayonne
20856,JFK BLVD AT DUNCAN AVE,40.72503,-74.07368000000001,10|119,Bayonne
20858,JFK BLVD AT KENSINGTON AVE,40.72314,-74.0751,10|119,Bayonne
20859,JFK BLVD AT BELMONT AVENUE,40.7222,-74.07574000000001,10|119,Bayonne
20860,JFK BLVD AT BENTLEY AVE,40.72092000000001,-74.07664000000001,10|119,Bayonne
20861,JFK BLVD AT COMMUNIPAW AVE,40.71922,-74.07823,10|119,Bayonne
20862,JFK BLVD AT OXFORD AVE,40.7184,-74.07916,10|119,Bayonne
20863,JFK BLVD AT CLENDENNY AVE,40.71751,-74.08033,10|119,Bayonne
20864,JFK BLVD AT BOYD AVE,40.71577000000001,-74.08204,10|119,Bayonne
20865,JFK BLVD AT EGE AVE,40.71438000000001,-74.08292,10|119,Bayonne
20866,JFK BLVD AT MORTON PL,40.71335000000001,-74.08340000000001,10|119,Bayonne
20867,JFK BLVD AT CLAREMONT AVE,40.71214000000001,-74.08408,10|119,Bayonne
20868,JFK BLVD AT BROADMAN PKWY,40.71093,-74.08499,10|119,Bayonne
20869,JFK BLVD AT AUDUBON AVE,40.70794,-74.08748,10|119,Bayonne
20870,JFK BLVD AT STEGMAN PKWY,40.70737,-74.08825,10|119,Bayonne
20871,JFK BLVD AT VAN HOUTEN AVE,40.70683,-74.08884,10|119,Bayonne
20872,JFK BLVD AT WOODLAWN AVE,40.70514,-74.08980000000001,10|119,Bayonne
20873,JFK BLVD AT VAN NOSTRAND AVE,40.70439,-74.09033000000001,10|119,Bayonne
20875,JFK BLVD AT STEVENS AVE,40.70292000000001,-74.09125,10|119|8,Bayonne
20876,JFK BLVD AT MCADOO AVE,40.70167,-74.09273,10|119,Bayonne
20877,JFK BLVD AT DANFORTH AVE,40.7,-74.09475,10|119,Bayonne
20878,JFK BLVD AT GREENVILLE AVE,40.69889000000001,-74.09599,10|119,Bayonne
20879,JFK BLVD AT PEARSALL AVE,40.69783,-74.09691000000001,10|119,Bayonne
20880,JFK BLVD AT WINFIELD AVE,40.69699000000001,-74.0978,10|119,Bayonne
20881,JFK BLVD AT GATES AVE,40.69489,-74.09997,10|119,Bayonne
20882,JFK BLVD AT PAMRAPO AVE,40.69366,-74.10126000000001,10|119,Bayonne
20883-..,JOURNAL SQUARE TRANSPORTATION CENTER,40.73205,-74.06202,1|125|16|2|319|6|80|83|84|88,
20883-B_1,JOURNAL SQUARE TRANSPORTATION CENTER,40.73205,-74.06202,,
20883-B_2,JOURNAL SQUARE TRANSPORTATION CENTER,40.73205,-74.06202,,
20883-B_3,JOURNAL SQUARE TRANSPORTATION CENTER,40.73205,-74.06202,,
20883-B_4,JOURNAL SQUARE TRANSPORTATION CENTER,40.73205,-74.06202,,
20883-C_1,JOURNAL SQUARE TRANSPORTATION CENTER,40.73205,-74.06202,,
20883-C_2,JOURNAL SQUARE TRANSPORTATION CENTER,40.73205,-74.06202,,
20883-C_3,JOURNAL SQUARE TRANSPORTATION CENTER,40.73205,-74.06202,,
20883-C_4,JOURNAL SQUARE TRANSPORTATION CENTER,40.73205,-74.06202,,
20883-D_3,JOURNAL SQUARE TRANSPORTATION CENTER,40.73205,-74.06202,,
20883-D_4,JOURNAL SQUARE TRANSPORTATION CENTER,40.73205,-74.06202,,
20883-SIP_AVE,JOURNAL SQUARE TRANSPORTATION CENTER,40.73205,-74.06202,,
20884,LIBERTY STATE PARK - PARK & RIDE,40.71022000000001,-74.05634,16,Journal Square
20887,MANHATTAN AVE AT JFK BLVD,40.74570000000001,-74.05849,2,
20893,MONTGOMERY ST AT JFK BLVD,40.72663,-74.07152,80|9,
20894,MONTGOMERY ST AT BRITTON ST,40.72622,-74.07051000000001,80|9,
20895,MONTGOMERY ST AT BOLAND ST,40.72580000000001,-74.06942000000001,80|9,
20896,MONTGOMERY ST AT BERGEN AVE,40.72496,-74.06762,9,West Side Avenue
20897,MONTGOMERY ST AT JORDAN AVE,40.72445,-74.06641,9,West Side Avenue
20899,MONTGOMERY ST AT BALDWIN AVE,40.72376000000001,-74.06438,9,West Side Avenue
20900,MONTGOMERY ST AT MILL RD,40.72312,-74.06229,16|6|9,Journal Square
20901,MONTGOMERY ST AT FLORENCE ST,40.7224,-74.06006000000001,9,West Side Avenue
20902,MONTGOMERY ST AT RISTAINO DR,40.72199000000001,-74.05877000000001,9,West Side Avenue
20903,MONTGOMERY ST AT MERSELES ST,40.72102,-74.05556,9,West Side Avenue
20904,MONTGOMERY ST AT BRUNSWICK ST,40.72002000000001,-74.05252,9,West Side Avenue
20905,MONTGOMERY ST AT MONMOUTH ST,40.71952,-74.05101,9,West Side Avenue
20920,MONTGOMERY ST AT MONMOUTH ST,40.71961,-74.05066000000001,9,Montgomery St
20921,MONTGOMERY ST AT BRUNSWICK ST,40.72009000000001,-74.05221,9,Montgomery St
20922,MONTGOMERY ST AT COLGATE ST,40.72058000000001,-74.05373,9,Montgomery St
20923,MONTGOMERY ST AT CHOPIN ST,40.72136,-74.05605,9,Montgomery St
20924,MONTGOMERY ST AT RISTAINO DR,40.72202,-74.05828000000001,9,Montgomery St
20925,MONTGOMERY ST AT FLORENCE ST,40.72244000000001,-74.05962000000001,9,Montgomery St
20926,MONTGOMERY ST AT MILL RD,40.72331000000001,-74.06243,16|6|9,Ocean Avenue
20927,MONTGOMERY ST AT JORDAN AVE,40.72449,-74.06599,9,Montgomery St
20928,MONTGOMERY ST AT BOLAND ST,40.7256,-74.06866000000001,80|9,
20930,MONTGOMERY ST AT JFK BLVD,40.72659,-74.07114,80|9,
20931,MONTICELLO AVE AT COMMUNIPAW AVE,40.71751,-74.07231,87,Hoboken
20933,MONTICELLO AVE AT ASTOR PL,40.71967,-74.07106,87,Hoboken
20934,MONTICELLO AVE AT BELMONT AVE,40.71982000000001,-74.07106,87,Jersey City
20935,MONTICELLO AVE AT JEWETT AVE,40.72159000000001,-74.06989,87,Hoboken
20938,MONTICELLO AVE AT FAIRMOUNT AVE,40.72292,-74.06909,87,Hoboken
20939,MONTICELLO AVE AT FAIRVIEW AVE,40.72206000000001,-74.06973,87,Jersey City
20940,MONTICELLO AVE AT JEWETT AVE,40.72124,-74.07021,87,Jersey City
20943,MONTICELLO AVE AT BRINKERHOFF ST,40.71809,-74.07207000000001,87,Jersey City
20944,MONTICELLO AVE AT HARRISON AVE,40.7174,-74.07249,87,Jersey City
20945,NEPTUNE AVE AT OLD BERGEN RD,40.69307000000001,-74.09577,8,
20946,NEPTUNE AVE AT OCEAN AVE,40.69223,-74.09505,8,
20947,NEPTUNE AVE AT GARFIELD AVE,40.69085,-74.09387000000001,8,
20948,NEPTUNE AVE AT GARFIELD AVE,40.69097,-74.09383000000001,8,
20949,NEPTUNE AVE AT OCEAN AVE,40.69205,-74.09478,8,
20950,NEPTUNE AVE AT OLD BERGEN RD,40.69325000000001,-74.09583,8,
20951,NEWARK AVE AT JFK BLVD,40.73523,-74.06241,119|80|84,
20952,NEWARK AVE AT SUMMIT AVE,40.73427,-74.05892,80|82|84,
20955,NEWARK AVE AT CHESTNUT AVE,40.73049,-74.05579,80|82|84,
20957,NEWARK AVE AT WALDO AVE,40.72832,-74.05475000000001,80|82|86,
20958,NEWARK AVE AT MERSELES ST,40.72556,-74.05202000000001,80|82|86,
20959,NEWARK AVE AT FOURTH ST,40.72467,-74.05106,80|82|86,
20969,NEWARK AVE AT BRUNSWICK ST,40.72436,-74.05057000000001,80|82|86,
20970,NEWARK AVE AT 6TH ST,40.72599,-74.05235,80|82|86,
20971,NEWARK AVE 350'E OF PALISADE AVE,40.7295,-74.05502,86,
20972,NEWARK AVE AT BALDWIN AVE,40.7319,-74.05679,80|82|84,
20973,NEWARK AVE AT OAKLAND AVE COUNTY BUILDING,40.73271,-74.05746,80|82|84,
20976,OCEAN AVE AT MERRIT ST,40.68951000000001,-74.098,6|81,Jersey City
20977,OCEAN AVE AT SEAVIEW AVE,40.69151,-74.09558000000001,6,Journal Square
20978,OCEAN AVE AT NEPTUNE AVE,40.69235,-74.09462,6|81,Jersey City
20979,OCEAN AVE AT WINFIELD AVE,40.69315,-74.09365000000001,6|81,Jersey City
20980,OCEAN AVE AT LEMBECK AVE,40.69410000000001,-74.09248000000001,6|81,Jersey City
20981,OCEAN AVE AT LINDEN AVE,40.69494,-74.09152,6|81,Jersey City
20982,OCEAN AVE AT DANFORTH AVE,40.69579,-74.09032,6|81,Jersey City
20983,OCEAN AVE AT NEW ST,40.69669,-74.08887,6|81,Jersey City
20984,OCEAN AVE AT CHAPEL AVE,40.69765,-74.08749,6|81,Jersey City
20985,OCEAN AVE AT WARNER AVE,40.69847,-74.08626000000001,6|81,Jersey City
20986,OCEAN AVE AT EASTERN PKWY,40.69912,-74.08531,6|81,Jersey City
20987,OCEAN AVE AT VAN NOSTRAND AVE,40.69976,-74.08436,6|81,Jersey City
20988,OCEAN AVE AT ARMSTRONG AVE,40.70057000000001,-74.08336,6|81,Jersey City
20989,OCEAN AVE AT FULTON AVE,40.70152,-74.08246000000001,6|81,Jersey City
20990,OCEAN AVE AT STEGMAN ST,40.70275,-74.08125000000001,6|81,Jersey City
20991,OCEAN AVE AT WEGMAN PKWY,40.70375000000001,-74.08028,6|81,Jersey City
20992,OCEAN AVE AT BAYVIEW AVE,40.70454,-74.07949,6|81,Jersey City
20993,OCEAN AVE AT WILKINSON AVE,40.7058,-74.07842000000001,6|81,Jersey City
20994,OCEAN AVE AT MYRTLE AVE,40.70675000000001,-74.07793000000001,6|81,Jersey City
20995,OCEAN AVE AT CLAREMONT AVE,40.70782000000001,-74.07735000000001,6|81,Jersey City
20997,OCEAN AVE AT VIRGINIA AVE,40.71112,-74.07561000000001,6|81,Jersey City
20998,OCEAN AVE AT FORREST ST,40.71185000000001,-74.07514,6|81,Jersey City
20999,OCEAN AVE AT UNION ST,40.71333000000001,-74.07384,6|81,Jersey City
21000,OCEAN AVE AT BRAMHALL AVE,40.71420000000001,-74.07303,6|81,Jersey City
21001,OCEAN AVE AT UNION ST,40.71326000000001,-74.07397,6|81,Bayonne
21002,OCEAN AVE AT FORREST ST,40.71207,-74.07503000000001,6|81,Bayonne
21003,OCEAN AVE AT VIRGINIA AVE,40.71115,-74.07568,6|81,Bayonne
21005,OCEAN AVE AT CLAREMONT AVE,40.70807000000001,-74.07732,6|81,Bayonne
21006,OCEAN AVE AT MYRTLE AVE,40.70636,-74.07823,6|81,Bayonne
21007,OCEAN AVE AT WILKINSON AVE,40.70502,-74.07917,6|81,Bayonne
21008,OCEAN AVE AT BIDWELL AVE,40.70382,-74.08035000000001,6|81,Bayonne
21009,OCEAN AVE AT STEGMAN ST,40.70296,-74.08115000000001,6|81,Bayonne
21010,OCEAN AVE AT DWIGHT ST,40.70202,-74.08210000000001,6|81,Bayonne
21011,OCEAN AVE AT FULTON AVE,40.70135000000001,-74.08275,6|81,Bayonne
21012,OCEAN AVE AT ARMSTRONG AVE,40.70055,-74.08353000000001,6|81,Bayonne
21013,OCEAN AVE AT VAN NOSTRAND AVE,40.69975,-74.08453,6|81,Bayonne
21014,OCEAN AVE AT WADE ST,40.69885,-74.08585000000001,6|81,Bayonne
21015,OCEAN AVE AT WARNER AVE,40.69809,-74.08697000000001,6|81,Bayonne
21016,OCEAN AVE AT SHEFFIELD ST,40.69733,-74.08809000000001,6|81,Bayonne
21017,OCEAN AVE AT NEW ST,40.69657,-74.08916,6|81,Bayonne
21018,OCEAN AVE AT DANFORTH AVE,40.69576,-74.09061000000001,6|81,Bayonne
21019,OCEAN AVE AT LINDEN AVE,40.69489,-74.09166,6|81,Bayonne
21020,OCEAN AVE AT LEMBECK AVE,40.69395,-74.09277,6|81,Bayonne
21021,OCEAN AVE AT PEARSALL AVE,40.69349,-74.09333000000001,6|81,Bayonne
21023,OCEAN AVE AT WINFIELD AVE,40.69282,-74.09418000000001,6|81,Bayonne
21024,OCEAN AVE AT NEPTUNE AVE,40.69193000000001,-74.09527,6|81,Bayonne
21025,OCEAN AVE AT GATES AVE,40.69107,-74.09631,6|81,Bayonne
21027,OCEAN AVE AT MERRIT ST,40.68947,-74.09823,6,Ocean Avenue
21028,OLD BERGEN RD AT GATES AVE,40.69209,-74.09669000000001,80|81|87,Hoboken
21030,OLD BERGEN RD AT WINFIELD AVE,40.69392000000001,-74.09542,8|87,Hoboken
21031,OLD BERGEN RD AT BARTHOLDI ST,40.69444,-74.09493,8|87,Hoboken
21032,OLD BERGEN RD AT LEMBECK AVE,40.69548,-74.09396000000001,8|87,Hoboken
21033,OLD BERGEN RD AT LINDEN AVE,40.69681000000001,-74.09308,8|87,Hoboken
21034,OLD BERGEN RD AT DANFORTH AVE,40.69773,-74.09270000000001,8|87,Hoboken
21035,OLD BERGEN RD AT CATOR AVE,40.69879,-74.09228,8,
21036,OLD BERGEN RD AT MACADOO AVE,40.70131000000001,-74.09218,8,
21037,OLD BERGEN RD AT MACADOO AVE,40.70113000000001,-74.09229,8,
21038,OLD BERGEN RD AT CATOR AVE,40.69926,-74.09232,8,
21039,OLD BERGEN RD AT DANFORTH AVE,40.69828,-74.09232,8,
21040,OLD BERGEN RD AT LINDEN AVE,40.69715,-74.09298000000001,8|87,Jersey City
21041,OLD BERGEN RD AT GREENVILLE AVE,40.69635,-74.09344,8|87,Jersey City
21042,OLD BERGEN RD AT PEARSALL AVE,40.69528,-74.09423000000001,8|87,Jersey City
21043,OLD BERGEN RD AT BARTHOLDI AVE,40.69471,-74.09478,8|87,Jersey City
21044,OLD BERGEN RD AT WINFIELD AVE,40.69378,-74.09565,8|87,Jersey City
21045,OLD BERGEN RD AT SEAVIEW AVE,40.69282,-74.0964,87,Jersey City
21046,OLD BERGEN RD AT GATES AVE,40.69199,-74.09685,80|87,Jersey City
21047,OLD BERGEN RD AT GATES AVE,40.69131,-74.09728000000001,81,Bayonne
21048,OLD BERGEN RD AT PAMRAPO AVE,40.69061000000001,-74.09775,81,Bayonne
21049,OLD BERGEN RD AT MERRITT ST,40.68969000000001,-74.09854,81,Bayonne
21050,PACIFIC AVE AT COMMUNIPAW AVE,40.71157,-74.06258000000001,1,
21051,PALISADE AVE AT ST. PAUL'S AVE,40.73336,-74.05104,84|86,
21052,PALISADE AVE AT NEWARK AVE,40.73035,-74.05466000000001,84|86,
21053,PALISADE AVE AT BEACON AVE CHRIST HOSPITAL,40.73446000000001,-74.05033,84|86,
21075,PALISADE AVE AT BEACON AVE OPP. CHRIST HOSPITAL,40.73473000000001,-74.05032,84|86,
21076,PALISADE AVE AT ST. PAUL'S AVE,40.73357,-74.05106,84|86,
21077,PALISADE AVE AT NEWARK AVE,40.73126000000001,-74.0536,84|86,
21078,PALISADE AVE AT NEWARK AVE,40.73022,-74.05497000000001,84,
21081,ROMAR AVE AT NEPTUNE AVE,40.69834,-74.09952000000001,80,
21082,ROMAR AVE AT PEARSALL AVE,40.69914,-74.09782000000001,80,
21083,ROMAR AVE AT GREENVILLE AVE,40.69971,-74.09663,80,
21084,ROMAR AVE AT BARTHOLDI AVE,40.69869000000001,-74.0989,80,
21085,ROMAR AVE AT NEPTUNE AVE,40.69826,-74.0998,80,
21086,ROSE AVE AT CATOR AVE,40.69837,-74.09196,87,Hoboken
21087,SEAVIEW AVE AT KENNEDY BLVD,40.69576,-74.09920000000001,80,
21088,SEAVIEW AVE AT KENNEDY BLVD,40.69555,-74.09891,80,
21089,SEAVIEW AVE AT ROMAR AVE,40.69768000000001,-74.10068000000001,80,
21090,SIP AVE AT CORBIN AVE,40.73220000000001,-74.07181,1|119|14|80,
21091,SIP AVE AT ROMAINE AVE,40.73181,-74.06996000000001,1|119|14|80,
21092,SIP AVE AT TONNELLE AVE,40.73124000000001,-74.06731,1|10|119|80,Jersey City
21093,SIP AVE AT TONNELLE AVE,40.73125,-74.06704,10|119|14|80,
21094,SIP AVE AT GARRISON AVE,40.73162000000001,-74.06878,1|14|80,
21095,SIP AVE AT VAN WAGENEN AVE,40.73201,-74.07054000000001,1|14|80,
21096,SIP AVE AT CORBIN AVE,40.73229000000001,-74.07188000000001,1|14|80,
21098,SUMMIT AVE AT CLIFTON PL,40.71867,-74.06746000000001,16|6,Journal Square
21099,SUMMIT AVE 130'N OF ACADEMY ST,40.72801,-74.06319,16|6,Journal Square
21100,SUMMIT AVE AT NEWARK AVE,40.73539,-74.05905,82|83|87,
21101,SUMMIT AVE AT HOPKINS AVE,40.73856000000001,-74.05841000000001,82|83|87,
21102,SUMMIT AVE 255'N OF JEFFERSON AVE,40.7406,-74.05624,82|83|87,
21103,SUMMIT AVE AT CARLTON AVE,40.74227,-74.05493000000001,82|83|87,
21104,SUMMIT AVE AT MANHATTAN AVE,40.74369,-74.05396,82|83|87,
21105,SUMMIT AVE AT HUTTON ST,40.74554000000001,-74.0527,82|83|87,
21106,SUMMIT AVE AT GRIFFITH ST,40.74682000000001,-74.05183000000001,82|83|87,
21107,SUMMIT AVE AT BOWERS ST,40.74813,-74.05090000000001,82|83|87,
21116,SUMMIT AVE AT THORNE ST,40.7496,-74.05000000000001,82|83|87,
21117,SUMMIT AVE AT BOWERS ST,40.74796000000001,-74.05114,82|83|87,
21118,SUMMIT AVE AT HUTTON ST,40.7458,-74.05265,82|83|87,
21119,SUMMIT AVE AT MANHATTAN AVE,40.7436,-74.05416000000001,82|83|87,
21120,SUMMIT AVE AT CARLTON AVE,40.74258,-74.05485,82|83|87,
21121,SUMMIT AVE 240'N OF TROY ST,40.74055000000001,-74.05642,82|83|87,
21122,SUMMIT AVE AT BEACON AVE,40.73863,-74.05843,82|83|87,
21123,SUMMIT AVE AT NEWARK AVE,40.73503,-74.05928,83|87,
21124,SUMMIT AVE AT PAVONIA AVE,40.73279,-74.05962000000001,119|83|87|88,Jersey City
21125,SUMMIT AVE AT NEWKIRK ST,40.72841,-74.0629,16|6,Ocean Avenue
21126,SUMMIT AVE AT FAIRMOUNT AVE,40.72034,-74.06666000000001,16|6,Ocean Avenue
21127,SUMMIT AVE AT BELMONT AVE,40.71873,-74.06753,16|6,Ocean Avenue
21139,WEST SIDE AVE AT CATOR AVE,40.70614,-74.09793,14|80|9,
21141,WEST SIDE AVE AT VAN NOSTRAND AVE,40.70813,-74.09641,14|80|9,
21142,WEST SIDE AVE AT WOODLAWN AVE,40.70938,-74.09505,14|80|9,
21143,WEST SIDE AVE AT STEGMAN PKWY,40.71100000000001,-74.09334000000001,14|80|9,
21144,WEST SIDE AVE AT AUDUBON AVE,40.71182,-74.09229,14|80|9,
21145,WEST SIDE AVE AT FISK ST,40.71270000000001,-74.09079000000001,14|80|9,
21146,WEST SIDE AVE AT POLLOCK AVE,40.71355000000001,-74.08933,14|80|9,
21147,WEST SIDE AVE AT CLAREMONT AVE - HBLR,40.71463000000001,-74.08804,14|80|9,
21148,WEST SIDE AVE AT EGE AVE,40.71592,-74.08635000000001,80|9,
21149,WEST SIDE AVE AT VIRGINIA AVE,40.71654,-74.08554000000001,80|9,
21150,WEST SIDE AVE AT BOYD AVE,40.71736000000001,-74.08463,80|9,
21151,WEST SIDE AVE AT UNION ST,40.71825,-74.08374,80|9,
21152,WEST SIDE AVE AT LEXINGTON AVE,40.71980000000001,-74.08218000000001,80|9,
21153,WEST SIDE AVE AT COMMUNIPAW AVE,40.72124,-74.08105,1|14|80|9,
21154,WEST SIDE AVE AT HARRISON AVE,40.72198,-74.08042,1|14|80|9,
21155,WEST SIDE AVE AT GIFFORD AVE,40.72344,-74.07912,1|14|80|9,
21156,WEST SIDE AVE AT KENSINGTON AVE,40.72443000000001,-74.07825000000001,1|14|80|9,
21157,WEST SIDE AVE AT FAIRVIEW AVE,40.72564000000001,-74.07730000000001,1|14|80|9,
21158,WEST SIDE AVE AT FAIRMOUNT AVE,40.72745,-74.07607,1|80|9,
21159,WEST SIDE AVE AT GLENWOOD AVE,40.72942,-74.07459,1|80,
21160,WEST SIDE AVE AT STUYVESANT AVE,40.7308,-74.07352,1|80,
21163,WEST SIDE AVE AT HIGHLAND AVE,40.7298,-74.07441,1|80,
21164,WEST SIDE AVE AT FAIRMOUNT AVE,40.72739000000001,-74.07621,1|80|9,
21165,WEST SIDE AVE AT GAUTIER AVE,40.72504,-74.07783,1|14|80|9,
21166,WEST SIDE AVE AT KENSINGTON AVE,40.72429,-74.07848,1|14|80|9,
21167,WEST SIDE AVE AT GIFFORD AVE,40.72322,-74.07939,1|14|80|9,
21168,WEST SIDE AVE AT HARRISON AVE,40.72185,-74.08064,1|14|80|9,
21169,WEST SIDE AVE AT COMMUNIPAW AVE,40.72068,-74.08161000000001,80|9,
21170,WEST SIDE AVE AT CLENDENNY AVE,40.71913,-74.08295000000001,80|9,
21171,WEST SIDE AVE AT UNION ST,40.71808,-74.08408,80|9,
21172,WEST SIDE AVE AT BOYD AVE,40.71741,-74.08473000000001,80|9,
21173,WEST SIDE AVE AT CLARKE AVE,40.71586000000001,-74.08662000000001,80|9,
21174,WEST SIDE AVE AT GRANT AVE,40.71439,-74.08859000000001,80|9,
21175,WEST SIDE AVE AT POLLOCK AVE,40.7135,-74.08962000000001,80|9,
21176,WEST SIDE AVE AT FISK ST,40.71288000000001,-74.09068,80|9,
21177,WEST SIDE AVE AT CARBON PL,40.71175,-74.09259,80|9,
21178,WEST SIDE AVE AT STEGMAN PKWY,40.71084,-74.09362,80|9,
21179,WEST SIDE AVE AT WOODLAWN AVE,40.7094,-74.0952,80|9,
21180,WEST SIDE AVE AT VAN NOSTRAND AVE,40.70818000000001,-74.0965,80|9,
21181,WEST SIDE AVE AT MCADOO AVE,40.70696,-74.0978,80|9,
21182,WEST SIDE AVE AT CATOR AVE,40.70566,-74.09813000000001,80|9,
21192,PALISADE AVE AT FLEET ST#,40.73292,-74.05149,84,
21204,COMMUNIPAW AVE AT WHITON ST,40.7111,-74.06214,16,Newport Mall
21205,JFK BLVD AT ELM ST#,40.74010000000001,-74.06168000000001,125|88,
21226,COMMUNIPAW AVE at RT-440 #,40.724,-74.08955,1,
21227,SECAUCUS RD 1800' S OF PENHORN AVE.#,40.77021000000001,-74.05777,2,
21229,NJ INTERNATIONAL & BULK MAIL CENTER,40.75641,-74.05732,2,
21230,U.S. POSTAL FACILITY AT BULK DOOR,40.75426,-74.05957000000001,2,
21234,BELGROVE DR AT WOODLAND AVE,40.75537000000001,-74.15956,76,Newark
21235,BELGROVE DR AT BERGEN AVE,40.76116,-74.15581,76,Newark
21236,BELGROVE DR AT BERGEN AVE,40.76139000000001,-74.1558,76,Hackensack
21237,BELGROVE DR AT WOODLAND AVE,40.75537000000001,-74.1597,76,Hackensack
21238,CENTRAL AVE 574' N OF HACKENSACK AVE.,40.72735,-74.11080000000001,1,
21239,RIVER TERMINAL (CENTRAL AVE),40.72469,-74.11319,1,
21240,HUDSON COUNTY CORRECTIONAL FACILITY,40.72691,-74.10633,1,
21241,KEARNY AVE AT HOYT ST,40.75651000000001,-74.15428,109|30,
21242,KEARNY AVE AT BERGEN AVE,40.75922000000001,-74.15180000000001,109|30,
21243,KEARNY AVE AT MIDLAND AVE,40.77111,-74.14485,109|30|76,Newark
21244,KEARNY AVE AT STUYVESANT AVE,40.77773000000001,-74.14144,109|30|76,Newark
21245,KEARNY AVE AT STEWART AVE,40.77707,-74.14194,109|30|76,Hackensack
21246,KEARNY AVE AT MIDLAND AVE,40.77097000000001,-74.14508000000001,109|30,
21247,KEARNY AVE AT QUINCY AVE,40.76591000000001,-74.1477,109|30,
21248,KEARNY AVE AT BERGEN AVE,40.75956,-74.15176000000001,109|30,
21249,KEARNY AVE AT JOHNSTON AVE,40.75283,-74.15731000000001,109|30,
21250,LINCOLN HWY AT HACKENSACK AVE,40.72837000000001,-74.10326,1,
21251,LINCOLN HWY AT HACKENSACK AVE,40.72876,-74.1038,1,
21256,KEARNY AVE AT STEWART AVE#,40.77673,-74.14196000000001,109|30|76,Newark
21257,KEARNY AVE AT SEELEY AVE#,40.77982,-74.14004,109|30|76,Newark
21258,BELLEVILLE TPKE AT KEARNY AVE#,40.78161,-74.13836,40,Jersey Gardens
21259,BELLEVILLE TPKE AT RUTHERFORD PL#,40.78055000000001,-74.13631000000001,40,Jersey Gardens
21260,BELLEVILLE TPKE AT CHESTNUT ST#,40.77937,-74.13397,40,Jersey Gardens
21261,ELM ST AT STUYVESANT AVE#,40.77482000000001,-74.13594,40,Jersey Gardens
21262,ELM ST AT LAUREL AVE#,40.77212,-74.13851000000001,40,Jersey Gardens
21265,DAVIS AVE AT OAKWOOD AVE#,40.7662,-74.14172,40,Jersey Gardens
21266,DAVIS AVE AT QUINCY AVE#,40.76421000000001,-74.14351,40,Jersey Gardens
21267,DAVIS AVE AT KING AVE#,40.76174,-74.14512,40,Jersey Gardens
21268,ELM ST AT SEELEY AVE#,40.77655,-74.13411,40,Kearny
21269,ELM ST AT SEELEY AVE#,40.77676,-74.13407000000001,40,Jersey Gardens
21270,ELM ST AT STEWART AVE#,40.77388000000001,-74.13685000000001,40,Jersey Gardens
21272,DAVIS AVE AT GARFIELD AVE#,40.76032,-74.14604,40,Jersey Gardens
21274,KEARNY AVE AT HALSTEAD ST#,40.76249000000001,-74.14962000000001,109|30,
21275,BELGROVE DR AT LINCOLN AVE#,40.75451,-74.16192000000001,76,Hackensack
21276,BELGROVE DR AT HALSTEAD ST#,40.76446000000001,-74.15375,76,Newark
21278,KEARNY AVE AT BENNETT AVE#,40.77917,-74.14075000000001,109|30|76,Hackensack
21279,MIDLAND AVE AT FOREST ST#,40.7685,-74.14054,40,Kearny
21280,BELGROVE DR AT OAKWOOD AVE#,40.76994000000001,-74.15011000000001,76,Hackensack
21281,BELGROVE DR AT QUINCY AVE#,40.76833000000001,-74.15155,76,Hackensack
21282,BELGROVE DR AT PEDEN TERRACE#,40.76454,-74.15390000000001,76,Hackensack
21283,BELGROVE DR AT WILSON AVE#,40.75903,-74.15757,76,Hackensack
21284,KEARNY AVE AT SEELEY AVE#,40.78009,-74.13999000000001,109|30|76,Hackensack
21285,KEARNY AVE AT MAGNOLIA AVE#,40.77621000000001,-74.14238,109|30|76,Hackensack
21287,KEARNY AVE AT LAUREL AVE#,40.77474,-74.14312000000001,109|30|76,Hackensack
21289,KEARNY AVE AT COLUMBIA AVE#,40.77331,-74.14389,109|30|76,Hackensack
21290,KEARNY AVE AT LOCUST AVE#,40.77215,-74.14447000000001,109|30|76,Hackensack
21291,KEARNY AVE AT NEW LAWN TERRACE#,40.76975,-74.14571000000001,109|30,
21292,KEARNY AVE AT OAKWOOD AVE#,40.76859,-74.14631,109|30,
21293,KEARNY AVE AT PAVONIA AVE#,40.76743,-74.14691,109|30,
21294,KEARNY AVE AT GROVE ST#,40.76488000000001,-74.14822000000001,109|30,
21295,KEARNY AVE AT LIBERTY ST#,40.76396,-74.14880000000001,109|30,
21296,KEARNY AVE AT HALSTEAD ST#,40.76273,-74.14963,109|30,
21297,KEARNY AVE AT AFTON ST#,40.76145,-74.15050000000001,109|30,
21298,KEARNY AVE AT BOYD ST#,40.75822,-74.15271,109|30,
21299,KEARNY AVE AT WILSON AVE#,40.75761000000001,-74.15334,109|30,
21300,KEARNY AVE AT PATERSON ST#,40.75672,-74.15424,109|30,
21301,KEARNY AVE AT ROSE ST#,40.75519000000001,-74.15584000000001,109|30,
21302,KEARNY AVE AT WOODLAND AVE#,40.7543,-74.15647000000001,109|30,
21303,KEARNY AVE AT JOHNSTON AVE#,40.7528,-74.15716,109|30,
21304,KEARNY AVE AT WOODLAND AVE#,40.75405000000001,-74.15646000000001,109|30,
21305,KEARNY AVE AT DUKES ST#,40.75548000000001,-74.15537,109|30,
21306,KEARNY AVE AT WILSON AVE#,40.75735,-74.15341000000001,109|30,
21307,KEARNY AVE AT BOYD ST#,40.75817,-74.15257000000001,109|30,
21308,KEARNY AVE AT GARFIELD AVE#,40.76165,-74.15020000000001,109|30,
21309,KEARNY AVE AT LIBERTY ST#,40.76372000000001,-74.14879,109|30,
21310,KEARNY AVE AT GROVE ST#,40.7647,-74.14818000000001,109|30,
21311,KEARNY AVE AT QUINCY AVE#,40.76598000000001,-74.14750000000001,109|30,
21312,KEARNY AVE AT PAVONIA AVE#,40.76719000000001,-74.14687,109|30,
21313,KEARNY AVE AT OAKWOOD AVE#,40.76833000000001,-74.14629000000001,109|30,
21314,KEARNY AVE AT COLUMBIA AVE#,40.77304,-74.14385,109|30|76,Newark
21315,KEARNY AVE AT WASHINGTON AVE#,40.77373,-74.14349,109|30|76,Newark
21318,KEARNY AVE AT MAGNOLIA AVE#,40.77593,-74.14238,109|30|76,Newark
21319,DAVIS AVE AT BERGEN AVE#,40.75802,-74.14751000000001,40,Jersey Gardens
21322,DAVIS AVE AT TAPPAN ST#,40.75403,-74.14997000000001,40,Kearny
21324,DAVIS AVE AT BERGEN AVE#,40.75772000000001,-74.14752,40,Kearny
21326,DAVIS AVE AT KING ST#,40.76148000000001,-74.14511,40,Kearny
21327,DAVIS AVE AT QUINCY AVE#,40.76393,-74.14352000000001,40,Kearny
21328,DAVIS AVE AT OAKWOOD AVE#,40.76597,-74.14172,40,Kearny
21330,ELM ST AT COLUMBIA AVE#,40.77065,-74.13975,40,Kearny
21331,ELM ST AT LAUREL AVE#,40.77194,-74.13853,40,Kearny
21332,ELM ST AT STUYVESANT AVE#,40.77481,-74.13578000000001,40,Kearny
21333,ELM ST AT BELLVILLE TPKE#,40.77847000000001,-74.13227,40,Kearny
21339,BELGROVE DR AT LINCOLN AVE#,40.75437,-74.16189,76,Newark
21341,BELGROVE DR AT WILSON AVE#,40.75899,-74.15742,76,Newark
21342,BELGROVE DR AT QUINCY AVE#,40.76811,-74.15146,76,Newark
21343,BELGROVE DR AT OAKWOOD AVE#,40.77016,-74.14972,76,Newark
21344,BELGROVE DR AT MIDLAND AVE#,40.77215,-74.14791000000001,76,Newark
21441,SECAUCUS RD AT 16TH ST,40.76833000000001,-74.05647,2,
21443,SECAUCUS RD 1310'E OF 16TH ST.,40.76515000000001,-74.05455,2,
21520,AMERICAN WAY 225' W OF HARTZ WAY,40.78409000000001,-74.07413000000001,124|129|2|78,
21521,AMERICAN WAY AT HARTZ WAY,40.78418000000001,-74.07389,124|129|2,
21522,AMERICAN WAY 674'W OF HARTZ WAY,40.78472,-74.07565000000001,124|129|2,
21523,CASTLE RD AT MEADOWLANDS PARKWAY,40.77389,-74.08514000000001,124|329|78,Secaucus
21524,CASTLE RD 1330' E OF MEADOWLANDS PKWY.,40.77273,-74.08341,124|329|78,Secaucus
21525,CASTLE RD 2470'W OF NEW COUNTY RD,40.76987,-74.08089000000001,124|329|78,Secaucus
21526,CASTLE RD 903'W OF NEW COUNTY RD,40.76642,-74.07793000000001,124|329|78,Newark
21527,CASTLE RD 1589' W OF NEW COUNTY RD.,40.76754,-74.07961,124|329|78,Secaucus
21528,CASTLE RD 1637'W OF NEW COUNTY RD,40.76769,-74.07958,124|329|78,Newark
21529,CASTLE RD 2465'W OF NEW COUNTY RD,40.77013,-74.08086,124|329|78,Newark
21530,CASTLE RD 1330'E OF MEADOWLANDS PKWY,40.77336,-74.08403000000001,124|329|78,Newark
21531,CASTLE RD AT MEADOWLANDS PARKWAY,40.77419,-74.0857,124|329|78,Newark
21532,COUNTY AVE AT COUNTY RD,40.76737000000001,-74.06846,2,
21533,COUNTY AVE 190' S OF METRO WAY,40.76897,-74.06736000000001,2,
21534,COUNTY AVE AT LOUIS ST,40.77154,-74.06554000000001,2,
21535,COUNTY AVE AT JEFFERSON AVE,40.77316,-74.06424000000001,2,
21536,COUNTY AVE AT SECAUCUS RD,40.77613,-74.06164000000001,124|2|78,
21537,COUNTY AVE OPPOSITE UPS DRIVE,40.77818000000001,-74.05977,124|2|378|78|87,
21538,COUNTY AVE 493'S OF DORIGO LN,40.78446,-74.05641,124|2|78|87,
21539,COUNTY AVE AT DORIGO LN,40.78562,-74.05579,124|2|78|87,
21540,COUNTY AVE AT CENTER AVE,40.78685,-74.05507,124|2|78|87,
21541,COUNTY AVE AT CENTER AVE,40.78719,-74.05507,124|2|87,
21542,COUNTY AVE AT DORIGO LN,40.78555,-74.05600000000001,124|2|378|87,
21543,COUNTY AVE 493'S OF DORIGO LN,40.78434,-74.05671000000001,124|2|378|87,
21544,COUNTY AVE 856'N OF UPS DRIVE,40.78096,-74.05838,124|2|378|87,
21545,COUNTY AVE AT UPS DRIVE,40.77848,-74.05965,124|2|378|87,
21546,COUNTY AVE AT SECAUCUS RD,40.77536000000001,-74.06256,2|329,
21547,COUNTY AVE AT JEFFERSON AVE,40.7728,-74.0647,2|329,
21548,COUNTY AVE AT CHARLES ST,40.77205,-74.06532,2|329,
21549,COUNTY AVE AT HELEN ST,40.77092,-74.06613,2|329,
21550,COUNTY AVE 190' S OF METRO WAY,40.76882000000001,-74.06761,2|329,
21551,COUNTY AVE AT COUNTY RD,40.76714,-74.06879,2|329,
21552,ENTERPRISE AVE AT SECAUCUS RD,40.78004000000001,-74.07098,124|2,
21553,ENTERPRISE AVE N AT AMERICAN WAY,40.78222,-74.06982,124|2,
21558,ENTERPRISE AVE N AT AMERICAN WAY,40.78194000000001,-74.07008,124|129|2|78,
21560,ENTERPRISE AVE AT SECAUCUS RD,40.78004000000001,-74.07108000000001,124|129|2|78,
21561,ENTERPRISE AVE SOUTH 466'S OF SECAUCUS RD,40.77725,-74.07162000000001,78,Secaucus
21562,ENTERPRISE AVE SOUTH 396' N OF METRO WAY,40.77469000000001,-74.07297000000001,78,Secaucus
21563,ENTERPRISE AVE SOUTH 260' N OF METRO WAY,40.77504,-74.07266,78,Secaucus
21564,ENTERPRISE AVE SOUTH 466' S OF SECAUCUS RD.,40.77813,-74.07104000000001,78,Secaucus
21565,FRONT ST AT NINTH ST,40.79529,-74.06641,129|2,
21566,FRONT ST AT HUDSON AVE,40.79445,-74.06500000000001,129|2,
21567,FRONT ST AT FIFTH ST,40.79316,-74.06286,122|129|2,
21568,FRONT ST AT THIRD ST,40.79233000000001,-74.06145000000001,122|129|2,
21569,FRONT ST AT FIRST ST,40.79147,-74.06,122|129|2,
21570,FRONT ST AT GOLDEN AVE,40.79021,-74.05795,122|129|2,
21571,FRONT ST AT MINNIE PL,40.79097,-74.0591,122|129|2,
21572,FRONT ST AT FIRST ST,40.7914,-74.05975000000001,122|129|2,
21573,FRONT ST AT THIRD ST,40.79239,-74.06142000000001,122|129|2,
21574,FRONT ST AT FIFTH ST,40.7931,-74.06262000000001,122|129|2,
21575,FRONT ST AT HUDSON AVE,40.79434000000001,-74.0647,129|2,
21576,FRONT ST AT NINTH ST,40.79522,-74.06617,129|2,
21577,HARTZ WAY 343' S OF AMERICAN WAY,40.78281,-74.07397,2,
21580,MEADOWLANDS PKWY 1056'S OF SEAVIEW DR,40.7775,-74.08382,124|329|78,Newark
21581,MEADOWLANDS PKWY AT SEAVIEW DR,40.77916,-74.08130000000001,124|329|78,Newark
21582,MEADOWLANDS PKWY 373'N OF AMERICAN WAY,40.78616,-74.07545,129|2|329,
21583,MEADOWLANDS PARKWAY AT COVE COURT (NB),40.79035,-74.07304,129|2,
21584,MEADOWLANDS PKWY 265'S OF TENTH ST,40.79338000000001,-74.07033000000001,129|2,
21586,MEADOWLANDS PKWY AT EXTENDED STAY HOTEL,40.79941,-74.06473000000001,129|78,
21587,MEADOWLANDS PKWY AT WOOD AVE. @ RED ROOF INN,40.79855000000001,-74.06568,129|78,
21588,MEADOWLANDS PKWY AT HARMON PLZ(OUTLETS),40.79381,-74.07034,129|2|78,
21589,MEADOWLANDS PKWY 425'N OF COVE CT,40.79116,-74.07276,129|2|78,
21590,MEADOWLANDS PARKWAY AT COVE COURT (SB),40.78946000000001,-74.07407,129|2|329|78,
21592,HARMON COVE TOWERS (UNDER BUILDING),40.78212000000001,-74.07811000000001,129|329,
21593,MEADOWLANDS PKWY AT SEAVIEW DR,40.77892000000001,-74.08208,124|329|78,Secaucus
21594,MEADOWLANDS PKWY 1056'S OF SEAVIEW DR,40.77752,-74.08414,124|329|78,Secaucus
21595,55 METRO WAY CUL-DE-SAC,40.77155,-74.07066,78,Secaucus
21596,METRO WAY 212' E OF ENTERPRISE AVE.,40.77375000000001,-74.07247000000001,78,Secaucus
21597,METRO WAY 253'E OF ENTERPRISE (BLDG 10-16),40.77349,-74.07195,78,Secaucus
21598,55 METRO WAY CUL-DE-SAC,40.77146,-74.07074,78,Secaucus
21599,METRO WAY 600'W OF COUNTY AVE (BLDG 50-52),40.77242,-74.07121000000001,78,Secaucus
21602,NEW COUNTY RD AT SEAVIEW DR. EXTENSION,40.76450000000001,-74.07389,124|329|78,Secaucus
21603,NEW COUNTY RD AT CASTLE RD,40.76436,-74.07513,124|329|78,Newark
21604,PATERSON PLANK RD CUL-DE-SAC,40.80239,-74.05904000000001,122,New York
21605,PATERSON PLANK RD AT SCHOPMANN DR,40.80005000000001,-74.05859000000001,122,New York
21606,PATERSON PLANK RD 255' E OF HAGEN PL.,40.79881,-74.05853,122,New York
21607,PATERSON PLANK RD AT BORN ST,40.79631000000001,-74.05843,122,New York
21608,PATERSON PLANK RD AT MAPLE ST,40.7954,-74.0584,122,New York
21609,PATERSON PLANK RD AT FIRST ST,40.79316,-74.0583,122,New York
21610,PATERSON PLANK RD AT POST PL,40.78893,-74.05602,122|129|190|2,
21611,PATERSON PLANK RD AT TOWN HALL/ROOSEVELT,40.78807,-74.05475000000001,122|129|190|2,
21612,PATERSON PLANK RD AT NJ TPKE EXIT 16E,40.78527,-74.05090000000001,122|124|129|190|87,
21614,PATERSON PLANK RD AT CEDAR LANE,40.78715,-74.05323,122|124|129|190|87,
21616,PATERSON PLANK RD AT TOWN HALL/ROOSEVELT,40.78875,-74.05548,122|129|190|2,
21617,PATERSON PLANK RD AT PLAZA CENTRE,40.79075,-74.05768,129|190,
21618,PATERSON PLANK RD AT FIRST ST,40.79274,-74.05817,129|190,
21619,PATERSON PLANK RD AT RT. 3 ENTRY RAMP,40.79455,-74.05825,129|190,
21620,PATERSON PLANK RD AT MAPLE ST,40.79549,-74.05829,122,Secaucus
21621,PATERSON PLANK RD AT FAIRVIEW AVE,40.79752000000001,-74.05836000000001,122,Secaucus
21622,PATERSON PLANK RD AT HUBER ST,40.79924,-74.05842000000001,122,Secaucus
21623,PATERSON PLANK RD AT HOPS LANE,40.80086,-74.05851000000001,122,Secaucus
21624,PATERSON PLANK RD CUL-DE-SAC,40.80351,-74.05946,122,Secaucus
21625,PLAZA CENTER 125' N OF PATERSON PLANK RD.,40.79073,-74.05711000000001,190,
21633,SEAVIEW DR AT MEADOWLANDS PKWY,40.77876000000001,-74.08057000000001,129|2|78,
21634,SEAVIEW DR AT VENTURE WAY,40.77564,-74.07945000000001,129|2|78,
21635,SEAVIEW DR 250' E OF VENTURE WAY,40.77459,-74.07913,129|2|78,
21636,SEAVIEW DR 728' E OF VENTURE WAY,40.77252,-74.0785,129|2|78,
21637,SEAVIEW DR 1256' E OF VENTURE WAY,40.77109,-74.07809,129|2|78,
21638,SEAVIEW DR 1256' E OF VENTURE WAY,40.77144000000001,-74.07802000000001,129|2|329|78,
21639,SEAVIEW DR 728' E OF VENTURE WAY,40.7726,-74.07837,129|2|329|78,
21640,SEAVIEW DR 250' E OF VENTURE WAY,40.77465,-74.07899,129|2|329|78,
21641,SEAVIEW DR AT VENTURE WAY,40.77583000000001,-74.07935,129|2|329|78,
21642,SEAVIEW DR 493' E OF MEADOWLANDS PK,40.77815,-74.08007,129|2|329|78,
21643,SEAVIEW DR AT MEADOWLANDS PKWY,40.77922,-74.08087,129|2|329|78,
21644,SECAUCUS RD AT HARTZ WAY,40.78028,-74.07481,2|329,
21646,SECAUCUS RD AT ENTERPRISE AVE NORTH,40.77935,-74.07178,2|329,
21647,ENTERPRISE AVE AT SECAUCUS RD,40.77875,-74.06979000000001,124|2|329|78,Secaucus
21648,SECAUCUS RD AT SINVALCO RD,40.77773000000001,-74.06644,124|2|329|78,Secaucus
21649,SECAUCUS RD AT COUNTY AVE,40.77632000000001,-74.06364,124|2|329|78,Secaucus
21650,SECAUCUS RD AT COUNTY AVE,40.77664,-74.06399,124|2,
21651,SECAUCUS RD AT SINVALCO RD,40.77761,-74.06589000000001,124|2,
21653,SECAUCUS RD 310'E OF ENTERPRISE AVE SOUTH,40.77866,-74.06911000000001,124|2,
21654,ENTERPRISE AVE AT SECAUCUS RD,40.77952000000001,-74.07198000000001,129|2,
21655,SECAUCUS ROAD AT HARTZ WAY,40.78038,-74.07481,129|2,
21657,RT-153 (FLANAGAN WAY) AT 4TH ST,40.79434000000001,-74.06030000000001,122,New York
21658,RT-153 (FLANAGAN WAY) AT 4TH ST,40.79432000000001,-74.06048000000001,122,Secaucus
21659,CASTLE RD 938'W OF NEW COUNTY RD,40.76627000000001,-74.07796,124|329|78,Secaucus
21661,SEAVIEW DR. EXTENSION AT NEW COUNTY RD,40.76496,-74.07364000000001,129|2|78,
21662,MEADOWLANDS PKWY 250'N OF CASTLE RD,40.77619000000001,-74.08579,124|329|78,Newark
21670,HARMON COVE TOWNHOUSES (CLUB HOUSE)#,40.78976,-74.07491,129|329,
21671,MEADOWLANDS PKWY AT AMERICAN WAY,40.78462,-74.07632000000001,124|129|2|329|78,
21674,SEAVIEW DR. EXTENSION AT NEW COUNTY RD,40.76526,-74.07352,129|2|329|78,
26640-..,ALLWOOD PARK & RIDE,40.85354,-74.17478000000001,101|191|192|195|199|705,New York
26640-Park_Ride_in,ALLWOOD PARK & RIDE,40.85354,-74.17478000000001,,
26641,ALLWOOD RD AT RICHFIELD TERRACE,40.85203000000001,-74.1725,101|191|192|195|199,New York
26642,ALLWOOD RD AT HEPBURN RD,40.8496,-74.16900000000001,101|191|192|195|199,New York
26643,ALLWOOD RD AT CHAMPLIN CT,40.84872,-74.16779000000001,101|191|192|195|199,New York
26644,ALLWOOD RD AT NEW BRIER LANE,40.84766,-74.16631000000001,101|191|192|195|199,New York
26645,ALLWOOD RD AT WINDSOR RD,40.84675,-74.16504,101|191|192|195|199,New York
26646,ALLWOOD RD AT BURLINGTON RD,40.84531,-74.16308000000001,101|191|192|195|199|709,New York
26647,ALLWOOD RD AT ORCHARD DR,40.8444,-74.16168,101|191|192|195|199|709,New York
26648,ALLWOOD RD AT COTTAGE LANE,40.84421,-74.16105,101|191|192|195|199|709,Clifton
26649,ALLWOOD RD AT BURLINGTON RD,40.84534,-74.16265,101|191|192|195|199|709,Clifton
26650,ALLWOOD RD AT CHELSEA RD,40.84701,-74.16503,101|191|192|195|199,Clifton
26652,ALLWOOD RD AT MT. PROSPECT AVE,40.84871,-74.16742,101|191|192|195|199,Clifton
26653,ALLWOOD RD AT BROOKWOOD RD,40.85017000000001,-74.1695,101|191|192|195|199,Clifton
26654,ALLWOOD RD AT RICHFIELD TERRACE,40.85225000000001,-74.17256,101|191|192|195|199,Clifton
26655-..,ALLWOOD PARK & RIDE,40.85391000000001,-74.17502,101|191|192|195|199|705,Clifton
26655-Park_RIde_out,ALLWOOD PARK & RIDE,40.85391000000001,-74.17502,,
26655-Park_Ride,ALLWOOD PARK & RIDE,40.85391000000001,-74.17502,,
26655-Park_Ride_out,ALLWOOD PARK & RIDE,40.85391000000001,-74.17502,,
26656,BLOOMFIELD AVE 48'S OF ISABELLA ST,40.83884,-74.16199,102|13|192|199|709,Broad Street
26657,BLOOMFIELD AVE AT ALLWOOD RD,40.84213,-74.16005000000001,101|13|191|192|195|199|709,Clifton
26658,BLOOMFIELD AVE AT INDUSTRIAL DR EAST,40.84667,-74.15511000000001,709,
26659,BLOOMFIELD AVE AT SOMERSET PL,40.84822,-74.15314000000001,709,
26660,BLOOMFIELD AVE AT LORRAINE DR,40.84738,-74.14903000000001,709,
26662,BLOOMFIELD AVE AT LORRAINE DR,40.84746000000001,-74.14914,709,
26663,BLOOMFIELD AVE AT SOMERSET PL,40.84799,-74.15363,709,
26664,BLOOMFIELD AVE AT INDUSTRIAL DR. EAST,40.84662,-74.15539000000001,709,
26665,BLOOMFIELD AVE AT ALLWOOD RD,40.84135000000001,-74.16066000000001,101|13|191|192|195|199|709,New York
26667,BLOOMFIELD AVE AT SYLVAN RD,40.83797000000001,-74.16261,102|13|192|199|709,Clinton Avenue
26672,BROAD ST 248'S OF ANDERSON RD,40.85212000000001,-74.17959,705|72,
26673,BROAD ST AT HADDONFIELD RD,40.85375000000001,-74.17896,705|72,
26674,BROAD ST AT ALLWOOD RD,40.8561,-74.1774,192|199|72,
26675,BROAD ST 200'S OF NOTCH RD,40.86085000000001,-74.17437000000001,192|199|72,
26676,BROAD ST AT VAN HOUTEN AVE,40.86923,-74.16907,72,
26677,BROAD ST AT TREMONT PL,40.87162,-74.16869000000001,72,
26678,BROAD ST AT COLFAX AVE,40.87384,-74.16831,72,
26679,BROAD ST AT LIVINGSTON ST,40.88337000000001,-74.16822,72,
26680,BROAD ST AT CONCORD ST,40.88767,-74.16868000000001,72,
26681,BROAD ST AT WARREN ST,40.88976,-74.16904000000001,72,
26682,BROAD ST AT FENNER AVE,40.89165000000001,-74.16856,72,
26683,BROAD ST AT HAZEL ST,40.89497,-74.16788000000001,72,
26684,BROAD ST AT FENNER AVE,40.89204,-74.16862,72,
26685,BROAD ST AT IVY CT,40.89097,-74.16893,72,
26686,BROAD ST AT CONCORD ST,40.88734,-74.16878000000001,72,
26687,BROAD ST 150'N OF EDISON ST,40.88197,-74.16818,72,
26688,BROAD ST AT COLFAX AVE,40.87361000000001,-74.16851000000001,72,
26689,BROAD ST AT VAN HOUTEN AVE,40.86972,-74.16905000000001,72,
26690,BROAD ST AT GREGLAWN DR,40.86548000000001,-74.17185,192|199|72,
26691,BROAD ST AT GREEN LAWN AVE,40.86348,-74.17339000000001,192|199|72,
26692,BROAD ST AT NOTCH RD,40.86171,-74.17414000000001,192|199|72,
26693,BROAD ST AT HIGHVIEW DR,40.85927,-74.17518000000001,192|199|72,
26694,BROAD ST 233'S OF ALLWOOD RD,40.85646000000001,-74.17726,192|199|72,
26695,BROAD ST AT HADDONFIELD RD,40.85376,-74.17912000000001,705|72,
26696,BROAD ST AT CHITTENDEN RD,40.85095,-74.1802,705|72,
26697,CLIFTON AVE AT RICHLAND CT,40.8547,-74.17173000000001,705,Willowbrook Mall
26698,CLIFTON AVE AT SAINT ANDREWS BLVD,40.85729000000001,-74.16994000000001,705,Willowbrook Mall
26699,CLIFTON AVE AT SAINT JAMES PL,40.86170000000001,-74.16548,705,Willowbrook Mall
26700,CLIFTON AVE AT KOWAL ST,40.8633,-74.16353000000001,705,Willowbrook Mall
26701,CLIFTON AVE AT VAN HOUTEN AVE,40.86558,-74.16024,705,Willowbrook Mall
26702,CLIFTON AVE AT COLFAX AVE,40.86791,-74.15623000000001,705,Willowbrook Mall
26703,CLIFTON AVE AT FORNELIUS AVE,40.86913000000001,-74.15541,705,Willowbrook Mall
26704,CLIFTON AVE AT PAULISON AVE,40.87113,-74.15350000000001,705,Willowbrook Mall
26705,CLIFTON AVE AT HAWTHORNE AVE,40.87220000000001,-74.15238000000001,705,Willowbrook Mall
26706,CLIFTON AVE AT JEWETT AVE,40.87278000000001,-74.15182,705,Willowbrook Mall
26707,CLIFTON AVE AT WESTERVELT AVE,40.87354000000001,-74.14915,705,Willowbrook Mall
26708,CLIFTON AVE AT FOURTH ST,40.87379000000001,-74.14786000000001,705,Willowbrook Mall
26709,CLIFTON AVE AT THIRD ST,40.8742,-74.14558000000001,705,Willowbrook Mall
26710,CLIFTON AVE AT SECOND ST,40.87462,-74.14320000000001,705,Willowbrook Mall
26711,CLIFTON AVE AT FIRST ST,40.87501,-74.14103,705,Willowbrook Mall
26712,CLIFTON AVE AT MAIN AVE,40.87535,-74.13914000000001,705,Willowbrook Mall
26713,CLIFTON AVE AT GETTY AVE,40.87567000000001,-74.13732,705,Willowbrook Mall
26714,CLIFTON AVE AT CENTRAL AVE,40.87585,-74.13624,705,Willowbrook Mall
26715,CLIFTON AVE AT LEXINGTON AVE,40.87648,-74.13362000000001,744,Paterson
26716,CLIFTON AVE 118'E OF LAKEVIEW AVE.,40.87614000000001,-74.13552,703|705,
26717,CLIFTON AVE AT GETTY AVE,40.87568,-74.13783000000001,705,Passaic
26718,CLIFTON AVE AT MAIN AVE,40.87528,-74.14007000000001,705,Passaic
26719,CLIFTON AVE AT SECOND ST,40.87478,-74.14289000000001,705,Passaic
26720,CLIFTON AVE AT THIRD ST,40.87435000000001,-74.14526000000001,705,Passaic
26721,CLIFTON AVE AT FOURTH ST,40.87392000000001,-74.14764000000001,705,Passaic
26722,CLIFTON AVE AT FIFTH ST,40.87351,-74.14999,705,Passaic
26723,CLIFTON AVE AT SIXTH ST,40.87322,-74.15156,705,Passaic
26724,CLIFTON AVE AT PAULISON AVE,40.87032000000001,-74.15455,705,Passaic
26725,CLIFTON AVE AT FORNELIUS AVE,40.86932,-74.15546,705,Passaic
26726,CLIFTON AVE AT CLIFTON BLVD,40.86811,-74.15614000000001,705,Passaic
26727,CLIFTON AVE AT COLFAX AVE,40.86741000000001,-74.15698,705,Passaic
26728,CLIFTON AVE AT VAN HOUTEN AVE,40.86552,-74.16098000000001,705,Passaic
26729,CLIFTON AVE AT SUNNY CREST AVE,40.86360000000001,-74.16349000000001,705,Passaic
26730,CLIFTON AVE AT SAINT JAMES PL,40.862,-74.16541000000001,705,Passaic
26731,CLIFTON AVE AT GODWIN PL,40.8596,-74.16788000000001,705,Passaic
26732,CLIFTON AVE AT BROOKSIDE DR,40.8577,-74.16979,705,Passaic
26733,CLIFTON AVE AT RICHLAND CT,40.85534000000001,-74.17156,705,Passaic
26734,DELAWANNA AVE AT BEECH ST,40.83289000000001,-74.13362000000001,190|74,
26735,DELAWANNA AVE AT DELAWANNA STATION,40.83121000000001,-74.13028,190|74,
26736,DELAWANNA AVE AT BOLL ST,40.82949,-74.12682000000001,190|74,
26737,DELAWANNA AVE AT BOLL ST,40.82963,-74.12696000000001,190|74,
26738,DELAWANNA AVE AT DELAWANNA STATION,40.83131,-74.13031000000001,190|74,
26739,DELAWANNA AVE AT CEDAR PL,40.83470000000001,-74.13694000000001,190|27|74,
26742,HAZEL ST AT HAZELVIEW AVE,40.88037000000001,-74.16035000000001,707,Paramus
26743,HAZEL ST AT PARK SLOPE,40.88152,-74.16009000000001,707,Paramus
26744,HAZEL ST AT WEST 7TH ST,40.88329,-74.15966,707,Paramus
26745,HAZEL ST AT FLORENCE DR,40.88604,-74.15959000000001,707,Paramus
26746,HAZEL ST AT CROOKS AVE,40.88824,-74.15965,707,Paramus
26747,HAZEL ST AT KULLER RD,40.89436000000001,-74.16597,707,Paterson
26748,HAZEL ST AT MONTCLAIR ST,40.89298,-74.16357,707,Paterson
26749,HAZEL ST AT ADAMS ST,40.89172000000001,-74.16143000000001,707,Paterson
26750,HAZEL ST AT CHESTNUT ST,40.89042000000001,-74.16045000000001,707,Paterson
26751,HAZEL ST AT CROOKS AVE,40.88841,-74.15977000000001,707,Paterson
26752,HAZEL ST AT FLORENCE DR,40.88577,-74.15971,707,Paterson
26753,HAZEL ST AT WEST 7TH ST,40.88350000000001,-74.15971,707,Paterson
26754,HAZEL ST AT VAN ORDEN PL,40.88211,-74.16003,707,Paterson
26755,INDUSTRIAL WAY WEST,40.84503,-74.15506,13,Broad Street
26756,KINGSLAND RD AT WALNUT ST,40.8262,-74.14062000000001,13|192|199|27|74,Clinton Avenue
26757,KINGSLAND RD AT TARGET DRIVE,40.82481000000001,-74.13811000000001,192|199|27|74,New York
26758,KINGSLAND RD 250' W OF RIVER RD,40.82365,-74.13582000000001,192|199|27|74,New York
26759,KINGSLAND RD AT RIVER RD,40.82364,-74.13557,192|199|74,Clifton
26760,KINGSLAND RD AT TARGET DRIVE,40.82505,-74.13833000000001,192|199|74,Clifton
26761,KINGSLAND RD AT WALNUT ST,40.82616,-74.1404,13|192|199|74,Broad Street
26762,LAKEVIEW AVE AT ALYEA TERRACE,40.87753,-74.13633,703,
26763,LAKEVIEW AVE AT ROSALIE AVE,40.87891,-74.13667000000001,703,
26764,LAKEVIEW AVE AT ARLINGTON AVE,40.88045,-74.13702,703,
26765,LAKEVIEW AVE AT TRIMBLE AVE,40.88385,-74.13784000000001,703|744,
26766,LAKEVIEW AVE AT MERSELIS AVE,40.88524,-74.13813,703|744,
26767,LAKEVIEW AVE AT EAST 6TH ST,40.88795,-74.13877000000001,703|744,
26768,LAKEVIEW AVE AT CROOKS AVE,40.89132,-74.13942,703|744,
26769,LAKEVIEW AVE AT CROOKS AVE,40.8916,-74.13963000000001,703|744,
26770,LAKEVIEW AVE AT EAST 6TH ST,40.88807000000001,-74.13895000000001,703|744,
26771,LAKEVIEW AVE AT EAST 8TH ST,40.88677000000001,-74.13867,703|744,
26772,LAKEVIEW AVE AT MERSELIS AVE,40.88546,-74.13834,703|744,
26773,LAKEVIEW AVE AT TRIMBLE AVE,40.88407,-74.13802000000001,703|744,
26774,LAKEVIEW AVE AT ARLINGTON AVE,40.88062,-74.1372,703,
26775,LAKEVIEW AVE AT ROSALIE AVE,40.87905000000001,-74.13684,703,
26776,LAKEVIEW AVE AT ALYEA TERRACE,40.87765,-74.13652,703,
26777,LEXINGTON AVE AT CENTER ST,40.87379000000001,-74.13078,703|705,
26778,LEXINGTON AVE AT ACKERMAN AVE,40.8749,-74.13205,703|705,
26779,LEXINGTON AVE AT CLIFTON AVE,40.87682,-74.13411,744,Passaic
26780,LEXINGTON AVE AT SEGER AVE,40.87915,-74.13489000000001,744,Passaic
26781,LEXINGTON AVE AT ARLINGTON AVE,40.88104000000001,-74.13470000000001,744,Paterson
26782,LEXINGTON AVE AT ALYEA TERRACE,40.87802000000001,-74.13466000000001,744,Paterson
26783,LEXINGTON AVE AT CLIFTON AVE,40.87605000000001,-74.13377000000001,703|705,
26784,LEXINGTON AVE AT KULIK ST,40.87516,-74.13255000000001,703|705,
26785,LEXINGTON AVE AT PORTLAND AVE,40.87311,-74.13036000000001,703|705,
26786,MAIN AVE AT CLAY ST,40.82937,-74.14414000000001,74,
26787,MAIN AVE AT BRIDEWELL PL,40.83277,-74.13965,74,
26788,MAIN AVE AT DELAWANNA AVE,40.83486000000001,-74.13805,74,
26789,MAIN AVE AT DELAWANNA AVE,40.83727,-74.13629,190|74,
26790,MAIN AVE AT RUTHERFORD BLVD,40.83918000000001,-74.13482,190|74,
26791,MAIN AVE AT SOUTH PARKWAY,40.84013,-74.13411,190|74,
26792,MAIN AVE AT HADLEY AVE,40.87225,-74.13663000000001,190|74,
26793,MAIN AVE AT PRESCOTT AVE,40.87354000000001,-74.13777,190|74,
26794,MAIN AVE AT CLIFTON AVE,40.87522000000001,-74.13941000000001,190|74,
26795,MAIN AVE AT UNION AVE,40.87666,-74.14089000000001,190|74,
26796,MAIN AVE AT WASHINGTON AVE,40.87787,-74.14215,190|74,
26797,MAIN AVE AT HILTON ST,40.87918000000001,-74.14349,190|74,
26798,MAIN AVE AT PIAGET AVE,40.8808,-74.14517000000001,190|74,
26799,MAIN AVE AT SEWELL AVE,40.88181,-74.14619,190|74,
26800,MAIN AVE AT PARK SLOPE,40.8832,-74.14769000000001,190|74,
26801,MAIN AVE AT COLUMBIA ST,40.88482,-74.14936,190|74,
26802,MAIN AVE AT WEST 5TH ST,40.88617,-74.15077000000001,190|74,
26803,MAIN AVE AT WEST 3RD ST,40.88789000000001,-74.15258,190|74,
26804,MAIN AVE AT CROOKS AVE,40.88952,-74.15427000000001,190|74,
26805,MAIN AVE AT CROOKS AVE,40.88938,-74.15432000000001,190|74,
26806,MAIN AVE AT WEST 3RD ST,40.88748,-74.15230000000001,190|74,
26807,MAIN AVE AT MADELINE AVE,40.88621000000001,-74.15097,190|74,
26808,MAIN AVE AT VREELAND PL,40.88477,-74.14947000000001,190|74,
26809,MAIN AVE AT PARK SLOPE,40.88322,-74.14784,190|74,
26810,MAIN AVE AT SEWELL AVE,40.88134,-74.14587,190|74,
26811,MAIN AVE AT PIAGET AVE,40.88026,-74.1448,190|74,
26812,MAIN AVE AT LUDDINGTON AVE,40.87906,-74.14355,190|74,
26813,MAIN AVE AT WASHINGTON AVE,40.87813000000001,-74.14259000000001,190|74,
26814,MAIN AVE AT UNION AVE,40.87688,-74.14127,190|74,
26815,MAIN AVE AT HARDING AVE,40.87616000000001,-74.1405,190|74,
26816,MAIN AVE AT CLIFTON AVE,40.87513000000001,-74.13947,190|74,
26817,MAIN AVE AT DEMOTT AVE,40.87407,-74.13837000000001,190|74,
26818,MAIN AVE AT HADLEY AVE,40.87255,-74.13706,190|74,
26819,MAIN AVE AT SHERIDAN AVE,40.87119000000001,-74.13577000000001,190|74,
26820,MAIN AVE AT FENLON BLVD,40.83876,-74.13534,190|74,
26821,MAIN AVE AT TOTH CT,40.83756,-74.13625,190|74,
26822,MAIN AVE AT DELAWANNA AVE,40.8353,-74.13791,74,
26824,MAIN AVE AT CLAY ST,40.8293,-74.14442000000001,27|74,
26825,MARKET ST 463' S OF BRIGHTON RD.,40.84554000000001,-74.15985,709,
26826,PARKER AVE AT DURANT AVE,40.87728000000001,-74.1243,702|744,Paterson
26827,PARKER AVE AT LAKE AVE,40.87556,-74.12351000000001,744,Paterson
26828,PAULISON AVE AT SUMMER ST,40.86509,-74.14391,707,Paramus
26829,PAULISON AVE AT HIGHLAND AVE,40.86716000000001,-74.14744,707,Paramus
26830,PAULISON AVE AT DE MOTT AVE,40.86949000000001,-74.15123000000001,707,Paramus
26831,PAULISON AVE AT CLIFTON AVE,40.8712,-74.15419,707,Paramus
26832,PAULISON AVE AT HARDING AVE,40.87316000000001,-74.15597000000001,707,Paramus
26833,PAULISON AVE AT WASHINGTON AVE,40.87564,-74.15842,707,Paramus
26834,PAULISON AVE AT WASHINGTON AVE,40.87541,-74.15838000000001,707,Paterson
26835,PAULISON AVE AT HARDING AVE,40.87331,-74.15627,707,Paterson
26836,PAULISON AVE AT CLIFTON AVE,40.87095,-74.15416,707,Paterson
26837,PAULISON AVE AT MADISON AVE,40.86945,-74.15131000000001,707,Paterson
26838,PAULISON AVE AT HIGHLAND AVE,40.86664,-74.14671000000001,707,Paterson
26839,PAULISON AVE AT HELEN PL,40.86519000000001,-74.14425,707,Paterson
26840,PIAGET AVE AT LEXINGTON AVE,40.88237,-74.1342,744,Paterson
26841,PIAGET AVE AT LEXINGTON AVE,40.88239,-74.13465000000001,744,Passaic
26842,RANDOLPH AVE AT DURANT AVE,40.87727,-74.12297000000001,702|744,Passaic
26843,RIVER RD AT MYRTLE AVE,40.82643,-74.13250000000001,27|74,
26844,DELAWANNA AVE & RIVER RD,40.8276,-74.12356000000001,74,
26845,RIVER RD AT MYRTLE AVE,40.82632,-74.13276,74,
26846,RT-3 AT GROVE ST,40.86577,-74.18270000000001,101|105|191|195,
26847,RT-3 AT BROAD ST,40.85639,-74.17926,105|191|195,
26848,RT-3 AT BLOOMFIELD AVE,40.83975,-74.16004000000001,105|191|195,
26849,RT-3 2264'W OF PASSAIC AVE,40.8367,-74.15376,101|102|105|191|192|195,
26850,RT-3 AT PASSAIC AVE,40.83396,-74.14788,101|102|105|191|192|195,
26852,RT-3 AT CLIFTON COMMONS ENTRANCE,40.8291,-74.13747000000001,101|102|105|191|192|195,
26853,RT 3 AT CLIFTON COMMONS ENTRANCE,40.83117,-74.14104,101|102|105|191|192|195,
26854,RT-3 AT PASSAIC AVE,40.83427,-74.14774000000001,101|102|105|191|192|195,
26855,RT-3 1740'W OF PASSAIC AVE,40.83633,-74.15193000000001,101|102|105|191|192|195,
26856,RT-3 AT BLOOMFIELD AVE,40.84007,-74.15994,105|195,
26857,RT-3 AT BROAD ST,40.85428,-74.17685,105|195,
26858,RT-3 AT GROVE ST,40.86502,-74.18171000000001,101|105|191|195,
26859,VALLEY RD AT HIBBEN PL,40.86058000000001,-74.19536000000001,101|191,
26860,VALLEY RD AT MACLEAN RD,40.86566000000001,-74.19238,101|191,
26861,VALLEY RD AT ROBIN HOOD RD,40.86893000000001,-74.19061,101|191,
26862,VALLEY RD AT MT. WASHINGTON DR,40.88118,-74.1815,192|199|702,Clifton
26863,VALLEY RD AT CLAVERACK RD,40.88269,-74.18025,192|199|702,Clifton
26864,VALLEY RD AT EDISON ST,40.88531,-74.17843,192|199|702,Clifton
26865,VALLEY RD AT ELMWOOD DR,40.88855,-74.17684000000001,192|199|702,Clifton
26866,VALLEY RD AT GOULD ST,40.89243,-74.17500000000001,192|199|702,Clifton
26867,VALLEY RD AT FENNER AVE,40.8946,-74.17402000000001,192|199|702,New York
26868,VALLEY RD AT GILLIES ST,40.89325,-74.17468000000001,192|199|702,New York
26869,VALLEY RD AT DEWEY AVE,40.88903000000001,-74.17672,192|199|702,New York
26870,VALLEY RD AT CLAVERACK RD,40.88254000000001,-74.18048,192|199|702,New York
26871,VALLEY RD AT JAY ST,40.88078,-74.18190000000001,192|199|702,New York
26872,VALLEY RD AT ADAMS TERRACE,40.86777,-74.19137,101|191,
26873,VALLEY RD 528' S OF MACLEAN RD.,40.86459000000001,-74.19308000000001,101|191,
26874,VALLEY RD 1056' S OF MACLEAN RD.,40.86223,-74.19445,101|191,
26875,VAN HOUTEN AVE AT STONY HILL RD,40.87844,-74.18217,192|199|702,New York
26876,VAN HOUTEN AVE AT GOSS PL,40.87702,-74.18016,192|199|702,New York
26877,VAN HOUTEN AVE AT MAPLE HILL RD,40.87589000000001,-74.17865,192|199|702,New York
26878,VAN HOUTEN AVE AT RT. 46 RAMP,40.87399000000001,-74.17602000000001,192|199|702,New York
26879,VAN HOUTEN AVE AT BARBARA DR,40.87151,-74.17244000000001,192|199|702,New York
26880,VAN HOUTEN AVE AT PRISCILLA ST,40.87039,-74.17072,192|199|702,New York
26881,VAN HOUTEN AVE WEST OF BROAD ST,40.86954,-74.16943,192|199|702,New York
26882,VAN HOUTEN AVE AT URMA AVE,40.86773,-74.16654000000001,702,Paterson
26883,VAN HOUTEN AVE AT CLIFTON AVE,40.86515,-74.16067000000001,702,Paterson
26884,VAN HOUTEN AVE AT BARNSDALE RD,40.86467,-74.15977000000001,702,Paterson
26885,VAN HOUTEN AVE AT MT PROSPECT AVE,40.86235000000001,-74.15569,702,Paterson
26886,VAN HOUTEN AVE AT SAMUEL AVE,40.86053,-74.15246,702,Paterson
26887,VAN HOUTEN AVE AT SPENCER AVE,40.85998,-74.15150000000001,702,Paterson
26888,VAN HOUTEN AVE AT HURON AVE,40.85894,-74.14970000000001,702,Paterson
26889,VAN HOUTEN AVE AT MARCONI ST,40.85802,-74.14814000000001,702,Paterson
26890,VAN HOUTEN AVE AT ALTHEA ST,40.85720000000001,-74.14666000000001,702,Paterson
26891,VAN HOUTEN AVE AT PLEASANT AVE,40.85724,-74.14658,702,Elmwood Park
26892,VAN HOUTEN AVE AT SADE ST,40.85804,-74.14799000000001,702,Elmwood Park
26893,VAN HOUTEN AVE AT HURON AVE,40.85906000000001,-74.14979000000001,702,Elmwood Park
26894,VAN HOUTEN AVE AT BOWDOIN ST,40.85996,-74.15129,702,Elmwood Park
26895,VAN HOUTEN AVE AT LISBON ST,40.86056000000001,-74.15231,702,Elmwood Park
26896,VAN HOUTEN AVE AT MONHEGAN ST,40.86135,-74.15374,702,Elmwood Park
26897,VAN HOUTEN AVE AT MT PROSPECT AVE,40.86285,-74.15637000000001,702,Elmwood Park
26898,VAN HOUTEN AVE AT CLIFTON AVE,40.86562,-74.16125000000001,702,Elmwood Park
26899,VAN HOUTEN AVE AT HILLCREST AVE,40.86688,-74.16506000000001,702,Elmwood Park
26900,VAN HOUTEN AVE AT KATHRYN ST,40.86813,-74.16692,702,Elmwood Park
26901,VAN HOUTEN AVE WEST OF BROAD ST,40.87151,-74.17228,192|199|702,Clifton
26902,VAN HOUTEN AVE AT WOODROW WILSON DRIVEWAY,40.87436,-74.17634000000001,192|199|702,Clifton
26903,VAN HOUTEN AVE AT ABBE LANE,40.87566,-74.17815,192|199|702,Clifton
26904,VAN HOUTEN AVE AT HENOCH  AVE,40.87878000000001,-74.18238000000001,192|199|702,Clifton
26908,RT-3 AT HEPBURN RD#,40.84855,-74.17157,105|195,
26909,BROAD ST AT PLYMOUTH RD#,40.86731,-74.17035,192|199|72,
26910,BROAD ST AT HUEMMER TERRACE#,40.85734,-74.17653,192|199|72,
26911,BROAD ST AT HUEMMER TERRACE#,40.85759,-74.17619,192|199|72,
26912,BROAD ST AT HIGHVIEW DR#,40.85902,-74.17519,192|199|72,
26918,BROAD ST AT WARREN ST#,40.88956,-74.16925,72,
26919,BROAD ST AT ELMWOOD DR#,40.8853,-74.16861,72,
26920,BROAD ST AT GROVE ST#,40.87881,-74.1679,72,
26921,VAN HOUTEN AVE AT PERSHING RD#,40.86607,-74.16416000000001,702,Paterson
26922,RT-3 400' E OF HEPBURN RD#,40.84797,-74.17162,105|191|195,
26998,BROWERTOWN RD AT LONG HILL RD,40.87717000000001,-74.21502000000001,704,Paterson
26999,BROWERTOWN RD AT STEWART AVE,40.88059000000001,-74.21167000000001,704,Paterson
27000,BROWERTOWN RD AT ROSE ST. (SHOP RITE PLAZA),40.88182,-74.21000000000001,704,Paterson
27001,BROWERTOWN RD AT ROSE ST. (SHOP RITE PLAZA),40.88124000000001,-74.21083,704,Willowbrook Mall
27002,BROWERTOWN RD AT STEWART AVE,40.88066000000001,-74.21167000000001,704,Willowbrook Mall
27003,BROWERTOWN RD AT LONG HILL RD,40.87698,-74.21557,704,Willowbrook Mall
27004,EAST MAIN ST AT VAN NESS AVE,40.88027,-74.22351,191|28|704|705,
27005,EAST MAIN ST 528'E OF VAN NESS AVE,40.87892,-74.22147000000001,191|28|704|705,
27006,EAST MAIN ST AT CEDAR GROVE RD,40.87792,-74.21924,191|28|704|705,
27007,E MAIN ST AT BROWERTOWN RD,40.87728000000001,-74.21713000000001,191|28|704|705,
27009,EAST MAIN ST AT HOPSON AVE,40.87792,-74.21892000000001,191|28|704|705,
27010,EAST MAIN ST AT TURNBURY RD,40.87861,-74.22062000000001,191|28|704|705,
27011,EAST MAIN ST AT VAN NESS AVE,40.8802,-74.22326000000001,191|28|704|705,
27012,LONG HILL RD AT DE YOUNG DR,40.87645000000001,-74.21452000000001,191|28|705,
27013,LONG HILL RD AT HILLCREST DR,40.87487,-74.20945,191|28|705,
27014,LONG HILL RD AT JACOBUS AVE,40.87444,-74.2081,191|28|705,
27015,LONG HILL RD AT TANGLEWOOD DR,40.87281,-74.20659,105|191|195|28|705,
27016,LONG HILL RD AT STEPHEN PL,40.86955,-74.20544000000001,191|28|705,
27017,LONG HILL RD AT WOODS RD,40.87001,-74.20546,191|28|705,
27018,LONG HILL RD AT TANGLEWOOD DR,40.87279,-74.20648,105|191|195|28|705,
27019,LONG HILL RD AT JACOBUS AVE,40.87454,-74.20818000000001,191|28|705,
27020,LONG HILL RD AT HILLCREST DR,40.87504000000001,-74.20970000000001,191|28|705,
27021,E MAIN ST AT BROWERTOWN RD,40.87675,-74.21514,191|28|705,
27022,MAIN ST AT RT-23,40.88563000000001,-74.24489000000001,11|191|28|704|705,Willowbrook
27023,MAIN ST AT DEWEY AVE,40.88635,-74.24233000000001,11|191|28|704|705,Willowbrook
27024,MAIN ST AT SOUTH GREY ROCK AVE,40.88513,-74.23865,11|191|28|704|705,Willowbrook
27025,MAIN ST AT BROOKSIDE AVE,40.884,-74.23635,11|191|28|704|705,Willowbrook
27026,MAIN ST AT MONTCLAIR AVE,40.88318,-74.2347,11|191|28|704|705,Willowbrook
27027,MAIN ST AT SHADY LANE,40.88200000000001,-74.23167000000001,11|191|28|704|705,Willowbrook
27028,MAIN ST AT CENTER AVE,40.88142000000001,-74.22916000000001,11|191|28|704,Willowbrook
27029,MAIN ST AT MAPLE ST,40.88115000000001,-74.22517,191|28|704|705,Paterson
27030,MAIN ST AT CENTER AVE,40.88166,-74.22975000000001,11|191|28|704|705,Newark
27031,MAIN ST AT SHADY LANE,40.88217,-74.23198000000001,11|191|28|704|705,Newark
27032,MAIN ST AT MONTCLAIR AVE,40.88341,-74.23495000000001,11|191|28|704|705,Newark
27033,MAIN ST AT WOODSIDE AVE,40.88491,-74.23781000000001,11|191|28|704|705,Newark
27034,MAIN ST AT WEST END AVE,40.88571,-74.23996000000001,11|191|28|704|705,Newark
27035,MAIN ST AT ZELIFF AVE,40.88641000000001,-74.24247000000001,11|191|28|704|705,Newark
27036,MAIN ST AT RT-23,40.88574000000001,-74.24489000000001,11|191|28|704|705,Newark
27037,MAPLE ST AT PATERSON AVE,40.88264,-74.22483000000001,704,Paterson
27038,MAPLE ST AT MAIN ST,40.88149000000001,-74.22508,704,Willowbrook Mall
27039,NOTCH RD AT LONG HILL RD,40.87390000000001,-74.20619,105|191|195,
27040,NOTCH RD AT RUSTIC RIDGE RD,40.87557,-74.20303000000001,105|191|195,
27041,NOTCH RD AT RUSTIC RIDGE RD,40.87555,-74.20327,105|191|195,
27042,LONG HILL RD AT TANGLEWOOD DR,40.87411,-74.20678000000001,191,
27043,PATERSON AVE AT CHERYL CT,40.88408,-74.22362000000001,704,Paterson
27044,PATERSON AVE AT SINDLE AVE,40.88480000000001,-74.22297,704,Paterson
27045,PATERSON AVE AT JACKSON AVE,40.88752,-74.22087,704,Paterson
27046,PATERSON AVE AT MADISON AVE,40.88863000000001,-74.21977000000001,704,Paterson
27047,PATERSON AVE AT MADISON AVE,40.88855,-74.22004000000001,704,Willowbrook Mall
27048,PATERSON AVE AT JACKSON AVE,40.88748,-74.22105,704,Willowbrook Mall
27049,PATERSON AVE AT CARDINAL DR,40.88505000000001,-74.22291000000001,704,Willowbrook Mall
27050,PATERSON AVE AT CHERYL CT,40.88394,-74.2239,704,Willowbrook Mall
27051,RIDGE RD AT FRANCISCO AVE,40.86867,-74.20907000000001,105|195,
27052,RIDGE RD AT FRANCISCO AVE,40.86886000000001,-74.20902000000001,105|195,
27053,RT-23 AT THIRD ST,40.88318,-74.24382,11|195,
27054,RT-23 AT MAIN ST,40.88542,-74.24511000000001,11|195,
27055,RT-23 AT MAIN ST,40.88561000000001,-74.24539,11|195,Willowbrook
27056,RT-23 AT GRAY ST,40.88356,-74.24419,11|195,
27057,RT-23 AT WEAVER ST,40.88216000000001,-74.24337000000001,11|195,
27058,STEVENS AVE AT CRANE ST,40.87739000000001,-74.23055000000001,11,Newark
27059,STEVENS AVE AT STANLEY ST,40.88065,-74.22865,11,Newark
27060,STEVENS AVE AT WARREN ST,40.88047,-74.22888,11,Willowbrook
27061,STEVENS AVE 200'S OF CRANE ST,40.87692000000001,-74.23098,11,Willowbrook
27062,LONG HILL RD AT GLENROCK RD#,40.86449,-74.20301,705,Passaic
27063,LONG HILL RD AT GLENROCK RD#,40.86447,-74.20311000000001,705,Willowbrook Mall
27066,BROADWAY AT BROOK AVE,40.84944,-74.14589000000001,709,
27067,BROADWAY AT VAN HOUTEN AVE,40.85354,-74.13942,709,
27069,BROADWAY AT PAULISON AVE,40.85841000000001,-74.13118,709,
27070,BROADWAY AT GREGORY AVE,40.85905,-74.12989,709,
27071,BROADWAY AT GROVE ST,40.85997,-74.12816000000001,709,
27072,BROADWAY AT GREGORY AVE,40.85876,-74.13074,709,
27073,BROADWAY AT PAULISON AVE,40.85801,-74.13212,707|709,
27074,BROADWAY AT BOULEVARD,40.85684000000001,-74.1344,707|709,
27075,BROADWAY AT VAN HOUTEN AVE,40.85305,-74.14031,709,
27076,BROADWAY AT DAWSON AVE,40.84959000000001,-74.14580000000001,709,
27077,DAYTON AVE 295' N OF MONROE ST.,40.86925,-74.11836000000001,702|744,Passaic
27078,DAYTON AVE 314' N OF SHERMAN ST.,40.87317,-74.12068000000001,702|744,Passaic
27079,DAYTON AVE AT PRESIDENT ST,40.87361000000001,-74.12129,702|744,Paterson
27080,DAYTON AVE 314' S OF PRESIDENT ST.,40.87293,-74.12063,702|744,Paterson
27081,DAYTON AVE AT SHERMAN ST,40.8712,-74.11906,702|744,Paterson
27082,DAYTON AVE AT MONROE ST,40.86854,-74.11835,702|744,Paterson
27083,HOOVER AVE AT MADISON ST,40.86366,-74.12588000000001,705|744,Paterson
27084,HOOVER AVE AT WASHINGTON PL,40.86166,-74.12445000000001,705|758,Passaic
27085,LEXINGTON AVE AT JACKSON ST,40.86654,-74.12728000000001,703|705,
27086,LEXINGTON AVE AT HARRISON ST,40.86958000000001,-74.12769,703|705,
27087,LEXINGTON AVE AT SUMMER ST,40.87004,-74.12811,703|705,
27088,LEXINGTON AVE AT HARRISON ST,40.86938000000001,-74.12777000000001,703|705,
27089,LEXINGTON AVE AT JACKSON ST,40.86640000000001,-74.12740000000001,703|705,
27090,MAIN AVE AT BROOK AVE,40.84220000000001,-74.13184000000001,190|74,
27091,MAIN AVE AT MASS CT,40.84289,-74.13039,190|74,
27092,MAIN AVE AT UNION AVE,40.84448,-74.12866000000001,190|74,
27093,MAIN AVE AT CARLTON PL,40.84682,-74.12652,190|74,
27094,MAIN AVE AT AYCRIGG AVE,40.8492,-74.1243,190|74,
27095,MAIN AVE AT PAULISON AVE,40.85339,-74.12248000000001,190|74,
27096,MAIN AVE AT GREGORY AVE,40.85576,-74.12320000000001,190|74,
27097,MAIN AVE AT PROSPECT ST,40.85726,-74.12329000000001,190|703|74|780,
27098,MAIN AVE AT WASHINGTON PL,40.86129,-74.12607000000001,190|702|703|707|74,
27099,MAIN AVE TERMINAL,40.86279,-74.12745000000001,161|190|702|703|705|707|74|744|758|780,
27100,MAIN AVE AT MONROE ST,40.86427,-74.12928000000001,190|74,
27101,MAIN AVE AT CHESTNUT ST,40.86599,-74.13082,190|74,
27102,MAIN AVE AT HARRISON ST,40.86796,-74.13268000000001,190|74,
27103,MAIN AVE AT SUMMER ST,40.86909,-74.13371000000001,190|74,
27104,MAIN AVE AT BURGESS PL,40.87007000000001,-74.13458,190|74,
27105,MAIN AVE AT BURGESS PL,40.86991,-74.13458,190|74,
27106,MAIN AVE AT SUMMER ST,40.8687,-74.13349000000001,190|74,
27107,MAIN AVE AT HARRISON ST,40.86748,-74.13234,190|74,
27108,MAIN AVE AT CHESTNUT ST,40.86576,-74.13087,190|74,
27109,MAIN AVE AT MONROE ST,40.86367000000001,-74.12885,190|702|703|707|74,
27110,MAIN AVE AT HENRY ST,40.86237000000001,-74.12762000000001,161|190|702|703|707|74,
27111,MAIN AVE AT PROSPECT ST,40.85671000000001,-74.12359000000001,190|74,
27112,MAIN AVE AT BROADWAY,40.86060000000001,-74.12599,190|703|74|780,
27113,MAIN AVE AT PASSAIC AVE,40.8595,-74.12493,190|703|74|780,
27114,MAIN AVE AT PARK PL,40.85863000000001,-74.12407,190|703|74|780,
27116,MAIN AVE AT HIGH ST,40.85481,-74.12314,190|74,
27117,MAIN AVE AT PAULISON AVE,40.85261000000001,-74.12253000000001,190|74,
27118,MAIN AVE AT TEMPLE PL,40.85036,-74.12368000000001,190|74,
27119,MAIN AVE AT AYCRIGG AVE,40.84930000000001,-74.12436000000001,190|74,
27120,MAIN AVE AT CARLTON PL,40.84602,-74.12746,190|74,
27121,MAIN AVE AT BOND ST,40.84467,-74.12864,190|74,
27122,MAIN AVE AT TENNYSON PL,40.84325,-74.13001000000001,190|74,
27123,MAIN AVE AT BROOK AVE,40.84214,-74.13221,190|74,
27124,MARKET ST AT MERCER ST,40.86573000000001,-74.11676,707,Paramus
27125,MARKET ST AT MERCER ST,40.8656,-74.11686,707,Paterson
27126,MONROE ST AT HAMILTON AVE,40.86545,-74.12479,702|707|744,Passaic
27127,MONROE ST AT HOPE AVE,40.86675,-74.12177000000001,702|707|744,Passaic
27128,MONROE ST AT PARKER AVE,40.86750000000001,-74.11996,702|707|744,Passaic
27129,MONROE ST AT MARKET ST,40.86824,-74.11737000000001,702|707,Paterson
27130,MONROE ST AT 4TH ST,40.86845,-74.11504000000001,702,Paterson
27131,MONROE ST AT 4TH ST,40.86844000000001,-74.11567000000001,702,Elmwood Park
27132,MONROE ST AT MARKET ST,40.86829,-74.11753,702|707,Paramus
27133,MONROE ST AT PARKER AVE,40.86752000000001,-74.12016000000001,702|707|744,Paterson
27134,MONROE ST AT HOPE AVE,40.86649000000001,-74.12237,702|707|744,Paterson
27135,MONROE ST AT HOOVER AVE,40.86488000000001,-74.12642000000001,702|707|744,Paterson
27136,PASSAIC AVE AT ASCENSION PL,40.85123,-74.13340000000001,190|702,Paterson
27137,PASSAIC AVE AT AYCRIGG AVE,40.85334,-74.13159,190|702,Paterson
27138,PASSAIC AVE AT PAULISON AVE,40.85681,-74.12867,190|702|707,Paterson
27139,PASSAIC AVE AT GREGORY AVE,40.85801,-74.12764,190|702|707,Paterson
27140,PASSAIC AVE AT GROVE ST,40.85881000000001,-74.12697,190|702|707,Paterson
27141,PASSAIC AVE AT GROVE ST,40.85873,-74.12718000000001,190|702|707|709,
27142,PASSAIC AVE AT PAULISON AVE,40.85754,-74.12818,190|702|707,Elmwood Park
27143,PASSAIC AVE AT PAULISON AVE,40.85652,-74.12906000000001,190|702,Elmwood Park
27144,PASSAIC AVE AT AYCRIGG AVE,40.85317000000001,-74.13189000000001,190|702,Elmwood Park
27145,PASSAIC AVE AT ASCENSION PL,40.8511,-74.13365,190|702,Elmwood Park
27146,PASSAIC ST AT STATE ST,40.86092,-74.1222,161|709|758,
27147,PASSAIC ST AT COLUMBIA AVE,40.86151,-74.12071,161|709|758,
27148,PASSAIC ST AT MARKET ST,40.86213,-74.11586000000001,161|709|758,
27152,PASSAIC ST AT 4TH ST,40.86234,-74.11462,161|709|758,
27153,PASSAIC ST AT MARKET ST,40.86209,-74.11668,161|709|758,
27154,PASSAIC ST AT COLUMBIA AVE,40.86154000000001,-74.12102,161|709|758,
27155,PASSAIC ST AT MAIN AVE,40.86000000000001,-74.12475,161|705|709|758,
27159,PAULISON AVE AT PEACH ST,40.86357,-74.14110000000001,707,Paramus
27160,PAULISON AVE AT PEACH ST,40.86363,-74.14148,707,Paterson
27163,PAULISON AVE AT BROADWAY,40.85795,-74.13138000000001,707,Paterson
27164,PROSPECT ST AT BROADWAY,40.86067000000001,-74.12679,161|190|702|707,Elmwood Park
27165,RIVER DR AT UNION AVE,40.84241,-74.12424,190,
27166,VAN HOUTEN AVE AT RIVER DR,40.84452,-74.12379,190,
27167,VAN HOUTEN AVE AT MAIN AVE,40.84656,-74.1276,190,
27168,VAN HOUTEN AVE AT PENNINGTON AVE,40.84883000000001,-74.13163,190,
27169,VAN HOUTEN AVE AT BARRY PL,40.84979000000001,-74.13336000000001,190,
27170,VAN HOUTEN AVE AT BROADWAY,40.85327,-74.13958000000001,702,Elmwood Park
27171,VAN HOUTEN AVE AT ALFRED ST,40.85571,-74.14388000000001,702,Elmwood Park
27172,VAN HOUTEN AVE AT WESLEY ST,40.85574,-74.14409,702,Paterson
27173,VAN HOUTEN AVE AT BROADWAY,40.85308000000001,-74.13947,702,Paterson
27174,VAN HOUTEN AVE AT BARRY PL,40.84965,-74.13329,190,
27175,VAN HOUTEN AVE AT MAIN AVE,40.84596000000001,-74.12668000000001,190,
27176,VAN HOUTEN AVE AT RIVER DR,40.84434,-74.12366,190,
27178,WALL ST AT 8TH ST,40.86356000000001,-74.11097000000001,161|709|758,
27179,WALL ST AT 8TH ST,40.86387000000001,-74.11082,161|709|758,
27180,WALL ST AT PASSAIC ST,40.8626,-74.11211,161|709|758,
27181,WASHINGTON PL AT MAIN AVE,40.86114000000001,-74.12521000000001,709,
27182,WASHINGTON PL AT WILLIAM ST,40.86148,-74.12452,709,
27190,LEXINGTON AVE AT SHERMAN ST#,40.86792000000001,-74.12728000000001,703|705,
27192,LEXINGTON AVE AT SHERMAN ST#,40.86812,-74.12747,705,Willowbrook Mall
27196,BROADWAY AT PARKVIEW PL#,40.85093000000001,-74.14307000000001,709,
27197,BROADWAY AT PARKVIEW PL#,40.85081,-74.14303000000001,709,
27199,BOTANY VILLAGE#,40.87384,-74.12127000000001,702|744,Passaic
27200,VAN HOUTEN AVE AT ALBION ST#,40.85188,-74.13706,702,Paterson
27271,CROOKS AVE AT LAKEVIEW AVE,40.89224,-74.14016000000001,703,
27272,CROOKS AVE AT TRENTON AVE,40.89146,-74.14457,703,
27308,HAZEL ST AT KNICKERBOCKER AVE,40.88930000000001,-74.15989,707,Paramus
27309,HAZEL ST AT BUFFALO AVE,40.8907,-74.16045000000001,707,Paramus
27310,HAZEL ST AT GOULD AVE,40.89191,-74.16164,707,Paramus
27311,HAZEL ST AT MONTCLAIR AVE,40.89301,-74.16351,707,Paramus
27312,HAZEL ST AT BLOOMFIELD AVE,40.89446,-74.16591000000001,707,Paramus
27317,LAKEVIEW AVE AT DUNDEE AVE,40.89425000000001,-74.13987,744,Passaic
27318,LAKEVIEW AVE AT DELAWARE AVE,40.89623,-74.14022,744,Passaic
27319,LAKEVIEW AVE AT ILLINOIS AVE,40.89829,-74.14058,744,Passaic
27322,LAKEVIEW AVE AT ILLINOIS AVE,40.89844,-74.14093000000001,744,Paterson
27323,LAKEVIEW AVE AT DELAWARE AVE,40.89642000000001,-74.14056000000001,744,Paterson
27324,LEVINE ST AT PACIFIC ST,40.89835,-74.16706,707|72,
27327,LEVINE ST AT PACIFIC ST,40.89836,-74.16716000000001,707|72,
27328,MAIN ST AT MICHIGAN AVE,40.89237000000001,-74.15721,190|74,
27329,MAIN ST AT GOULD AVE,40.89418000000001,-74.15895,190|74,
27330,MAIN ST AT THOMAS ST,40.89561,-74.16028,190|74,
27331,MAIN ST AT BLOOMFIELD AVE,40.89729000000001,-74.16186,190|74,
27332,MAIN ST AT MADISON AVE,40.89839000000001,-74.16288,190|74,
27354,MAIN ST AT NEWARK AVE,40.89870000000001,-74.16333,190|74,
27355,MAIN ST AT BLOOMFIELD AVE,40.89745000000001,-74.16217,190|74,
27356,MAIN ST AT MONTCLAIR AVE,40.89567,-74.16049000000001,190|74,
27357,MAIN ST AT GOULD AVE,40.89416000000001,-74.15908,190|74,
27358,MAIN ST AT DEY ST,40.89208,-74.15706,190|74,
27412,MARSHALL ST AT PAXTON ST,40.89691000000001,-74.16749,707|72,
27414,MARSHALL ST AT DAKOTA ST,40.89633000000001,-74.16773,707|72,
27463,TRENTON AVE AT DUNDEE AVE,40.89328,-74.14532000000001,703,
27465,TRENTON AVE AT FLORIDA AVE,40.89821000000001,-74.14685,703,
27471,TRENTON AVE AT FLORIDA AVE,40.89839000000001,-74.14705000000001,703,
27472,TRENTON AVE AT DELAWARE AVE,40.89543,-74.14613,703,
27473,TRENTON AVE AT DUNDEE AVE,40.89344000000001,-74.14552,703,
27474,TRENTON AVE AT CROOKS AVE,40.89147000000001,-74.14489,703,
27517,GETTY AVE AT MADISON AVE#,40.89966,-74.16128,722,Paterson
27518,GETTY AVE AT THOMAS ST#,40.89680000000001,-74.1586,722,Paterson
27519,GETTY AVE AT MICHIGAN AVE#,40.89358,-74.15563,722,Paterson
27520,GETTY AVE AT CROOKS AVE#,40.89041,-74.15269,722,Paterson
27521,GETTY AVE AT CROOKS AVE#,40.89063,-74.15266000000001,722,Paramus Park
27522,GETTY AVE AT MICHIGAN AVE#,40.8935,-74.15531,722,Paramus Park
27523,GETTY AVE AT THOMAS ST#,40.89668,-74.15824,722,Paramus Park
27524,GETTY AVE AT MADISON AVE#,40.89952,-74.16088,722,Paramus Park
27529,CROOKS AVE AT MAIN AVE#,40.88963,-74.15394,722,Paramus Park
27580,FURLER ST AT MINNISINK RD,40.89661,-74.23236,712,
27581,FURLER ST 1056' W OF UNION BLVD,40.89562,-74.22872000000001,712,
27582,FURLER ST AT UNION BLVD,40.89521000000001,-74.22719000000001,712,
27583,FURLER ST AT UNION BLVD,40.89577000000001,-74.22895000000001,712,
27584,FURLER ST AT MINNISINK RD,40.8967,-74.23235000000001,712,
27599,RIVERVIEW DR AT RT 46,40.89763000000001,-74.23758000000001,197|712,
27600,RIVERVIEW DR AT RT 46,40.89727000000001,-74.23724,197|712,
27603,US-46 405' W of RIVERVIEW DR,40.89536,-74.23908,197|712,
27616,UNION BLVD 320'S OF WILSON AVE,40.89837,-74.22056,712,
27631,UNION BLVD 320'S OF WILSON AVE,40.89869,-74.22035000000001,197|712,
27733,NORTH LEG 207'N OF WILLOWBROOK BLVD,40.88955,-74.25158,11|191|195|28|704|705|712,Willowbrook
27734,NORTH LEG 140'N OF WILLOWBROOK BLVD,40.88897,-74.25158,11|191|195|28|704|705|712,Newark
27849,US-46 SERVICE RD AT OVERPASS BRIDGE,40.89304000000001,-74.26258,194|197|198|748|871,
27853-..,WILLOWBROOK PARK & RIDE,40.88535,-74.25832000000001,191|193|194|195|197|198,
27853-Park_Ride,WILLOWBROOK PARK & RIDE,40.88535,-74.25832000000001,,
27853-Park_Ride_Shoppers,WILLOWBROOK PARK & RIDE,40.88535,-74.25832000000001,,
27854-..,WILLOWBROOK MALL SHOPPERS STOP,40.88727,-74.26139,191|194|195|197|198,
27854-Park_Ride_Shoppers,WILLOWBROOK MALL SHOPPERS STOP,40.88727,-74.26139,,
27855-..,WILLOWBROOK MALL SHOPPERS STOP,40.88705,-74.26103,11|28|704|705|712|748|871|874,Willowbrook
27855-Shoppers_Stop,WILLOWBROOK MALL SHOPPERS STOP,40.88705,-74.26103,,
27856-..,WILLOWBROOK MALL SHOPPERS STOP,40.88716,-74.26122000000001,11|191|193|194|195|197|198|28|704|705|712|748,Newark
27856-Park_Ride_Shoppers,WILLOWBROOK MALL SHOPPERS STOP,40.88716,-74.26122000000001,,
27856-Shoppers_Stop,WILLOWBROOK MALL SHOPPERS STOP,40.88716,-74.26122000000001,,
27927,BROWERTOWN RD AT BRIARWOOD CT,40.88376,-74.2078,704,Paterson
27928,BROWERTOWN RD AT LACKAWANNA AVE,40.88501,-74.20664000000001,704,Paterson
27929,BROWERTOWN RD AT LACKAWANNA AVE,40.88552000000001,-74.20648,704,Willowbrook Mall
27930,MCBRIDE AVE AT LACKAWANNA AVE,40.89084,-74.21453000000001,704,Paterson
27931,MCBRIDE AVE AT RYLE PARK AVE,40.89299,-74.20935,704,Paterson
27932,MCBRIDE AVE AT DOWLING PKWY,40.89321,-74.20513000000001,704,Paterson
27933,MCBRIDE AVE AT ROSE PL,40.89514,-74.20100000000001,704,Paterson
27939,MCBRIDE AVE AT WHIPPANY AVE,40.89380000000001,-74.20766,704,Willowbrook Mall
27940,MCBRIDE AVE 200' S OF BERGEN BLVD,40.89212000000001,-74.21171000000001,704,Willowbrook Mall
27941,MCBRIDE AVE AT HUGHES PL,40.89167,-74.21276,704,Willowbrook Mall
27942,MCBRIDE AVE AT LACKAWANNA AVE,40.89041,-74.2159,704,Willowbrook Mall
27944,MCBRIDE AVE 75' S OF ROSE PL/NESSER LN#,40.89515,-74.20119000000001,704,Willowbrook Mall
28472,RARITAN RD AT JAMES AVE,40.63891,-74.29373000000001,112,New York
28488,NORTH AVE AT FOREST ST,40.65694000000001,-74.29814,113,New York
28489,NORTH AVE 250' W OF JOHN ST.,40.65753,-74.29372000000001,113,New York
28490,NORTH AVE AT JOHN ST,40.65781,-74.29234000000001,113,Dunellen
28491,NORTH AVE AT FOREST ST,40.657,-74.29831,113,Dunellen
28497,SOUTH AVE AT LINCOLN AVE. EAST,40.65637,-74.29069000000001,59,Newark
28498,SOUTH AVE AT LINCOLN AVE. EAST,40.65651,-74.29038,59,Plainfield
28502,COMMERCE DR AT JACKSON DR. SOUTH,40.64267,-74.28551,56,Winfield
28503,COMMERCE DR AT MOEN AVE,40.64549,-74.28565,56,Winfield
28504,COMMERCE DR AT JACKSON DR. NORTH,40.64830000000001,-74.28474,56,Winfield
28505,COMMERCE DR AT MYRTLE ST,40.65082,-74.28432000000001,56,Winfield
28506,COMMERCE DR AT MYRTLE ST,40.65049,-74.28465,56,Elizabeth
28507,COMMERCE DR AT JACKSON DR. NORTH,40.64853,-74.28488,56,Elizabeth
28508,COMMERCE DR AT MOEN AVE,40.64553,-74.28583,56,Elizabeth
28509,COMMERCE DR AT JACKSON DR. SOUTH,40.64236,-74.28532000000001,56,Elizabeth
28510,RARITAN RD AT MOEN AVE,40.64273,-74.28294000000001,112|56,Clark
28511,RARITAN RD AT COLEMAN AVE,40.64069000000001,-74.28632,112|56,Clark
28512,RARITAN RD AT MOHAWK DR,40.63922,-74.29277,112,Clark
28513,RARITAN RD AT ORATON DR,40.63753000000001,-74.29786,112,Clark
28521,ANNA ST AT DIVISION ST,40.66623000000001,-74.19697000000001,62,Elizabeth
28522,ANNA ST AT DIVISION ST,40.66635,-74.1971,62,Newark
28523,ANNA ST AT HENRY ST,40.66743,-74.20023,62,Newark
28528,BAYWAY AVE AT TRENTON AVE,40.64419,-74.2078,58,Elizabeth
28529,BAYWAY AVE AT MCKINLEY ST,40.64482,-74.21258,115,Rahway
28530,BAYWAY AVE AT POLONIA AVE,40.64530000000001,-74.21327000000001,115,Rahway
28531,BAYWAY AVE AT CLARKSON AVE,40.64603,-74.21436,115|58,Rahway
28532,BAYWAY AVE AT MAPLE AVE,40.64665,-74.21523,115|58,Rahway
28533,BAYWAY AVE AT BONNETT ST,40.64792000000001,-74.2171,115,Rahway
28534,BAYWAY AVE AT GRIER AVE,40.6493,-74.21910000000001,115,Rahway
28535,BAYWAY AVE AT GRIER AVE,40.64912,-74.21901000000001,115,New York
28536,BAYWAY AVE AT BONNETT ST,40.64775,-74.21703000000001,115,New York
28537,BAYWAY AVE AT OGDEN ST,40.64666,-74.21545,115|58,New York
28538,BAYWAY AVE AT CLARKSON AVE,40.64537,-74.21358000000001,115,New York
28539,BAYWAY AVE AT MCKINLEY ST,40.64451,-74.21238000000001,115,New York
28540,BOND ST AT HENRY ST,40.66672000000001,-74.20098,62,Elizabeth
28541,BOND ST AT HENRY ST,40.66689,-74.20117,62,Newark
28542,BROAD ST AT ELIZABETH AVE,40.66249000000001,-74.21493000000001,24|26|48|52|56|57|58,
28543,BROAD ST AT CALDWELL PL,40.66406000000001,-74.21478,24|26|48|52|56|57|58,
28544,BROAD ST AT JERSEY ST,40.66622,-74.21488000000001,112|24|26|48|52|56|57|58|59,
28545,ELIZABETH ARCH,40.667,-74.2151,24|26|52|58|59,
28546,BROAD ST AT WESTFIELD AVE,40.66878000000001,-74.21578000000001,112|24|59,
28548,BROAD ST AT JERSEY ST,40.66563,-74.2149,112|59,Plainfield
28549,BROAD ST AT JERSEY ST,40.66497,-74.21491,24|26|48|52|56|57|58,
28550,BROAD ST AT DICKINSON ST,40.66329,-74.21507000000001,24|26|48|52|56|57|58,
28552,ARNETT ST AT CLIFTON ST,40.64782,-74.21112000000001,58,Kenilworth
28553,CLARKSON AVE AT CARTERET ST,40.64774000000001,-74.21147,58,Elizabeth
28554,DIVISION ST AT JULIA ST,40.6674,-74.19587,62,Elizabeth
28555,DIVISION ST AT FAIRMOUNT AVE,40.67088,-74.19346,62,Elizabeth
28556,DIVISION ST 250' S OF DOWD AVE,40.67304,-74.19197000000001,62,Elizabeth
28557,DIVISION ST 300' S OF DOWD AVE,40.67293,-74.19219000000001,62,Newark
28558,DIVISION ST AT FAIRMOUNT AVE,40.67136,-74.19331000000001,62,Newark
28559,DIVISION ST AT JULIA ST,40.6673,-74.19608000000001,62,Newark
28562,E JERSEY ST AT BROAD ST,40.66517,-74.21433,24|62,Elizabeth
28563,E JERSEY ST AT JEFFERSON AVE,40.66456,-74.21256000000001,24|62,Elizabeth
28564,E JERSEY ST AT EAST SCOTT PL,40.66373,-74.21049000000001,24|62,Elizabeth
28565,E JERSEY ST AT CATHERINE ST,40.66306,-74.20846,24|62,Elizabeth
28566,E JERSEY ST AT SPRING ST,40.66234,-74.20635,24,
28567,E JERSEY ST AT REID ST,40.66191000000001,-74.20494000000001,24,
28568,E JERSEY ST AT SMITH ST,40.66114,-74.20259,24,
28569,E JERSEY ST AT DIVISION ST,40.66009,-74.1996,24,
28570,E JERSEY ST AT 7TH ST,40.65928,-74.1984,24,
28571,E JERSEY ST AT NEW POINT RD,40.65838,-74.19754,24,
28572,E JERSEY ST AT 6TH ST,40.65750000000001,-74.19671000000001,24,
28573,E JERSEY ST AT 5TH ST,40.65549,-74.19483000000001,24,
28574,E JERSEY ST AT 4TH ST,40.65395,-74.19336000000001,24,
28575,3RD ST AT E JERSEY ST,40.65221,-74.19158,24,
28576,E JERSEY ST AT 4TH ST,40.65413,-74.19337,24,
28577,E JERSEY ST AT 5TH ST,40.65604,-74.19518000000001,24,
28578,E JERSEY ST AT 6TH ST,40.65789,-74.1969,24,
28579,E JERSEY ST AT NEW POINT RD,40.65880000000001,-74.19776,24,
28580,E JERSEY ST AT 7TH ST,40.65976000000001,-74.1988,24,
28581,E JERSEY ST AT DIVISION ST,40.66046,-74.20014,24,
28582,E JERSEY ST AT SMITH ST,40.66142000000001,-74.2031,24,
28583,E JERSEY ST AT JAQUES ST,40.66171000000001,-74.20395,24,
28584,E JERSEY ST AT US-1 & 9,40.6628,-74.20736000000001,24|62,Newark
28585,E JERSEY ST AT CATHERINE ST,40.66337,-74.20907000000001,24|62,Newark
28586,E JERSEY ST AT MADISON AVE,40.66402,-74.21090000000001,24|62,Newark
28587,E JERSEY ST AT JEFFERSON AVE,40.66495,-74.21324,24|62,Newark
28589,EDGAR RD AT GIBBONS CT,40.65181,-74.2214,56|57,
28590,EDGAR RD AT GARDEN ST,40.65302000000001,-74.22071000000001,56|57,
28591,EDGAR RD AT LIDGERWOOD AVE,40.65433,-74.21996,56|57,
28592,EDGAR RD AT GARDEN ST,40.65299,-74.22085000000001,56,Elizabeth
28593,EDGAR RD AT SOUTH ELMORA AVE,40.65093,-74.22208,56,Elizabeth
28594,EDGAR RD AT KENNETH AVE,40.64956,-74.22311,56,Elizabeth
28595,ELMORA AVE AT LIVINGSTON RD,40.66734,-74.23356000000001,113,New York
28596,ELMORA AVE AT MAGIE AVE,40.66905000000001,-74.2322,113,New York
28597,ELMORA AVE AT BAILEY AVE,40.66985,-74.23147,113,New York
28598,ELMORA AVE AT MAGIE AVE,40.66862,-74.23272,113,Dunellen
28599,ELMORA AVE AT LIVINGSTON RD,40.66725,-74.23378000000001,113,Dunellen
28600,ELIZABETH AVE AT SOUTH BROAD ST,40.66197,-74.21478,24,
28601,ELIZABETH AVE AT JEFFERSON AVE,40.66201,-74.21353,24,
28602,ELIZABETH AVE AT BRIDGE ST,40.66167,-74.21096,24,
28603,ELIZABETH AVE AT PROSPECT ST,40.66092,-74.20895,24,
28605,ELIZABETH AVE AT SOUTH ST,40.65951,-74.20497,24,
28606,ELIZABETH AVE AT HIGH ST,40.65865,-74.20264,24,
28607,ELIZABETH AVE AT 6TH ST,40.65578,-74.19976000000001,24,
28608,ELIZABETH AVE AT 5TH ST,40.65377,-74.19787000000001,24,
28609,ELIZABETH AVE AT 4TH ST,40.65221,-74.19643,24,
28610,ELIZABETH AVE AT 3RD ST,40.6503,-74.19461000000001,24,
28611,ELIZABETH AVE AT FLORIDA ST,40.64916,-74.19357000000001,24,
28612,ELIZABETH AVE AT 2ND ST,40.64787,-74.19237000000001,24,
28613,ELIZABETH AVE AT 1ST ST,40.64663,-74.19097000000001,24,
28614,ELIZABETH AVE AT 2ND ST,40.64852,-74.19272000000001,24,
28615,ELIZABETH AVE AT 3RD ST,40.65054000000001,-74.19462,24,
28616,ELIZABETH AVE AT 4TH ST,40.65234,-74.19634,24,
28617,ELIZABETH AVE AT 5TH ST,40.6544,-74.19827000000001,24,
28618,ELIZABETH AVE AT 6TH ST,40.65619,-74.19995,24,
28619,ELIZABETH AVE AT HIGH ST,40.65875,-74.20251,24,
28620,ELIZABETH AVE AT JAQUES ST,40.65974000000001,-74.20519,24,
28621,ELIZABETH AVE AT S. SPRING ST,40.66066,-74.20776000000001,24,
28622,ELIZABETH AVE AT CATHERINE ST,40.66145,-74.20991000000001,24,
28624,ELIZABETH AVE AT JEFFERSON AVE,40.66214,-74.21316,24,
28625,FAIRMOUNT AVE AT PENNSYLVANIA AVE,40.67626000000001,-74.20962,112,New York
28626,FAIRMOUNT AVE AT JEFFERSON AVE,40.67547,-74.20674000000001,112,New York
28628,FAIRMOUNT AVE AT JEFFERSON AVE,40.67566,-74.20695,112,Clark
28629,FAIRMOUNT AVE AT PENNSYLVANIA AVE,40.67641,-74.2098,112,Clark
28630,ELIZABETH AVE AT 1ST ST,40.64660000000001,-74.19040000000001,24,
28631,1ST ST AT FRANKLIN ST,40.64737,-74.18898,24,
28632,1ST ST AT EAST JERSEY ST,40.64822,-74.18742,24,
28633,1ST ST AT BROADWAY,40.64905,-74.18589,24,
28634,1ST ST AT MAGNOLIA AVE,40.65032,-74.18358,24,
28635,1ST ST AT PINE ST,40.65115,-74.18205,24,
28636,1ST ST AT CLARK PL,40.65213000000001,-74.18026,24,
28637,1ST ST AT RIPLEY PL,40.65288,-74.17888,24,
28638,1ST ST AT RIPLEY PL,40.65288,-74.17906,24,
28639,1ST ST AT CLARK PL,40.65186000000001,-74.18093,24,
28640,1ST ST AT PINE ST,40.65103000000001,-74.1825,24,
28641,1ST ST AT MAGNOLIA AVE,40.65008,-74.18421000000001,24,
28642,1ST ST AT BROADWAY,40.64906000000001,-74.18607,24,
28643,1ST ST AT EAST JERSEY ST,40.6482,-74.18767000000001,24,
28644,1ST ST AT FRANKLIN ST,40.64716000000001,-74.18959000000001,24,
28645,HENRY ST AT ANNA ST,40.6673,-74.20047000000001,62,Elizabeth
28657,JERSEY AVE AT STANDISH ST,40.66073,-74.23956000000001,112|59,Newark
28658,JERSEY AVE AT ACME ST,40.66099000000001,-74.23757,112|59,Newark
28660,JERSEY AVE AT ELMORA AVE,40.66154,-74.23352000000001,112|59,Newark
28661,JERSEY AVE AT GROVE ST,40.66216,-74.22889,112|59,Newark
28662,JERSEY AVE AT GROVE ST,40.66224,-74.22911,112|59,Plainfield
28663,JERSEY AVE AT ELMORA AVE,40.66161,-74.23369000000001,112|59,Plainfield
28664,JERSEY AVE AT BELLEVUE ST,40.6612,-74.23675,112|59,Plainfield
28665,JERSEY AVE AT STANDISH ST,40.66074,-74.23994,112|59,Plainfield
28666,LIDGERWOOD AVE AT SPOFFORD AVE,40.65064,-74.22571,115|57,
28667,LIDGERWOOD AVE AT SOUTH ELMORA AVE,40.65212,-74.22348000000001,57,
28668,LIDGERWOOD AVE AT STEWART PL,40.65456,-74.22006,57,
28669,LIDGERWOOD AVE AT ROSEHILL PL,40.65346,-74.22162,57,
28670,LIDGERWOOD AVE AT SPOFFORD AVE,40.65084,-74.22558000000001,115|57,
28671,MADISON AVE AT LOUISA ST,40.67765,-74.20468000000001,112,New York
28674,MADISON AVE AT NORTH AVE,40.67966000000001,-74.20339000000001,112,Clark
28675,MADISON AVE AT LOUISA ST,40.67759,-74.20485000000001,112,Clark
28676,MAGIE AVE AT BROWNING/SHEARER,40.67319000000001,-74.24584,52,
28677,MAGIE AVE AT SHELLEY AVE,40.67304,-74.24414,52,
28678,MAGIE AVE AT HALSTEAD RD,40.67264,-74.2423,52,
28679,MAGIE AVE AT SUMMIT RD,40.6721,-74.24055000000001,52,
28680,MAGIE AVE AT PRINCETON RD,40.67123,-74.23779,52,
28681,MAGIE AVE AT SPRINGFIELD RD,40.66966,-74.23414000000001,52,
28682,MAGIE AVE AT ELMORA AVE,40.66888,-74.23271000000001,52,
28683,MAGIE AVE AT STILES ST,40.66767,-74.23049,52,
28684,MAGIE AVE AT STILES ST,40.66782000000001,-74.23061000000001,52,
28685,MAGIE AVE AT ELMORA AVE,40.66877,-74.23230000000001,52,
28686,MAGIE AVE AT SPRINGFIELD RD,40.67001,-74.23458000000001,52,
28687,MAGIE AVE AT VERONA AVE,40.67173,-74.23901000000001,52,
28693,MORRIS AVE AT UNION AVE,40.66933,-74.21813,26|52,Irvington
28694,MORRIS AVE AT IRVINGTON AVE,40.67069,-74.21990000000001,26|52,Irvington
28695,MORRIS AVE AT STILES ST,40.67281000000001,-74.22274,26|52,Irvington
28696,MORRIS AVE AT CHERRY ST,40.6743,-74.22472,26|52,Irvington
28697,MORRIS AVE AT CHERRY ST,40.67428,-74.22489,26|52,Elizabeth
28698,MORRIS AVE AT STILES ST,40.67227,-74.22222000000001,26|52,Elizabeth
28699,MORRIS AVE AT ORCHARD ST,40.67057,-74.21997,26|52,Elizabeth
28700,MORRIS AVE AT WESTFIELD AVE,40.66844,-74.21729,26|52|58,Kenilworth
28701,NEWARK AVE AT FAIRMOUNT AVE,40.67699,-74.21167000000001,24,
28702,NEWARK AVE AT WAVERLY PL,40.67892000000001,-74.21025,112|24,
28703,NEWARK AVE AT NORTH AVE,40.6816,-74.20827000000001,24,
28704,NEWARK AVE AT DURANT ST,40.68417,-74.20641,24,
28705,NEWARK AVE AT ALINA ST,40.68581,-74.20525,24,
28706,NEWARK AVE AT ALINA ST,40.68584000000001,-74.20546,24,
28707,NEWARK AVE AT DURANT ST,40.68404,-74.20679000000001,24,
28708,NEWARK AVE AT NORTH AVE,40.68118,-74.20886,24,
28709,NEWARK AVE AT WAVERLY PL,40.67858,-74.21072000000001,112|24,
28710,NEWARK AVE AT FAIRMOUNT AVE,40.67659,-74.21195,24,
28711,NORTH AVE AT MELROSE TER,40.67282,-74.23058,113,New York
28712,NORTH AVE AT DECKER AVE,40.67375000000001,-74.22983,113,New York
28713,NORTH AVE AT N BROAD ST,40.68221,-74.21381000000001,112,New York
28715,NORTH AVE AT MONROE AVE,40.67923,-74.20172000000001,112,New York
28716,NORTH AVE AT VAN BUREN AVE,40.67798000000001,-74.1987,112,New York
28717,NORTH & DOWD AVES,40.67648000000001,-74.19511,112,New York
28718,NORTH & DOWD AVES,40.67666000000001,-74.19508,112,Clark
28719,NORTH AVE AT VAN BUREN AVE,40.67817,-74.19882000000001,112,Clark
28720,NORTH AVE AT MONROE AVE,40.6796,-74.20222000000001,112,Clark
28721,NORTH AVE AT NEWARK AVE,40.68155,-74.20889000000001,112,Clark
28722,NORTH AVE AT CROSS AVE,40.68189,-74.21107,112,Clark
28723,NORTH AVE 180'E OF SALEM AVE,40.68196,-74.21664000000001,113,Dunellen
28724,NORTH AVE AT EMERSON AVE,40.67112,-74.23118000000001,113,Dunellen
28725,NORTH BROAD ST AT CHESTNUT ST,40.66939,-74.21571,112|24|59,
28726,NORTH BROAD ST AT MAGNOLIA AVE,40.67138000000001,-74.21458000000001,112|24|59,
28727,NORTH BROAD ST AT MARY ST,40.67254000000001,-74.21368000000001,112|24|59,
28729,NORTH BROAD ST AT FAIRMOUNT AVE,40.67677,-74.21333,112|59,Newark
28730,NORTH BROAD ST AT WAVERLY PL,40.67962,-74.21355000000001,112|59,Newark
28731,NORTH BROAD ST AT NORTH AVE,40.68271,-74.21425,113|59,Newark
28732,NORTH BROAD ST AT COUNTRY CLUB LANE,40.68535000000001,-74.21447,113|59,Newark
28733,NORTH BROAD ST AT KING ST,40.68653,-74.21463,113|59,Newark
28734,NORTH BROAD ST AT CONCORD PL,40.68781000000001,-74.21474,113|59,Newark
28735,NORTH BROAD ST AT KING ST,40.68638000000001,-74.21475000000001,113|59,Plainfield
28736,NORTH BROAD ST AT WILDER ST,40.68437,-74.21451,113|59,Plainfield
28737,N BROAD ST AT NORTH AVE,40.68194,-74.21428,112|59,Plainfield
28738,NORTH BROAD ST AT DEWITT RD,40.68027,-74.21381000000001,112|59,Plainfield
28739,NORTH BROAD ST AT SALEM AVE,40.67614,-74.21343,112|59,Plainfield
28740,NORTH BROAD ST AT PARKER RD,40.67295,-74.21372000000001,112|24|59,
28741,NORTH BROAD ST AT PRINCE ST,40.67138000000001,-74.21486,112|24|59,
28746,PEARL ST AT WASHINGTON AVE,40.65998,-74.21787,48,
28747,RAHWAY AVE AT SEIB AVE,40.65534,-74.23153,115|48,
28748,RAHWAY AVE AT ELMORA AVE,40.65652,-74.22911,48,
28749,RAHWAY AVE AT DEWEY PL,40.65758,-74.22692,48,
28750,RAHWAY AVE AT GROVE ST,40.65831,-74.22542,48,
28752,RAHWAY AVE AT SOUTH ST,40.66002,-74.22148,48,
28753,RAHWAY AVE AT BROAD ST,40.66191000000001,-74.21555000000001,26|48|52|56|57,
28754,RAHWAY AVE AT CHERRY ST,40.66142000000001,-74.21887000000001,48,
28755,RAHWAY AVE AT CHILTON ST,40.66007,-74.22164000000001,48,
28756,RAHWAY AVE AT DE HART PL,40.65929000000001,-74.22347,48,
28757,RAHWAY AVE AT GROVE ST,40.6582,-74.22595000000001,48,
28758,RAHWAY AVE AT CLOVER ST,40.65747,-74.22744,48,
28759,RAHWAY AVE AT S ELMORA AVE,40.65622,-74.23005,115|48,
28760,RAHWAY AVE AT BELLEVUE ST,40.65528,-74.23202,115|48,
28761,US-1 & 9 AT EAST JERSEY ST,40.66297,-74.20636,62,Elizabeth
28762,US-1 & 9 AT WILLIAM ST,40.66501,-74.20508000000001,62,Elizabeth
28763,US-1 & 9 AT ANNA ST,40.66859,-74.20285000000001,62,Elizabeth
28764,US-1 & 9 AT OLIVE ST,40.67053000000001,-74.20172000000001,62,Elizabeth
28765,US-1 & 9 200'S OF FAIRMOUNT AVE,40.67285,-74.20033000000001,62,Elizabeth
28766,US-1 & 9 AT NORTH AVE,40.67703,-74.19708,62,Elizabeth
28767,US-1 & 9 AT NECK LN,40.68028,-74.19546000000001,62,Newark
28768,US-1 & 9 AT NORTH AVE,40.67729000000001,-74.19766,62,Newark
28769,US-1 & 9 AT FAIRMOUNT AVE,40.67337000000001,-74.20038000000001,62,Newark
28770,US-1 & 9 AT JULIA ST,40.67159,-74.20143,62,Newark
28771,US-1 & 9 AT OLIVE ST,40.67012,-74.20229,62,Newark
28772,US-1 & 9 AT ANNA ST,40.66824,-74.2034,62,Newark
28773,US-1 & 9 AT LAFAYETTE ST,40.66396,-74.20616000000001,62,Newark
28774,S BROAD ST AT BAYWAY AVE,40.64791,-74.2163,58,Elizabeth
28775,SOUTH BROAD ST AT SUMMER ST,40.65061,-74.21604,58,Elizabeth
28776,SOUTH BROAD ST AT GARDEN ST,40.65263,-74.21582000000001,58,Elizabeth
28777,SOUTH BROAD ST AT GROVE ST,40.6551,-74.21561000000001,58,Elizabeth
28778,SOUTH BROAD ST AT SOUTH ST,40.65804000000001,-74.21543000000001,58,Elizabeth
28779,S BROAD ST AT PEARL ST,40.65966,-74.21518,58,Elizabeth
28780,S BROAD ST AT PEARL ST,40.66002,-74.21509,26|48|52|56|57|58,
28781,SOUTH BROAD ST AT RAHWAY AVE,40.66164000000001,-74.21521,58,Kenilworth
28782,S BROAD ST AT PEARL ST,40.65995,-74.21538000000001,58,Kenilworth
28783,SOUTH BROAD ST AT SOUTH ST,40.65745,-74.21553,58,Kenilworth
28784,SOUTH BROAD ST AT GROVE ST,40.65494,-74.21576,58,Kenilworth
28785,SOUTH BROAD ST AT GARDEN ST,40.65293,-74.21595,58,Kenilworth
28786,SOUTH BROAD ST AT SUMMER ST,40.65023,-74.21625,58,Kenilworth
28787,S BROAD ST AT BAYWAY AVE,40.64785000000001,-74.21645000000001,58,Kenilworth
28788,SOUTH ELMORA AVE AT LIDGERWOOD AVE,40.65218,-74.22326000000001,115,Rahway
28789,SOUTH ELMORA AVE AT ERICO AVE,40.65343,-74.22509000000001,115,Rahway
28790,SOUTH ELMORA AVE AT FAY AVE,40.6546,-74.22674,115,Rahway
28791,SOUTH ELMORA AVE AT CEDAR AVE,40.65541,-74.22791000000001,115,Rahway
28792,S ELMORA AVE AT RAHWAY AVE,40.65613,-74.22914,115,New York
28793,SOUTH ELMORA AVE AT CEDAR AVE,40.65515000000001,-74.22774000000001,115,New York
28794,SOUTH ELMORA AVE AT FAY AVE,40.65415,-74.22631000000001,115,New York
28795,SOUTH ELMORA AVE AT ERICO AVE,40.65314,-74.22483000000001,115,New York
28796,SOUTH ELMORA AVE AT LIDGERWOOD AVE,40.65197000000001,-74.22313000000001,115,New York
28797,3RD ST AT E JERSEY ST,40.65206000000001,-74.19102000000001,24,
28798,3RD ST AT BROADWAY,40.65269000000001,-74.18988,24,
28799,3RD ST AT COURT ST,40.65378,-74.1879,24,
28800,3RD ST AT PINE ST,40.65498,-74.18569000000001,24,
28801,3RD ST AT RIPLEY PL,40.65652,-74.18287000000001,24,
28802,3RD ST AT RIPLEY PL,40.65657,-74.18301000000001,24,
28803,3RD ST AT PINE ST,40.65477000000001,-74.18624000000001,24,
28804,3RD ST AT COURT ST,40.65356000000001,-74.1885,24,
28805,3RD ST AT BROADWAY,40.65268,-74.19012000000001,24,
28806,TRUMBULL ST AT MONSIGNOR KEMEZIS PL,40.65608,-74.18072000000001,24,
28807,TRUMBULL ST AT 1ST ST,40.65485,-74.1777,24,
28808,TRUMBULL ST AT 1ST ST,40.65504000000001,-74.17776,24,
28809,TRUMBULL ST AT 2ND ST,40.65596,-74.18006000000001,24,
28810,WASHINGTON AVE AT GROVE ST,40.65561,-74.2192,56|57,
28811,WASHINGTON AVE AT SOUTH ST,40.65774,-74.21844,56|57,
28812,WASHINGTON AVE AT PEARL ST,40.65971,-74.21767000000001,56|57,
28813,WASHINGTON AVE AT PEARL ST,40.65957,-74.21784000000001,56|57,
28814,WASHINGTON AVE AT SOUTH ST,40.65732000000001,-74.21871,56|57,
28815,WASHINGTON AVE AT GROVE ST,40.65519,-74.21948,56|57,
28816,WESTFIELD AVE AT CITY LINE,40.66407,-74.24551000000001,113|58,Kenilworth
28817,WESTFIELD AVE AT COLONIA RD,40.66466,-74.24106,113|58,Kenilworth
28818,WESTFIELD AVE AT SPRINGFIELD RD,40.66516,-74.23754000000001,113|58,Kenilworth
28819,WESTFIELD AVE AT ELMORA AVE,40.66565000000001,-74.23383000000001,58,Kenilworth
28820,WESTFIELD AVE AT STILES ST,40.666,-74.23119000000001,58,Kenilworth
28821,WESTFIELD AVE AT MAGIE AVE,40.66645,-74.22775,52|58,Kenilworth
28822,WESTFIELD AVE AT CHILTON ST,40.667,-74.22385000000001,52|58,Kenilworth
28823,WESTFIELD AVE AT CHERRY ST,40.66742,-74.22124000000001,52|58,Kenilworth
28824,WESTFIELD AVE AT LOWDEN ST,40.66776,-74.22005,52|58,Kenilworth
28825,WESTFIELD AVE AT MORRIS AVE,40.66881,-74.21730000000001,26|52|58,Elizabeth
28826,WESTFIELD AVE AT LOWDEN ST,40.66798,-74.21974,52|58,Elizabeth
28827,WESTFIELD AVE AT CHERRY ST,40.66748,-74.22146000000001,52|58,Elizabeth
28828,WESTFIELD AVE AT CHILTON ST,40.66699000000001,-74.22476,52|58,Elizabeth
28829,WESTFIELD AVE AT MAGIE AVE,40.66653,-74.22879,58,Elizabeth
28830,WESTFIELD AVE AT STILES ST,40.6661,-74.23193,58,Elizabeth
28831,WESTFIELD AVE AT ELMORA AVE,40.66575,-74.23459000000001,113|58,Elizabeth
28832,WESTFIELD AVE AT SPRINGFIELD RD,40.66537,-74.23725,113|58,Elizabeth
28833,WESTFIELD AVE AT COLONIA RD,40.66485,-74.24128,113|58,Elizabeth
28834,WESTFIELD AVE AT CITY LINE,40.66436,-74.24480000000001,113|58,Elizabeth
28835,W JERSEY ST AT DE HART PL,40.66297,-74.22526,112|59,Newark
28836,W JERSEY ST AT CHILTON ST,40.66375,-74.22224,112|59,Newark
28837,W JERSEY ST AT CHERRY ST,40.66435000000001,-74.21978,112|59,Newark
28838,W JERSEY ST AT PRICE ST,40.66475000000001,-74.21822,112|59,Newark
28839,W JERSEY ST AT PRICE ST,40.66486,-74.21823,112|59,Plainfield
28840,W JERSEY ST AT CHERRY ST,40.66422,-74.22067000000001,112|59,Plainfield
28841,W JERSEY ST AT CHILTON ST,40.66366,-74.22299000000001,112|59,Plainfield
28842,W JERSEY ST AT DE HART PL,40.66285000000001,-74.226,112|59,Plainfield
28843,IKEA DR 2000'N OF NORTH AVE,40.66935,-74.17173000000001,111|40|62,Elizabeth
28844,IKEA DR AT IKEA,40.67396,-74.16975000000001,111|40|62,Elizabeth
28845,IKEA DR 200'N OF BIG LOTS STORE,40.67206,-74.17105000000001,111|40|62,Elizabeth
28846,CORBIN ST 1000' S OF NORTH FLEET ST.,40.68464,-74.16325,40,Kearny
28847,EARHART DR AT METROPLEX RD,40.67764,-74.18729,62,Elizabeth
28852,EARHART DR AT METROPLEX RD,40.67726,-74.18725,62,Newark
28853,GLIMCHER REALTY WAY AT MARRIOTT,40.66317,-74.17722,111|24,
28854,GLIMCHER REALTY WAY AT MARRIOTT,40.66307,-74.1774,24,
28855,JERSEY GARDENS - MAIN ENTRANCE,40.66180000000001,-74.17093000000001,111|115,
28856,JERSEY GARDENS - CINEMA BUS STOP,40.65863,-74.16757000000001,24|40,
28858,LYLE KING ST 400' W OF MCLESTER ST#,40.67924,-74.16034,40,Kearny
28867,CLIFTON ST AT PULASKI ST#,40.64638,-74.20886,58,Kenilworth
28868,AMBOY AVE AT BAYWAY AVE#,40.63777,-74.20261,58,Kenilworth
28915,BLOY ST AT RUTGERS AVE,40.69662,-74.23771,113|66,New York
28916,BLOY ST AT MUNDET PL,40.70119,-74.23899,26,Irvington
28917,BLOY ST AT CHAPMAN ST,40.70076,-74.23902000000001,113|114|26,Bridgewater
28918,BLOY ST AT RUTGERS AVE,40.69657,-74.23777000000001,113|66,Dunellen
28919,LONG AVE AT BLOY ST,40.6987,-74.23804000000001,113|114|26,New York
28920,LONG AVENUE AT NEW YORK PLACE,40.69883,-74.23310000000001,26,Elizabeth
28921,LONG AVENUE AT NEW YORK PLACE,40.6989,-74.23372,26,Irvington
28922,LONG AVE AT BLOY ST,40.69875,-74.23829,26,Irvington
28923,MAPLE AVE 313' N OF HILLSIDE AVE.,40.69966,-74.22345,99,
28924,MAPLE AVE AT CLARK ST,40.70146,-74.22161000000001,99,
28925,MAPLE AVE AT SUMMER AVE,40.70319000000001,-74.21996,99,
28926,MAPLE AVE AT CONKLIN AVE,40.70355,-74.21975,99,
28927,MAPLE AVE AT CLARK ST,40.70167,-74.22153,99,
28928,MAPLE AVE AT HILLSIDE AVE,40.69905000000001,-74.22422,99,
28929,CHESTNUT AVE AT HILLSIDE AVE,40.70444000000001,-74.23376,26|99,
28930,CHESTNUT AVE AT RAMSEY AVE,40.70838000000001,-74.23279000000001,26|99,
28931,CHESTNUT AVE AT RAMSEY AVE,40.70817,-74.23296,26,Elizabeth
28932,HILLSIDE AVE AT BLOY ST,40.70223,-74.23871000000001,26|99,
28933,HILLSIDE AVE AT FLORENCE AVE,40.70355,-74.23428000000001,99,
28934,HILLSIDE AVE 105' W OF HIAWATHA AVE,40.70199,-74.23110000000001,99,
28935,HILLSIDE AVE AT HIGHLAND AVE,40.70010000000001,-74.2278,113|114|66|99,
28936,HILLSIDE AVE AT BOA PL,40.69869000000001,-74.22537000000001,113|114|66|99,
28937,HILLSIDE AVE AT MUNN AVE,40.69809,-74.22069,113|114|66,New York
28938,HILLSIDE AVE AT MUNN AVE,40.69817,-74.22069,113|114|65|66,Bridgewater
28939,HILLSIDE AVE AT BOA PL,40.69913,-74.22596,113|114|66|99,
28940,HILLSIDE AVE AT HIGHLAND AVE,40.70081,-74.22884,113|114|66|99,
28941,HILLSIDE AVE AT HIAWATHA AVE,40.70215,-74.23117,113|114|99,
28942,HILLSIDE AVE AT MONTGOMERY ST,40.70352,-74.23467000000001,26,Elizabeth
28943,HILLSIDE AVE 335' E OF BLOY ST.,40.70259,-74.23792,26,Elizabeth
28944,LIBERTY AVE AT LIVINGSTON RD,40.69075,-74.23636,113|26|66,Mountainside
28945,LIBERTY AVE AT FITZPATRICK ST,40.69313,-74.23662,113|26|66,Mountainside
28946,LIBERTY AVE AT BLOY ST,40.69479,-74.23548000000001,26|66,Mountainside
28947,LIBERTY AVE AT MILLARD AVE,40.69626,-74.23411,26|66,Mountainside
28948,LIBERTY AVE AT LONG AVE,40.69871000000001,-74.23205,66,Mountainside
28949,LIBERTY AVE AT FLORENCE AVE,40.70084000000001,-74.22986,113|114|66,New York
28950,LIBERTY AVE AT FLORENCE AVE,40.70043,-74.23049,66,Newark
28951,LIBERTY AVE AT LONG AVE,40.69857,-74.23240000000001,26|66,Newark
28952,LIBERTY AVE AT RUTGERS AVE,40.69629,-74.23425,26|66,Newark
28953,LIBERTY AVE AT BLOY ST,40.69427,-74.23608,113|26|66,Newark
28954,LIBERTY AVE AT FITZPATRICK ST,40.69262000000001,-74.23676,113|26|66,Newark
28955,LIBERTY AVE AT CONANT ST,40.69003,-74.23711,113|26|66,Newark
28956,N BROAD ST AT COE AVE,40.69104,-74.21538000000001,113|59,Newark
28957,N BROAD ST AT HOLLYWOOD AVE,40.69488,-74.21586,113|59,Newark
28958,N BROAD ST AT MERTZ AVE,40.69827,-74.21631000000001,59|65|66,Newark
28959,N BROAD ST AT MERTZ AVE,40.69825,-74.21652,59|65|66,Plainfield
28960,N BROAD ST AT RIDGEWAY AVE,40.69502000000001,-74.21599,113|59,Plainfield
28961,N BROAD ST AT COE AVE,40.69102,-74.2155,113|59,Plainfield
28962,N BROAD ST AT HURDEN ST,40.68832,-74.2149,113|59,Plainfield
28963,NORTH AVE AT IRVINGTON AVE,40.67921,-74.22273000000001,113,New York
28964,NORTH AVE AT WESTMINSTER AVE,40.68108,-74.21877,113,New York
28965,NORTH AVE AT WESTMINSTER AVE,40.6808,-74.21958000000001,113,Dunellen
28966,NORTH AVE AT IRVINGTON AVE,40.67917000000001,-74.22295000000001,113,Dunellen
28967,RAMSEY AVE AT BLOY ST,40.70351,-74.23991000000001,99,
28968,US-22 AT BLOY ST,40.69909000000001,-74.23716,65,Somerville
28969,US-22 AT BLOY ST,40.69924,-74.23826000000001,65,Newark
28971,BOULEVARD AT N. 12TH ST,40.6752,-74.29914000000001,58,Kenilworth
28972,BOULEVARD AT COOLIDGE DR,40.67558,-74.29552000000001,58,Kenilworth
28973,KENILWORTH BLVD AT 21ST ST,40.67597000000001,-74.29157000000001,58,Kenilworth
28974,BOULEVARD AT S. 23RD ST,40.67616,-74.28988000000001,58,Kenilworth
28975,BOULEVARD 60' W OF MICHIGAN AVE,40.67702000000001,-74.28695,58,Kenilworth
28976,BOULEVARD AT MICHIGAN AVE,40.67714,-74.28710000000001,58,Elizabeth
28977,BOULEVARD AT N. 23RD ST,40.67634,-74.28944,58,Elizabeth
28978,KENILWORTH BLVD AT 21ST ST,40.67614,-74.29132000000001,58,Elizabeth
28979,BOULEVARD AT N. 19TH ST,40.67597000000001,-74.29307,58,Elizabeth
28980,BOULEVARD AT N. 14TH ST,40.67552000000001,-74.29752,58,Elizabeth
28981,BOULEVARD AT N. 12TH ST,40.67534000000001,-74.29932000000001,58,Elizabeth
28984,MICHIGAN AVE AT LEXINGTON AVE,40.66817,-74.28112,58,Elizabeth
28985,MICHIGAN AVE AT FAIRFIELD AVE,40.66896000000001,-74.28154,58,Elizabeth
28986,MICHIGAN AVE AT VERNON AVE,40.67021,-74.28229,58,Elizabeth
28987,MICHIGAN AVE AT SUMMIT AVE,40.67247,-74.28364,58,Elizabeth
28988,MICHIGAN AVE AT NEWARK AVE,40.67458000000001,-74.28490000000001,58,Elizabeth
28989,MICHIGAN AVE AT CLINTON AVE,40.67591,-74.28552,58,Elizabeth
28990,MICHIGAN AVE AT CLINTON AVE,40.67607,-74.28591,58,Kenilworth
28991,MICHIGAN AVE AT NEWARK AVE,40.67473,-74.28514000000001,58,Kenilworth
28993,MICHIGAN AVE AT TRENTON AVE,40.67161,-74.28327,58,Kenilworth
28994,MICHIGAN AVE AT VERNON AVE,40.66996,-74.28231000000001,58,Kenilworth
28995,MICHIGAN AVE AT FAIRFIELD AVE,40.66911,-74.28177000000001,58,Kenilworth
28996,MICHIGAN AVE AT FAITOUTE AVE,40.66778,-74.28104,58,Kenilworth
28997,MONROE AVE AT N. 14TH ST,40.67946000000001,-74.29820000000001,58,Elizabeth
29001,N. 20TH ST AT BOULEVARD,40.67629,-74.29233,58,Elizabeth
29002,N. 20TH ST AT MONROE AVE,40.67977,-74.29295,58,Elizabeth
29003,US-22 AT MICHIGAN AVE,40.69009,-74.29333000000001,114|117|65,New York
29004,20TH ST AT WOOD AVE,40.62075,-74.23601000000001,57,
29005,DRAPKIN AVE AT RARITAN RD,40.64487,-74.27508,112,New York
29006,EDGAR RD AT CLINTON ST,40.62735,-74.2424,56,Winfield
29007,EDGAR RD AT WOODLAWN AVE,40.62854,-74.24133,56,Winfield
29008,EDGAR RD AT WEST BROOK DR,40.63204,-74.23801,56,Winfield
29011,EDGAR RD AT GILCHRIST AVE,40.64409000000001,-74.22753,56,Winfield
29012,US 1 & 9 AT PARK AVE,40.64571,-74.22616000000001,56,Winfield
29013,EDGAR RD AT BACHELLER AVE,40.64752,-74.22497,56,Elizabeth
29014,US 1 & 9 AT PARK AVE,40.64571,-74.2265,56,Elizabeth
29017,EDGAR RD AT INDUSTRIAL LANE,40.62998,-74.24032000000001,56,Elizabeth
29018,EDGAR RD AT CLINTON ST,40.6277,-74.24245,56,Elizabeth
29019,ELIZABETH AVE AT N STILES ST,40.62636000000001,-74.25676,115|94,
29022,ELIZABETH AVE AT MAPLE AVE,40.6339,-74.24891000000001,115|57|94,
29023,ELIZABETH AVE AT ROSELLE ST,40.63552000000001,-74.24718,115|57|94,
29024,ELIZABETH AVE AT BOWERS ST,40.63665,-74.24601000000001,115|57,
29025,ELIZABETH AVE AT LINCOLN ST,40.63904,-74.24348,115|57,
29026,ELIZABETH AVE AT W. BALTIMORE AVE,40.64138000000001,-74.24102,115|57,
29027,ELIZABETH AVE AT ST. MARKS ST,40.64288000000001,-74.23943000000001,115|57,
29028,ELIZABETH AVE AT SHERMAN ST,40.64503000000001,-74.23718000000001,115|57,
29029,ELIZABETH AVE AT MCKINLEY ST,40.64701,-74.23507000000001,115|57,
29030,LINDEN & PARK AVES,40.6495,-74.23246,115|57,
29031,ELIZABETH AVE AT PARK AVE,40.6494,-74.23273,115|57,
29032,ELIZABETH AVE AT MCKINLEY ST,40.64692,-74.23537,115|57,
29033,ELIZABETH AVE AT SHERMAN ST,40.64493,-74.23744,115|57,
29034,ELIZABETH AVE AT ST. MARKS ST,40.64308,-74.23938000000001,115|57,
29035,ELIZABETH AVE AT W. BALTIMORE AVE,40.64128,-74.24129,115|57,
29036,ELIZABETH AVE AT LINCOLN ST,40.63864,-74.24406,115|57,
29037,ELIZABETH AVE AT ROSELLE ST,40.63535,-74.24751,115|57|94,
29038,ELIZABETH AVE AT MAPLE AVE,40.6338,-74.24914000000001,115|57|94,
29039,ELIZABETH AVE AT NORTH WOOD AVE,40.63043,-74.25271000000001,115,Rahway
29040,ELIZABETH AVE AT LUMBER ST,40.62825,-74.25500000000001,115,Rahway
29041,ELIZABETH AVE AT N STILES ST,40.62608,-74.25729000000001,115,Rahway
29042,E. LINDEN AVE AT URBANOWITZ AVE,40.64828000000001,-74.22912000000001,115|57,
29045,LOWER RD AT TREMLEY POINT RD,40.61518,-74.23395000000001,57,
29046,LOWER RD AT PARKWAY AVE,40.61331000000001,-74.23389,57,
29047,LOWER RD 450' N OF AVE. C,40.60919000000001,-74.24984,57,
29048,NORTH WOOD AVE AT ROSEWOOD TER,40.64363,-74.27293,56,Winfield
29049,NORTH WOOD AVE AT MELROSE TER,40.64243,-74.27129000000001,56,Winfield
29050,NORTH WOOD AVE AT PRINCETON RD,40.64015000000001,-74.26829000000001,56,Winfield
29051,RARITAN RD AT BRADBURY AVE,40.64116000000001,-74.28532000000001,112|56,New York
29052,RARITAN RD AT HIGHLAND AVE,40.64213,-74.28368,112|56,New York
29053,RARITAN RD AT SUMMIT TER,40.64359,-74.28131,112|56,New York
29054,RARITAN RD AT FURBER AVE,40.64472000000001,-74.27847000000001,112|56,New York
29055,RARITAN RD AT FURBER AVE,40.64481000000001,-74.27818,112|56,Clark
29056,ROSELLE ST AT ST GEORGES AVE,40.64223,-74.25806,94,
29057,ROSELLE ST AT JACKSON ST,40.64107000000001,-74.25615,94,
29058,ROSELLE ST AT UNION ST,40.6405,-74.25525,94,
29059,ROSELLE ST AT EAST HENRY ST,40.63917,-74.25305,94,
29060,ROSELLE ST AT EAST BLANCKE ST,40.63755,-74.2504,94,
29061,ROSELLE ST AT ZIEGLER AVE,40.63599000000001,-74.24791,94,
29062,ROSELLE ST AT ZIEGLER ST,40.63636,-74.24822,94,
29063,ROSELLE ST AT EAST BLANCKE ST,40.63745,-74.24996,94,
29064,ROSELLE ST AT EAST HENRY ST,40.63930000000001,-74.25301,94,
29065,ROSELLE ST AT EAST CURTIS ST,40.64024000000001,-74.25455000000001,94,
29066,ROSELLE ST AT VAN BUREN AVE,40.64177,-74.25708,94,
29067,ROSELLE ST AT ST GEORGES AVE,40.64275000000001,-74.2587,94,
29068,SAINT GEORGES AVE AT STUART PL,40.62556,-74.27451,115|48,
29069,SAINT GEORGES AVE AT STILES ST,40.62808,-74.27174000000001,115|48,
29070,SAINT GEORGES AVE AT KEEP ST,40.62911,-74.2711,115|48,
29071,SAINT GEORGES AVE AT ERUDO ST,40.63076,-74.27007,115|48,
29072,SAINT GEORGES AVE AT LAURITA ST,40.63215,-74.26906000000001,115|48,
29073,SAINT GEORGES AVE AT DEWITT TERRACE,40.63354,-74.26774,115|48,
29074,SAINT GEORGES AVE AT SUMMIT ST,40.6351,-74.26617,115|48,
29075,ST GEORGES AVE AT WOOD AVE,40.63751000000001,-74.26398,115|48,
29076,SAINT GEORGES AVE AT WASHINGTON AVE,40.64022000000001,-74.26162000000001,115|48,
29077,SAINT GEORGES AVE AT ROSELLE ST,40.64319,-74.25886000000001,115|48,
29078,SAINT GEORGES AVE AT MCCANDLESS ST,40.64427000000001,-74.25567000000001,115|48,
29079,SAINT GEORGES AVE AT LINCOLN ST,40.64485000000001,-74.25283,115|48,
29081,SAINT GEORGES AVE AT CRANFORD AVE,40.64818,-74.24594,115|48,
29082,SAINT GEORGES AVE AT NORA DR,40.6491,-74.24319000000001,115|48,
29083,SAINT GEORGES AVE 265'S OF GRANT ST,40.64974,-74.24130000000001,115|48,
29084,SAINT GEORGES AVE AT ALEXANDER AVE,40.65156,-74.23786000000001,115|48,
29085,SAINT GEORGES AVE AT PARK AVE,40.65260000000001,-74.23629000000001,115|48,
29086,SAINT GEORGES AVE AT HAGEL AVE,40.65417,-74.23366,115|48,
29087,ST GEORGES AVE AT WOOD AVE,40.63692,-74.26476000000001,115|48,
29088,SAINT GEORGES AVE AT SUMMIT TERRACE,40.6352,-74.26633000000001,115|48,
29089,SAINT GEORGES AVE AT DEWITT TERRACE,40.63361,-74.26795,115|48,
29090,SAINT GEORGES AVE AT HOLLYWOOD RD,40.63004,-74.27071000000001,115|48,
29091,SAINT GEORGES AVE AT STILES ST,40.62798,-74.27206000000001,115|48,
29092,SAINT GEORGES AVE AT STUART PL,40.62548,-74.27496000000001,115|48,
29093,STILES ST AT AVIATION PLAZA - 2ND ENTR,40.6206,-74.24399000000001,57,
29095,WOOD AVE AT 20TH ST,40.62117000000001,-74.23597000000001,57,
29096,WOOD AVE AT 15TH ST,40.6233,-74.23887,57,
29097,WOOD AVE AT 12TH ST,40.62485,-74.24092,57,
29098,WOOD AVE 250' N OF EDGAR RD.,40.62715,-74.24446,56|57,
29099,WOOD AVE AT WOOD PL,40.62778,-74.24582000000001,56|57,
29100,WOOD AVE AT MORRIS AVE,40.62927000000001,-74.24908,56|57,
29101,WOOD AVE AT RAILROAD STATION,40.63065,-74.25208,56|57,
29102,WOOD AVE AT BLANCKE ST,40.63197,-74.25497,56,Elizabeth
29103,WOOD AVE AT ELM ST,40.63327,-74.25768000000001,56,Elizabeth
29104,WOOD AVE AT HENRY ST,40.63392,-74.25881000000001,56,Elizabeth
29105,WOOD AVE AT CURTIS ST,40.63479,-74.26023,56,Elizabeth
29106,WOOD AVE AT GESNER ST,40.63616,-74.26246,56,Elizabeth
29107,WOOD AVE AT 5TH AVE,40.64844,-74.27925,112|56,Clark
29108,WOOD AVE AT DRAPKIN AVE,40.64521000000001,-74.27499,112|56,Clark
29109,WOOD AVE AT ST GEORGES AVE,40.63693000000001,-74.26393,56,Winfield
29110,WOOD AVE AT CURTIS ST,40.63457,-74.26007000000001,56,Winfield
29111,WOOD AVE AT ELM ST,40.63315,-74.25779,56,Winfield
29112,WOOD AVE 65' S OF KNOPFE ST,40.63191,-74.25517,56,Winfield
29114,WOOD AVE AT RAILROAD STATION,40.62988,-74.25078,56|57|94,
29115,WOOD AVE AT MORRIS AVE,40.62887000000001,-74.24861,56|57,
29116,WOOD AVE AT STIMPSON AVE,40.62821,-74.24711,56|57,
29118,WOOD AVE AT 11TH ST,40.62519,-74.24158,57,
29119,WOOD AVE AT 15TH ST,40.62324,-74.23895,57,
29120,WOOD AVE AT 17TH ST,40.62214,-74.23748,57,
29121,STILES ST AT HENRY ST#,40.62671,-74.26557000000001,115,Rahway
29124,EDGAR RD AT BACHELLER AVE#,40.6479,-74.22427,56,Winfield
29125,LINDEN AVE 150' S OF ASHTON AVE#,40.64997,-74.22688000000001,57,
29130,STILES ST AT FULLER RD#,40.62678,-74.26694,115,New York
29131,SAINT GEORGES AVE 300' N OF COLUMBIA PL#,40.63145,-74.26988,115|48,
29384,EAST HAZELWOOD AVE AT LEESVILLE AVE,40.60003,-74.274,48,
29385,EAST MILTON AVE AT BROAD ST,40.60587,-74.27698000000001,48,
29386,WEST MILTON AVE 200'E OF IRVING ST,40.60602,-74.27704,48,
29387,ELIZABETH AVE AT EAST GRAND AVE,40.61156,-74.27279,48,
29388,ELIZABETH AVE AT JACKSON AVE,40.61289,-74.27134000000001,48,
29389,ELIZABETH AVE AT WEST SCOTT AVE,40.61385000000001,-74.27047,48,
29390,ELIZABETH AVE AT JACKSON AVE,40.61255000000001,-74.27193000000001,48,
29391,ELIZABETH AVE AT WEST GRAND AVE,40.61116000000001,-74.27346,48,
29392,IRVING ST AT ELIZABETH AVE,40.60907,-74.27639,48,
29393,IRVING ST AT BROAD ST,40.6073,-74.27574,48,
29394,JAQUES AVE AT WEST STEARNS ST,40.60177,-74.28434,48,
29395,JAQUES AVE AT WEST HAZELWOOD AVE,40.60358,-74.28240000000001,48,
29396,JAQUES AVE AT CLINTON ST,40.60587,-74.28073,48,
29397,JAQUES AVE AT CLINTON ST,40.60579000000001,-74.28089,48,
29398,JAQUES AVE AT WEST HAZELWOOD AVE,40.60315000000001,-74.28298000000001,48,
29399,JAQUES AVE AT WALTERS ST,40.60029,-74.28618,48,
29401,MAIN ST AT BRIDGE ST,40.60858,-74.27413,48,
29402,MAIN ST 230'S OF EAST MILTON AVE,40.60466,-74.27516,48,
29405,SAINT GEORGES AVE AT PIERPONT ST,40.60151,-74.28999,115,New York
29406,SAINT GEORGES AVE AT WEST LAKE AVE,40.60407,-74.28976,115,New York
29407,SAINT GEORGES AVE AT CENTRAL AVE,40.60986,-74.28648000000001,115,New York
29409,SAINT GEORGES AVE AT HARRISON ST,40.61806,-74.28329000000001,115,New York
29410,SAINT GEORGES AVE AT WEST SCOTT AVE,40.62113,-74.28021000000001,115|48,
29411,SAINT GEORGES AVE AT WEST LINCOLN AVE,40.62262,-74.27841000000001,115|48,
29412,SAINT GEORGES AVE AT ROSS ST,40.62424,-74.27668000000001,115|48,
29413,SAINT GEORGES AVE AT APGAR TERRACE,40.62263,-74.27868000000001,115|48,
29415,SAINT GEORGES AVE AT HARRISON ST,40.61771,-74.28383000000001,115,Rahway
29416,SAINT GEORGES AVE AT WESTFIELD AVE,40.61588,-74.28539,115,Rahway
29417,SAINT GEORGES AVE AT CENTRAL AVE,40.60925,-74.28689,115,Rahway
29418,SAINT GEORGES AVE AT WEST HAZELWOOD AVE,40.60551,-74.28902000000001,115,Rahway
29422,WEST SCOTT AVE AT ST. GEORGES AVE,40.62072000000001,-74.28039000000001,48,
29423,WEST SCOTT AVE AT CHURCH ST,40.6187,-74.27738000000001,48,
29424,WEST SCOTT AVE AT WHITTIER ST,40.61686,-74.27458,48,
29425,WEST SCOTT AVE AT ELIZABETH AVE,40.61433,-74.27056,48,
29426,WEST SCOTT AVE AT WHITTIER ST,40.61678000000001,-74.27422,48,
29427,WEST SCOTT AVE AT CHURCH ST,40.61922000000001,-74.27802000000001,48,
29429,WEST INMAN AVE AT MADISON AVE,40.60041,-74.29577,48,
29432,WEST INMAN AVE AT MADISON AVE,40.60048,-74.29581,48,
29436,1ST AVE AT ALDENE RD,40.65779000000001,-74.28032,59,Newark
29437,1ST AVE AT AMSTERDAM AVE,40.65809,-74.27807,59,Newark
29438,1ST AVE AT CLOVER ST,40.65851000000001,-74.27478,112|59,Newark
29439,1ST AVE AT VINE ST,40.65889000000001,-74.27211000000001,112|59,Newark
29440,1ST AVE AT LAUREL ST,40.65952,-74.26747,112|59,Newark
29441,1ST AVE AT LAUREL ST,40.65951,-74.26841,112|59,Plainfield
29442,1ST AVE AT VINE ST,40.65896,-74.27237000000001,112|59,Plainfield
29443,1ST AVE AT CLOVER ST,40.65853000000001,-74.27555000000001,112|59,Plainfield
29444,1ST AVE AT AMSTERDAM AVE,40.65814,-74.27842000000001,59,Plainfield
29445,1ST AVE AT ALDENE RD,40.65770000000001,-74.28166,59,Plainfield
29446,2ND AVE AT LOCUST ST,40.65841,-74.26594,112|59,Newark
29447,2ND AVE AT CHESTNUT ST,40.65884,-74.26284000000001,112|59,Newark
29448,2ND AVE AT WALNUT ST,40.65923,-74.25985,112|59,Newark
29449,2ND AVE AT CHANDLER AVE,40.65993,-74.25482000000001,112|59,Newark
29450,2ND AVE AT HARRISON AVE,40.66031,-74.25182000000001,112|59,Newark
29451,2ND AVE AT SHERIDAN AVE,40.66066,-74.25034000000001,112|59,Plainfield
29452,2ND AVE AT MYRTLE ST,40.66028,-74.25307000000001,112|59,Plainfield
29453,2ND AVE AT CHANDLER AVE,40.65996000000001,-74.25552,112|59,Plainfield
29454,2ND AVE AT WALNUT ST,40.65929000000001,-74.26057,112|59,Plainfield
29455,2ND AVE AT CHESTNUT ST,40.65886,-74.26375,112|59,Plainfield
29456,3RD AVE AT HAMILTON ST,40.65998,-74.24510000000001,112|59,Newark
29457,3RD AVE AT PARK ST,40.66036,-74.24246000000001,112|59,Newark
29458,3RD AVE AT PARK ST,40.6604,-74.24276,112|59,Plainfield
29459,3RD AVE AT PROSPECT ST,40.66013,-74.24508,112|59,Plainfield
29460,3RD AVE AT LINDEN RD,40.65974000000001,-74.24739000000001,112|59,Plainfield
29461,AMSTERDAM AVE AT CHRISTIANI ST,40.6523,-74.27867,112,New York
29462,AMSTERDAM AVE AT ROBINS ST,40.65455,-74.27751,112,New York
29463,AMSTERDAM AVE AT 3RD AVE,40.65587,-74.27737,112,New York
29464,AMSTERDAM AVE AT 3RD AVE,40.65578,-74.27744000000001,112,Clark
29465,AMSTERDAM AVE AT ROBINS ST,40.6544,-74.27771,112,Clark
29466,AMSTERDAM AVE AT CHRISTIANI ST,40.65206000000001,-74.27891000000001,112,Clark
29467,AMSTERDAM AVE AT DIETZ ST,40.65093,-74.28006,112,Clark
29468,CHESTNUT ST AT BONNA VILLA AVE,40.64515,-74.26003,94,
29469,CHESTNUT ST AT WILLIAM ST,40.64660000000001,-74.26037000000001,94,
29470,CHESTNUT ST AT EAST 10TH AVE,40.64913000000001,-74.26097,94,
29471,CHESTNUT ST AT EAST 8TH AVE,40.65121000000001,-74.26144000000001,94,
29472,CHESTNUT ST AT EAST 6TH AVE,40.6538,-74.26206,94,
29473,CHESTNUT ST AT EAST 4TH AVE,40.6567,-74.26276,94,
29474,CHESTNUT ST AT 2ND AVE,40.65916,-74.26327,94,
29475,CHESTNUT ST AT 2ND AVE,40.65857,-74.26334,94,
29476,CHESTNUT ST AT WEST 4TH AVE,40.65611000000001,-74.26277,94,
29477,CHESTNUT ST AT WEST 6TH AVE,40.6536,-74.26215,94,
29478,CHESTNUT ST AT WEST 8TH AVE,40.65117,-74.26158000000001,94,
29479,CHESTNUT ST AT WEST 10TH AVE,40.64848000000001,-74.26094,94,
29480,CHESTNUT ST AT DENNIS ST,40.64718000000001,-74.26065000000001,94,
29481,CHESTNUT ST AT CLARK ST,40.64539000000001,-74.26023,94,
29482,SAINT GEORGES AVE AT HAGEL AVE,40.65425,-74.23392000000001,115|48,
29483,SAINT GEORGES AVE AT PARK AVE,40.6527,-74.23644,115|48,
29484,SAINT GEORGES AVE AT ALEXANDER AVE,40.65131,-74.23862000000001,115|48,
29485,SAINT GEORGES AVE AT CAROLYN TERRACE,40.64972,-74.24187,115|48,
29486,SAINT GEORGES AVE AT DRAKE AVE,40.64819000000001,-74.24642,115|48,
29487,SAINT GEORGES AVE AT CHANDLER AVE,40.64719,-74.24904000000001,115|48,
29488,SAINT GEORGES AVE AT FRANK ST.,40.64585,-74.25041,115|48,
29489,SAINT GEORGES AVE AT HOME TERRACE,40.64429000000001,-74.25631,115|48,
29490,SAINT GEORGES AVE AT VICTORY ST,40.64375,-74.25812,115|48,
29491,SAINT GEORGES AVE AT CRESCENT AVE,40.64249,-74.25984000000001,115|48,
29492,SAINT GEORGES AVE AT WALNUT ST,40.64134000000001,-74.26087000000001,115|48,
29493,WOOD AVE AT UNCAS AVE,40.6383,-74.26563,56,Elizabeth
29494,WOOD AVE AT WOODSIDE AVE,40.63948000000001,-74.26716,56,Elizabeth
29495,WOOD AVE AT BROOKLAWN AVE,40.64085,-74.26898,56,Elizabeth
29496,WOOD AVE AT RARITAN RD,40.64463000000001,-74.27398000000001,56,Elizabeth
29497,WOOD AVE AT 6TH AVE,40.64743,-74.27771,112|56,New York
29498,WOOD AVE AT TRINITY PL,40.64924000000001,-74.28011000000001,112|56,New York
29499,SAINT GEORGES AVE AT THOMPSON AVE,40.64902,-74.24394000000001,115|48,
29504,WESTFIELD AVE AT FAITOUTE AVE,40.65995,-74.27583,113|58,New York
29505,WESTFIELD AVE AT LOCUST ST,40.66123,-74.26650000000001,113|58,New York
29506,WESTFIELD AVE AT CHESTNUT ST,40.66162000000001,-74.26357,113|58,Kenilworth
29507,WESTFIELD AVE AT WALNUT ST,40.66209000000001,-74.26026,113|58,Kenilworth
29508,WESTFIELD AVE AT BERWYN ST,40.6626,-74.25646,113|58,Kenilworth
29509,WESTFIELD AVE AT LINDEN RD,40.66358,-74.24903,113|58,Kenilworth
29510,WESTFIELD AVE AT COLONIAL RD,40.66365,-74.25003000000001,113|58,Elizabeth
29511,WESTFIELD AVE AT SHERMAN AVE,40.66338,-74.25209000000001,113|58,Elizabeth
29512,WESTFIELD AVE AT MAGIE AVE,40.66303000000001,-74.25469000000001,113|58,Elizabeth
29514,WESTFIELD AVE AT CHESTNUT ST,40.66179,-74.26382000000001,113|58,Elizabeth
29515,WESTFIELD AVE AT LOCUST ST,40.6613,-74.26739,113|58,Dunellen
29516,WESTFIELD AVE AT HAWTHORNE ST,40.66066,-74.272,113|58,Dunellen
29517,WESTFIELD AVE AT FAITOUTE AVE,40.66011,-74.27612,113|58,Dunellen
29518,WESTFIELD AVE AT BRIDGE ST,40.65969,-74.27937,113,Dunellen
29519,FAITOUTE AVE AT SEATON AVE,40.66126000000001,-74.27696,58,Elizabeth
29520,FAITOUTE AVE AT WEBSTER AVE,40.66333,-74.27822,58,Elizabeth
29521,FAITOUTE AVE AT W COLFAX AVE,40.6662,-74.27996,58,Elizabeth
29522,FAITOUTE AVE AT W COLFAX AVE,40.66607,-74.28002000000001,58,Kenilworth
29523,FAITOUTE AVE AT WEBSTER AVE,40.66313,-74.27826,58,Kenilworth
29524,CHESTNUT ST AT E GRANT AVE,40.66435000000001,-74.26452,113|94,
29525,CHESTNUT ST AT E LINCOLN AVE,40.66799,-74.26538000000001,113|94,
29526,CHESTNUT ST AT SUMNER AVE,40.67148,-74.26623000000001,113|94,
29527,CHESTNUT ST AT W SUMNER AVE,40.67134,-74.26631,113|94,
29528,CHESTNUT ST AT WEST LINCOLN AVE,40.66705,-74.26528,113|94,
29529,CHESTNUT ST AT W GRANT AVE,40.66429,-74.26465,113|94,
29530,CHESTNUT ST AT WESTFIELD AVE,40.66195,-74.26412,113|94,
29725,BURNET AVE AT MORRIS AVE,40.70268,-74.28888,66|94,
29726,BURNET AVE AT REGINA ST,40.70456,-74.28840000000001,66|94,
29728,BURNET AVE AT N 3RD ST,40.70682,-74.28608000000001,66|94,
29729,BURNET AVE AT SEYMOUR AVE,40.70869,-74.28413,66|94,
29730,BURNET AVE AT VAUXHALL RD,40.71102,-74.28168000000001,94,
29731,BURNET AVE AT COPPER HILL DR,40.71253,-74.27716000000001,94,
29732,BURNET AVE AT EDWARD TER,40.71497,-74.26956000000001,94,
29733,BURNET AVE AT EDWARD TER,40.71496,-74.27006,94,
29734,BURNET AVE AT ASTORIA PL,40.71429000000001,-74.27337,94,
29735,BURNET AVE AT LEE ST,40.71254,-74.27757000000001,94,
29736,BURNET AVE AT JACKSON AVE,40.71093,-74.28195000000001,66|94,
29737,BURNET AVE AT ALLEN AVE,40.70908,-74.28389,66|94,
29738,BURNET AVE AT CLOVER TER,40.70702,-74.286,66|94,
29740,BURNET AVE AT LESLIE ST,40.70472,-74.28842,66|94,
29741,BURNET AVE AT GIRARD PL,40.70304,-74.28886,66|94,
29742,CHESTNUT ST AT RUTGERS LANE,40.67245,-74.26643,113|94,
29743,CHESTNUT ST AT CAROLYN RD,40.67393000000001,-74.26679,113|94,
29744,FIVE POINTS AT CHESTNUT ST,40.67667,-74.26739,113|94,
29745,CHESTNUT ST AT NEW JERSEY AVE,40.67801,-74.26790000000001,94,
29746,CHESTNUT ST AT WASHINGTON AVE,40.68029000000001,-74.26835000000001,94,
29747,CHESTNUT ST AT LONGVIEW RD,40.68319,-74.26883000000001,94,
29748,CHESTNUT ST AT BURROUGHS TERRACE,40.68712,-74.26964000000001,94,
29749,CHESTNUT ST AT PHILLIPS TERRACE,40.688,-74.27034,94,
29751,CHESTNUT ST AT LEO PL,40.68284000000001,-74.26899,94,
29752,CHESTNUT ST AT WASHINGTON AVE,40.67998,-74.26846,94,
29753,FIVE POINTS AT CHESTNUT ST,40.67678,-74.26757,,
29754,CHESTNUT ST 300'S OF CAROLYN RD,40.6736,-74.26683000000001,113|94,
29755,CHESTNUT ST AT RUTGERS LANE,40.67274,-74.26663,113|94,
29756,GREEN LN AT NORTH FLORAL AVE,40.67814000000001,-74.24478,52,
29757,GREEN LN AT WOODLAND AVE,40.68054,-74.24157000000001,52,
29758,GREEN LN AT WOODLAND AVE,40.68056,-74.24171000000001,52,
29759,GREEN LN AT NORTH FLORAL AVE,40.67786,-74.24521,52,
29761,MORRIS AVE AT SPRUCE ST,40.7067,-74.29983,114|52|66,New York
29762,MORRIS AVE. AT ALVIN PL.,40.7056,-74.29718000000001,114|52|66,New York
29763,MORRIS AVE AT CREGER AVE,40.70385,-74.29347,114|52|66,New York
29765,MORRIS AVE 110' W OF APGAR CT,40.70102000000001,-74.28619,114|52|66|94,New York
29766,MORRIS AVE AT COMMERCE AVE,40.69903,-74.28162,114|52|66,New York
29767,MORRIS AVE AT WOOLLEY AVE,40.69827,-74.27836,114|52|66,New York
29769,MORRIS AVE AT JOHNSON PL,40.69713,-74.27315,114|52|66,New York
29770,MORRIS AVE AT STUYVESANT AVE,40.69605000000001,-74.26883000000001,114|52|66,New York
29771,MORRIS AVE AT ADAMS AVE,40.6953,-74.26553000000001,114|52|66,New York
29773,MORRIS AVE AT GREENWOOD RD,40.6902,-74.24962000000001,52|66,
29774,MORRIS AVE AT COLONIAL AVE,40.68933000000001,-74.24726000000001,52|66,
29775,MORRIS AVE AT TOWNLEY AVE,40.68789,-74.244,52|66,
29776,MORRIS AVE AT SALEM RD,40.68717,-74.24239,52,
29777,MORRIS AVE AT LEHIGH AVE,40.68598,-74.23991000000001,26|52,Elizabeth
29778,MORRIS AVE AT GREEN LN,40.68226000000001,-74.23509,26|52,Elizabeth
29779,MORRIS AVE AT KEAN DR,40.68072,-74.23322,26|52,Elizabeth
29780,MORRIS AVE AT NORTH AVE,40.67663,-74.2278,26|52,Irvington
29781,MORRIS AVE AT KEAN DR,40.6813,-74.23364000000001,26|52,Irvington
29783,MORRIS AVE AT LEHIGH AVE,40.6858,-74.2393,26|52,Irvington
29784,MORRIS AVE AT SALEM RD,40.68755,-74.24287000000001,52|66,
29785,MORRIS AVE AT STERLING RD,40.6885,-74.24498000000001,52|66,
29786,MORRIS AVE AT COLONIAL AVE,40.6893,-74.24681000000001,52|66,
29787,MORRIS AVE AT SAYRE RD S,40.69043000000001,-74.24981000000001,52|66,
29788,MORRIS AVE AT LOWES SHOP CTR,40.6927,-74.25555,52|66,
29790,MORRIS AVE AT GRANDVIEW AVE,40.69579,-74.26668000000001,114|52|66,Bridgewater
29791,MORRIS AVE AT STUYVESANT AVE,40.69637,-74.26939,114|52|66,Bridgewater
29792,MORRIS AVE AT JOHNSON PL,40.69731,-74.27344000000001,114|52|66,Bridgewater
29793,MORRIS AVE AT CALDWELL AVE,40.69804000000001,-74.27669,114|52|66,Bridgewater
29794,MORRIS AVE AT WOOLLEY AVE,40.6985,-74.2787,114|52|66,Bridgewater
29795,MORRIS AVE AT COMMERCE AVE,40.69931,-74.2823,114|52|66,Bridgewater
29796,MORRIS AVE AT LOUSONS RD,40.7007,-74.28526000000001,114|52|66|94,Bridgewater
29797,MORRIS AVE AT BURNET AVE,40.70248,-74.28961000000001,114|52|66,Bridgewater
29798,MORRIS AVE AT SCHNEIDER AVE,40.70376,-74.29285,114|52|66,Bridgewater
29799,MORRIS AVE AT LIBERTY AVE,40.70466,-74.29489000000001,114|52|66,Bridgewater
29800,MORRIS AVE AT LARCHMONT RD,40.70649,-74.29874000000001,114|52|66,Bridgewater
29801,NORTH AVE 152' N OF LYNMAR WAY,40.67458000000001,-74.22898,113,New York
29802,NORTH AVE 152' N OF LYNMAR WAY,40.67452,-74.22933,113,Dunellen
29803,NORTH AVE AT VIVIEN TER,40.67241000000001,-74.23097,113,Dunellen
29804,SPRINGFIELD RD N AT PROGRESS ST,40.69199,-74.29991000000001,94,
29808,RAHWAY AVE 1056' N OF LIBERTY AVE (BL 655),40.69622,-74.29751,94,
29809,RAHWAY AVE 2112' N OF LIBERTY AVE (BL 735),40.69502000000001,-74.29406,94,
29810,RAHWAY AVE AT WICKFORD RD,40.69728000000001,-74.28836000000001,94,
29811,RAHWAY AVE AT KLINE CT,40.69969,-74.28536000000001,94,
29812,RAHWAY AVE 191' S OF MORRIS AVE,40.69968,-74.28555,94,
29813,RAHWAY AVE 282'S OF WICKFORD RD,40.69671,-74.28961000000001,94,
29814,RAHWAY AVE 1584' S OF WICKFORD RD (BL 800),40.6968,-74.29841,94,
29815,RAHWAY AVE 2640' S OF WICKFORD RD (BL 640),40.69513000000001,-74.29384,94,
29818,US-22 AT SPRINGFIELD RD,40.68969000000001,-74.29677000000001,114|117|65,New York
29819,US-22 560'W OF BALL AVE,40.69038,-74.29101,114|117|65,New York
29821,US-22 765'W OF VAUXHALL RD,40.69669,-74.25407000000001,114|65,New York
29823,US-22 AT GARY RD,40.69779,-74.2485,114|65,Bridgewater
29824,US-22 AT WEWANNA AVE,40.69207,-74.27068000000001,114|117|65,Bridgewater
29825,US-22 AT HUDSON ST,40.69151,-74.28932,114|117|65,Bridgewater
29826,US-22 AT SPRINGFIELD RD,40.69043000000001,-74.29695000000001,114|117|65,Bridgewater
29829,SALEM RD AT FULTON ST,40.67727,-74.26383000000001,113,New York
29830,SALEM RD AT LIVINGSTON AVE,40.67757,-74.26154000000001,113,New York
29831,SALEM RD AT FOREST DR,40.67779,-74.25987,113,New York
29832,SALEM RD AT GLOUCESTER RD,40.67804,-74.25709,113,New York
29833,SALEM RD AT DOVER LANE,40.67843000000001,-74.25456000000001,113,New York
29834,SALEM RD AT TRINITY PL,40.68018,-74.25191000000001,113,New York
29835,SALEM RD AT WINCHESTER AVE,40.68163000000001,-74.24993,113,New York
29836,SALEM RD AT MINUTE ARMS RD,40.68264000000001,-74.24826,113,New York
29837,SALEM RD AT HUGUENOT AVE,40.68377,-74.24587000000001,113,New York
29838,SALEM RD AT MORRIS AVE,40.68678000000001,-74.24237000000001,113,New York
29839,SALEM RD AT VAUXHALL RD,40.68914,-74.23993,113|26|66,Mountainside
29840,SALEM RD AT CLIFTON TERRACE,40.68933000000001,-74.2397,113|26|66,Newark
29841,SALEM RD AT MORRIS AVE,40.68678000000001,-74.24252000000001,113,Dunellen
29842,SALEM RD AT HUGUENOT AVE,40.68393,-74.24577000000001,113,Dunellen
29843,SALEM RD AT MINUTE ARMS RD,40.6826,-74.24858,113,Dunellen
29844,SALEM RD AT WAYNE TERRACE,40.68163000000001,-74.2501,113,Dunellen
29845,SALEM RD AT TRINITY PL,40.68041,-74.25181,113,Dunellen
29846,SALEM RD AT PLYMOUTH RD,40.67861000000001,-74.25435,113,Dunellen
29847,SALEM RD AT CAMBRIDGE DR,40.67814000000001,-74.25720000000001,113,Dunellen
29848,SALEM RD AT WHITEWOOD RD,40.67801,-74.25863000000001,113,Dunellen
29849,SALEM RD AT LIVINGSTON AVE N,40.67769000000001,-74.26136000000001,113,Dunellen
29850,SALEM RD AT FULTON ST,40.67737,-74.26366,113,Dunellen
29851,SALEM RD AT MARSHALL AVE,40.67704000000001,-74.26611000000001,113,Dunellen
29853,STANLEY TER 550'E OF WOLBERT TER,40.71322000000001,-74.26628000000001,94,
29854,STANLEY TER AT HILLCREST TER,40.71226,-74.26438,94,
29855,STANLEY TER AT PORTER RD,40.71153,-74.26286,94,
29856,STANLEY TER AT VAN NESS TER,40.71077,-74.26131000000001,94,
29857,STANLEY TER AT MAY ST,40.7104,-74.26037000000001,94,
29858,STANLEY TER AT EDMUND TER,40.71114,-74.26187,94,
29859,STANLEY TER AT ANDREW ST,40.71210000000001,-74.26386000000001,94,
29860,STANLEY TER 463'W OF ASHWOOD TER,40.7134,-74.26635,94,
29861,STUYVESANT AVE AT ELMWOOD AVE,40.69473,-74.27258,94,
29862,STUYVESANT AVE AT ROSEMONT AVE,40.69568,-74.2706,94,
29865,STUYVESANT AVE AT MOUNTAINVIEW AVE,40.70083,-74.26478,94,
29866,STUYVESANT AVE AT LONG TERRACE,40.70281000000001,-74.26321,94,
29867,STUYVESANT AVE AT MORRISON AVE,40.70491000000001,-74.26154000000001,94,
29868,STUYVESANT AVE AT OAKLAND AVE,40.70615,-74.26055000000001,94,
29869,STUYVESANT AVE AT EVERETT CIRCLE,40.70777,-74.26012,94,
29870,STUYVESANT AVE AT STANLEY TERRACE,40.70983,-74.25958,94,
29871,STUYVESANT AVE AT PLEASANT PKWY,40.71126,-74.25840000000001,94,
29872,STUYVESANT AVE AT OSTWOOD TERRACE,40.71279000000001,-74.25624,94,
29873,STUYVESANT AVE AT OSTWOOD TERRACE,40.71270000000001,-74.25665000000001,94,
29875,STUYVESANT AVE AT STANLEY TERRACE,40.71012,-74.25952000000001,94,
29876,STUYVESANT AVE AT EVERETT CIRCLE,40.70756,-74.26031,94,
29877,STUYVESANT AVE AT OAKLAND AVE,40.70661,-74.26050000000001,94,
29878,STUYVESANT AVE AT MORRISON AVE,40.70515,-74.26150000000001,94,
29879,STUYVESANT AVE AT TYLER ST,40.70308,-74.26315000000001,94,
29880,STUYVESANT AVE AT GLESS AVE,40.70055,-74.26516000000001,94,
29881,STUYVESANT AVE AT VAUXHALL RD,40.69811,-74.26719,94,
29883,STUYVESANT AVE AT MORRIS AVE,40.69622,-74.27024,94,
29885,STUYVESANT AVE AT ELMWOOD AVE,40.69486000000001,-74.27268000000001,94,
29886,VAUXHALL RD AT BURNET AVE,40.71061,-74.28095,66|94,Mountainside
29887,VAUXHALL RD AT RIDGEWAY ST,40.70901000000001,-74.278,66|94,Mountainside
29888,VAUXHALL RD AT COMMERCE AVE,40.70562,-74.27532000000001,66|94,Mountainside
29889,VAUXHALL RD AT WOOLLEY AVE,40.70377000000001,-74.27411000000001,66|94,Mountainside
29890,VAUXHALL RD AT CALDWELL AVE,40.70173,-74.27257,66|94,Mountainside
29891,VAUXHALL RD AT PINE AVE,40.69944,-74.26947000000001,66,Mountainside
29892,VAUXHALL RD AT STUYVESANT AVE,40.69797000000001,-74.26639,66,Mountainside
29893,VAUXHALL RD AT WARREN AVE,40.69723,-74.26193,66,Mountainside
29894,VAUXHALL RD AT OAKLAND AVE,40.6978,-74.25751000000001,66,Mountainside
29895,VAUXHALL RD AT HIGHLAND AVE,40.69608,-74.2502,66,Mountainside
29896,VAUXHALL RD AT THELMA RD,40.69334000000001,-74.24492000000001,66,Mountainside
29897,VAUXHALL RD AT BROOKSIDE DR,40.69072000000001,-74.24239,66,Mountainside
29898,VAUXHALL RD AT SALEM RD,40.68933000000001,-74.24118,66,Newark
29899,VAUXHALL RD AT WILDWOOD TER,40.69095,-74.2423,66,Newark
29900,VAUXHALL RD AT ROGER AVE,40.69351,-74.24504,66,Newark
29901,VAUXHALL RD 160'E OF US-22 EXIT/ENTRANCE,40.69746000000001,-74.25373,66,Newark
29902,VAUXHALL RD AT GS PKWY NB RAMP,40.69788,-74.25482000000001,66,Newark
29903,VAUXHALL RD AT OAKLAND AVE,40.69787,-74.25883,66,Newark
29904,VAUXHALL RD AT COOLIDGE AVE,40.69724,-74.26229000000001,66,Newark
29905,VAUXHALL RD AT STUYVESANT AVE,40.69856,-74.26736000000001,66|94,Newark
29906,VAUXHALL RD AT BARBARA AVE,40.70005,-74.26981,66|94,Newark
29907,VAUXHALL RD AT GLENN AVE,40.7015,-74.27198,66|94,Newark
29908,VAUXHALL RD AT WINSLOW AVE,40.70599,-74.27541000000001,66|94,Newark
29909,VAUXHALL RD AT RIDGEWAY ST,40.70899,-74.27779000000001,66|94,Newark
29910,MAGIE AVE AT HALSTEAD RD#,40.67275,-74.24238000000001,52,
29911,MAGIE AVE AT BROWNING/SHEARER#,40.67323,-74.24533000000001,52,
29912,MORRIS AVE 140'E OF LOWES (JUG HANDLE),40.69242000000001,-74.25542,52|66,
29913,MORRIS AVE AT NORTH AVE#,40.67635000000001,-74.22777,26|52,Elizabeth
29917,SPRINGFIELD AVE AT STILES ST,40.71886000000001,-74.28131,70,Livingston Mall
29919,SPRINGFIELD AVE AT CHICAGO ST,40.71804,-74.28708,70,Newark
29920,VAUXHALL RD AT OVERLOOK TER,40.70029,-74.27026000000001,66|94,Mountainside
29923,BURNET AVE AT ASTORIA PL#,40.71413,-74.27299000000001,94,
29975,WAVECREST AVE AT SPRAY TERRACE,40.63859,-74.28836000000001,56,Elizabeth
29979,WAVECREST AVE AT BOB WILSON PL,40.6339,-74.29161,56,Elizabeth
29981,WAVECREST AVE AT RIVERVIEW TER,40.63131000000001,-74.29469,56,Elizabeth
29983,SEAFOAM AVE AT JOHN VELTHOVEN TER,40.63307,-74.29109000000001,56,Elizabeth
29987,WAVECREST AVE AT SEAFOAM AVE,40.63611,-74.28487000000001,56,Winfield
30081,STUYVESANT AND HAINES AVE,40.69931,-74.26599,94,
30086,SAINT GEORGES AVE AT JOHN ST,40.64583,-74.25017000000001,115|48,
30087,STADIUM LOT G-17,40.81638,-74.07613,160|703,
30088,STADIUM LOT G-17,40.81664000000001,-74.07615000000001,160|703,
30108,SPRINGFIELD AVE AT IRVINE TURNER BLVD,40.73447,-74.18892000000001,1|25|361|375|go25,
30117,BALDWIN AVE AT MONTGOMERY ST,40.72364,-74.06425,16|6,Journal Square
30118,BALDWIN AVE AT MONTGOMERY ST,40.7235,-74.06445000000001,16|6,Ocean Avenue
30120,FLORENCE ST 242' E OF CORNELISON AVE,40.72312,-74.0601,16|6,Journal Square
30121,FLORENCE ST 97' E OF CORNELISON AVE,40.72320000000001,-74.06042000000001,16|6,Ocean Avenue
30122,CORNELISON AVE AT WAYNE ST,40.72404,-74.06052000000001,16|6,Journal Square
30123,CORNELISON AVE AT WAYNE ST,40.72376000000001,-74.06095,16|6,Ocean Avenue
30126,MILL RD AT ACADEMY ST,40.72497000000001,-74.06124000000001,16|6,Journal Square
30127,MILL RD AT ACADEMY ST,40.7255,-74.06133000000001,16|6,Ocean Avenue
30128,ACADEMY ST AT BALDWIN AVE,40.72669,-74.06216,16|6,Ocean Avenue
30136,GRAND ST AT COMMUNIPAW AVE,40.7154,-74.0685,6|81,Jersey City
30143,WOOD AVE AT CEDAR LANE,40.64261,-74.27132,56,Elizabeth
30144,16TH AVE AT LITTLETON AVE,40.73463,-74.19809000000001,1,
30157,CLIFTON AVE AT SCRIBNER PL,40.87794,-74.13036000000001,744,Passaic
30159,CLIFTON AVE AT WHITMORE PL,40.87672000000001,-74.13329,744,Passaic
30160,RIVER RD 220' S OF ENTIN RD,40.83179000000001,-74.12293000000001,190,
30167,VALLEY RD AT STANLEY ST,40.8866,-74.17774,192|199|702,Clifton
30168,VALLEY RD AT SKYVIEW TER,40.88682,-74.17778000000001,192|199|702,New York
30187,SEAVIEW DR. EXTENSION 1612' W OF NEW COUNTY RD,40.76860000000001,-74.07601000000001,129|2|78,
30188,SEAVIEW DR. EXTENSION 1980' W OF NEW COUNTY RD,40.76947000000001,-74.07690000000001,129|2|329|78,
30190,LONG ST AT MARTIN LUTHER KING DR,40.70046000000001,-74.09135,87,Hoboken
30218,STUYVESANT AVE AT IVY ST,40.73575,-74.23322,94,
30220,CENTRAL AVE AT SOUTH HACKENSACK AVENUE,40.7256,-74.11155000000001,1,
30221,CENTRAL AVE AT SOUTH HACKENSACK,40.72554,-74.11175,1,
30226,AVE C AT W 4TH ST,40.64991000000001,-74.13025,12|120|81,Jersey City
30227,CENTRAL AVE AT BOORAEM AVE,40.74140000000001,-74.05249,119|87|88,Hoboken
30232,JFK BLVD EAST OF TONNELLE AVE,40.73177,-74.06561,10|119,Bayonne
30253,CLIFTON AVE 150'W OF RANDOLPH AVE,40.87959,-74.12608,744,Paterson
30287,WILLOWBROOK BLVD AT NORTH LEG,40.88822,-74.2522,11|191|195|28|704|705|712,Newark
30292,RIDGE RD AT NEW YORK AVE,40.81151000000001,-74.11655,109|76,Hackensack
30293,ESSEX ST AT UNIVERSITY MEDICAL CTR,40.88301000000001,-74.05759,144|162|163|164|712|780,
30321,UNION AVE AT CHESTNUT ST,40.83035,-74.10315,190,
30323,MARTIN LUTHER KING JR DR AT VIRGINIA AVE,40.71181,-74.07812000000001,87,Jersey City
30339,16TH AVE AT 18TH ST,40.73724,-74.2098,1,
30340,PASSAIC AVE AT KINGSLAND ST,40.82726,-74.14620000000001,74,
30393,CENTRAL AVENUE AT NORFOLK STREET,40.74552000000001,-74.18259,24|44,
30400,JFK BLVD AT 38 TH ST,40.6782,-74.11415000000001,10|119,Jersey City
30428,SPRINGFIELD AVE AT EMILY AVE,40.71736000000001,-74.29006000000001,70,Livingston Mall
30429,SPRINGFIELD AVE AT CHICAGO ST,40.71788,-74.28670000000001,70,Livingston Mall
30430,SPRINGFIELD AVE AT CRESTVIEW AVE,40.71897000000001,-74.28134,70,Newark
30431,SPRINGFIELD AVE AT VALLEY ST,40.71741,-74.29101,70,Newark
30433,WILLOWBROOK BLVD 385' W OF WILLOWBROOK BLVD EXTENS,40.88591,-74.25595000000001,11|191|195|28|704|705|712,Willowbrook
30434,WILLOWBROOK BLVD 385' W OF WILLOWBROOK BLVD EXTENS,40.88609,-74.25602,11|195|28|704|705|712,Newark
30441,CENTRAL AVE AT PAVONIA AVE,40.73265000000001,-74.05928,80|84,
30444,MARGINAL RD AT WILSON AVE,40.81708,-74.1136,191|192|195|199|76,Clifton
30445,MAIN AVE AT PROSPECT ST,40.86115,-74.12651000000001,190|703|74|780,
30474,NEWARK AVE AT MCPHERSON PL,40.73057,-74.05566,80|82|84,
30475,LYLE KING ST 400' W OF MCLESTER ST,40.67889,-74.16002,40,Jersey Gardens
30483,FIRMENICH WAY AT DOREMUS AVE#,40.69935,-74.12969000000001,25,
30492,COMMUNIPAW AVE AT GRAND ST,40.71534,-74.06800000000001,1|6,Journal Square
30496,ROMAR AVE AT PEARSALL AVE,40.69932,-74.09762,80,
30499,FOWLER AVE AT DANFORTH AVE,40.70149000000001,-74.09583,80,
30519,W MARKET ST AT S 11TH ST,40.75401,-74.19511,21|71|73|79,
30520,CLARKSON AVE AT RICHMOND STREET,40.64625,-74.21296000000001,58,Kenilworth
30524,COMMUNIPAW AVE AT SUYDAM AVE,40.70965,-74.06048000000001,16,Journal Square
30525,ESSEX ST AT ROUTE 17 SOUTH EXIT RAMP,40.89223,-74.07348,144|164|712,
30526,COMMUNIPAW AVE AT WOODWARD ST,40.71294,-74.06441000000001,1,
30527,PACIFIC AVE 273' S OF FORREST ST,40.70782000000001,-74.06766,16,Journal Square
30528,PACIFIC AVE AT BRAMHALL AVE,40.70977000000001,-74.06496,16,Journal Square
30529,PACIFIC AVE AT COMMUNIPAW AVE,40.71131,-74.06249000000001,16,Journal Square
30530,JOHNSTON AVE AT MONITOR ST,40.71272,-74.05728,16,Journal Square
30531,PACIFIC AVE AT JOHNSTON AVE,40.71387,-74.05934,1,
30553,FERRY ST AT JEFFERSON ST,40.73091,-74.16108000000001,1|25,
30554,FERRY ST AT JEFFERSON ST,40.7304,-74.16055,1|25,
30557,SIP AVE AT FREEMAN AVE,40.734,-74.07896000000001,119|14,
30558,SIP AVE AT BRYANT AVE,40.73306,-74.0755,119|14,
30559,SIP AVE AT BRYANT AVE,40.7331,-74.07513,14,
30560,SIP AVE AT FREEMAN AVE,40.73412,-74.07935,14,
30567,SCOTLAND RD AT TREMONT AVE,40.76099000000001,-74.2476,92,
30596,ESSEX ST AT ROUTE 17 SOUTH EXIT RAMP,40.89211,-74.07292000000001,144|164|712,
30599,WOOD AVE AT GESNER ST,40.63616,-74.26272,56,Winfield
30632,BROAD ST AT CAMP ST,40.7269,-74.17704,13|24|27|30|319|39|40|41|59|62|66|67|go28,Broad Street
30633,BLOOMFIELD AVE AT CRITTENDEN ST,40.75564000000001,-74.17262000000001,11|27|28|29|72|go28,
30634,BLOOMFIELD AVE AT CLIFTON AVE,40.75967,-74.17583,go28,
30635,BLOOMFIELD AVE AT NORTH 11TH ST,40.77342,-74.18516000000001,11|28|29|72|go28,
30636,CENTRAL AVENUE AT NORFOLK STREET,40.74564,-74.18256000000001,24|44,
30641,MEADOWLANDS PKWY AT AMERICAN WAY,40.78497,-74.0764,129|329|78,
30643,BREWSTER RD 350'S OF AIRIS DR,40.70777,-74.16479000000001,37|go28,
30648,CLINTON AVE AT COIT ST,40.72447,-74.22206,13|27,
30697,BREWSTER RD AT BLDG 344,40.70783,-74.17228,37|go28,
30779,CHESTNUT ST AT NEW JERSEY AVE,40.67792,-74.26809,94,
30780,MORRIS AVE AT SPRUCE ST,40.70248,-74.28998,114|52|66,New York
30781,NORFOLK ST AT BOND ST,40.74545000000001,-74.18338,99,
30785,HARMON COVE TOWNHOUSES (CLUB HOUSE)#,40.78987,-74.0751,329,
30786,ELM ST AT BELLVILLE TPKE#,40.7784,-74.13252,40,Jersey Gardens
30849,COMMUNIPAW JUNCTION,40.70885000000001,-74.05845000000001,,
30853,FERRY ST AT COURTLAND PL,40.73188,-74.13966,1|108,
30885,WATSESSING AVE AT ARLINGTON AVE,40.78299000000001,-74.19455,94,
30886,PACIFIC AVE AT BARBARA PL,40.71561000000001,-74.05665,1|16,Journal Square
30887,PACIFIC AVE AT BARBARA PL,40.71548000000001,-74.05705,1|16,Newport Mall
30888,PACIFIC AVE AT ASH ST,40.71474000000001,-74.05785,1|16,Journal Square
30889,PACIFIC AVE AT ASH ST,40.715,-74.05775000000001,1|16,Newport Mall
30890,PACIFIC AVE AT COMMUNIPAW AVE,40.71161,-74.06225,1,
30923,POLITO AVE AT RUTHERFORD AVE#,40.80995,-74.10368000000001,192,Clifton
30940,S 12TH ST AT CENTRAL AVE,40.74916,-74.19843,5,
30943,PARK AVE AT TONTINE AVE,40.81728,-74.13003,192|199,New York
30944,PARK AVE AT COURT AVE,40.81821,-74.12767000000001,192|199,New York
30945,PARK AVE AT LAKE AVE,40.81946000000001,-74.12444,192|199,New York
30946,PARK AVE AT LAKE AVE,40.81962,-74.12434,192|199,Clifton
30947,PARK AVE AT COURT AVE,40.81839,-74.12750000000001,192|199,Clifton
30948,PARK AVE AT TONTINE AVE,40.81745,-74.12991000000001,192|199,Clifton
30949,RIVERSIDE AVE AT FERN AVE,40.81509,-74.13387,192|199,Clifton
30969,PATH STATION,40.73814,-74.15543000000001,40,Kearny
30970,PATH STATION,40.73888,-74.15572,40,Jersey Gardens
30972,COUNTY RD 688'N OF TONNELLE AVE,40.75066,-74.06187,2,
30973,COUNTY RD 622'N OF TONNELLE AVE,40.75066,-74.06197,2,
31012,CHESTNUT ST AT COLONIAL AVE,40.68476,-74.26926,94,
31014,STANLEY TER AT KENNETH AVE N,40.71475,-74.26843000000001,94,
31062,FERRY ST AT POLK ST,40.72851,-74.15661,1|25,
31101,MONTGOMERY ST AT BALDWIN AVE,40.72393,-74.06433000000001,9,Montgomery St
31102,CENTRAL AVE AT FRANKLIN ST,40.7435,-74.05107000000001,119|88,
31107,BOULEVARD AT BEECH ST,40.85869,-74.13782,707,Paramus
31108,BOULEVARD AT BEECH ST,40.85870000000001,-74.13815000000001,707,Paterson
31109,OAK ST AT PAULISON AVE,40.86153,-74.13839,707,Paterson
31110,PAULISON AVE AT OAK ST,40.86201000000001,-74.13834,707,Paramus
31115,MOONACHIE AVE AT GRAND ST,40.84127,-74.07324000000001,144|76,
31118,AVE C AT NORTH ST,40.65438,-74.12914,120|81,Bayonne
31126,STUYVESANT AVE AT UNDERWOOD ST,40.73753000000001,-74.23203000000001,94,
31129,BROAD ST AT BROADACRES DR,40.84,-74.18442,72,
31140,NORTH AVE AT KILSYTH RD,40.68156,-74.20974000000001,112,New York
31161,AVE C AT W 1OTH ST,40.65627000000001,-74.12793,120|81,Jersey City
31162,AVE C AT W 10TH ST,40.65648,-74.12798000000001,120|81,Bayonne
31163,8TH ST AT AVE C,40.6549,-74.12888000000001,120|81,Jersey City
31168,NJ RT 440 AT DANFORTH AVE (SOCIETY HILL),40.70565000000001,-74.10003,14|80|9,
31176,BERGEN AVE AT OAK ST,40.71507,-74.07973000000001,8,
31184,PACIFIC AVE AT CARTERET AVE,40.70683,-74.06904,16,Journal Square
31207,CLINTON AVE AT NAIRN PL,40.72298000000001,-74.20840000000001,13,Broad Street
31218,MEADOWLANDS PKWY AT BROADCAST PLZ,40.7954,-74.06876000000001,129|78,
31246,US-46 AT MONEY ST,40.88099,-74.08129000000001,151|161,
31249-..,IRVINGTON BUS TERMINAL,40.72628,-74.22717,107,Irvington
31249-C,IRVINGTON BUS TERMINAL,40.72628,-74.22717,107|37|90,Irvington
31250-..,IRVINGTON BUS TERMINAL,40.72617,-74.22724000000001,26|27,
31250-D,IRVINGTON BUS TERMINAL,40.72617,-74.22724000000001,26|27,
31251-..,IRVINGTON BUS TERMINAL,40.72659,-74.22724000000001,go25,
31251-A,IRVINGTON BUS TERMINAL,40.72659,-74.22724000000001,107,New York
31271,AMERICAN DREAM,40.81079,-74.06714000000001,355|703|772|85,
31299,PASSAIC ST AT WESTMINSTER PL,40.8684,-74.1006,709,
31301,NEWARK AVE AT OAKLAND AVE COUNTY BUILDING,40.73261,-74.05747000000001,80|82|84,
31332,LISTER AVE AT ESTHER ST,40.73869000000001,-74.13466000000001,1,
31333,LISTER AVE AT ESTHER ST,40.73882,-74.13436,1,
31334,ESTHER ST AT ALBERT AVE,40.73714,-74.13409,1,
31364,NORTH ST AT HOLLISTER RD,40.86604000000001,-74.05460000000001,165,New York
31365,NORTH ST AT HOLLISTER RD,40.86628,-74.05486,161|165,
31366,NORTH ST 389'W OF HUYLER ST,40.86356000000001,-74.05008000000001,161|165,
31367,NORTH ST 389'W OF HUYLER ST,40.86371,-74.05016,161|165,
31369,INDUSTRIAL AVE 998'N OF MALCOLM AVE,40.85633,-74.06400000000001,144|76,
31371,SALEM RD AT GALLOPING HILL RD,40.6769,-74.26623000000001,113,New York
31374,PASSAIC ST AT PALISADE AVE#,40.86592,-74.10676000000001,161,
31377,CLIFTON AVE AT FLEISCHER PL,40.87926,-74.12723000000001,744,Passaic
31413,UNION AVE AT LEHIGH PL,40.71637,-74.23752,26,Elizabeth
31441,NEWARK PENN STATION - RAYMOND PLAZA WEST,40.73492,-74.16444,21|29|30|39|41|44|62|66|72|76,Newark
31442,IRVINGTON AVE 92'S OF PUTNAM ST,40.73261,-74.24448000000001,107|37,New York
31449,CLINTON AVE AT AVON AVE,40.72319,-74.18796,13,Clinton Avenue
31455,JFK BLVD AT W 44TH ST,40.68197000000001,-74.11142000000001,10|119,Jersey City
31470,BROADWAY AT 54TH STREET,40.68545,-74.09998,12|6|8,
31485,PASSAIC ST AT SUMMIT AVE,40.89741,-74.05284,162|175|770,Ridgewood
31491,NORTHFIELD AVE AT GREGORY AVE,40.77674,-74.25216,73,
31494,TRENTON AVE AT MICHIGAN AVE,40.89668,-74.14636,703,
31499,MAIN AVE AT ALLWOOD RD,40.83267,-74.14003000000001,27|74,
31504,LISTER AVE 550'W OF CORNELIA ST,40.73792,-74.13879,1,
31505,LISTER AVE 550'W OF CORNELIA ST,40.7379,-74.13924,1,
31506,PASSAIC (TERHUNE) AVE AT ROOSEVELT AVE,40.86305,-74.09053,780,
31575,BROADWAY AT E 34TH ST,40.67301,-74.11042,12,
31584,CENTRAL AVE 175'S OF FORD LANE,40.72719,-74.11071000000001,1,
31591,JFK BLVD 50'N OF BAYVIEW AVENUE,40.70918,-74.08579,10|119,Jersey City
31592,JFK BLVD AT BAYVIEW AVE,40.70899,-74.08618000000001,10|119,Bayonne
31594,JFK BLVD AT W 7TH STREET,40.65297,-74.13506000000001,10|119,Jersey City
31595,JFK BLVD AT W 6TH STREET,40.65214,-74.13543,10|119,Bayonne
31596,JFK BLVD AT W 4TH STREET,40.6504,-74.13641000000001,10|119,Bayonne
31599,DUNCAN AVE AT WEST SIDE AVE,40.72689,-74.07688,14,
31600,DUNCAN AVE AT MALLORY AVE,40.72854,-74.0806,14,
31608,N 5TH ST AT VICTOR ST#,40.89604000000001,-74.1002,707,Paramus
31609,CROOKS AVE AT MAIN AVE#,40.88971,-74.15442,722,Paterson
31614,VALLEY RD AT WATCHUNG AVE#,40.83225,-74.20928,101|28,
31615,VALLEY RD AT GORDONHURST AVE#,40.83451,-74.20697000000001,101|28,
31616,VALLEY RD AT WILDWOOD AVE#,40.83671,-74.20659,101|28,
31617,VALLEY RD AT MARION RD#,40.84735000000001,-74.20486000000001,101|28,
31618,VALLEY RD AT WELLESLEY RD#,40.8501,-74.20283,101|28,
31619,VALLEY RD AT ALVIN PL,40.83657,-74.20672,101|28,
31620,VALLEY RD AT EMERSON PL#,40.85029,-74.20289000000001,101|28,
31621,VALLEY RD AT GORDONHURST AVE#,40.83443,-74.20722,101|28,
31622,WATCHUNG AVE AT VALLEY RD#,40.83184000000001,-74.20937,101|28,
31623,ORANGE RD AT BROOKLAWN RD,40.78952,-74.21909000000001,34,
31624,ORANGE RD AT PLEASANT WAY,40.79158,-74.21915,34,
31626,ORANGE RD WEST 220'N OF LINDEN AVE,40.79600000000001,-74.21918000000001,34,
31627,ORANGE RD AT PLEASANT WAY,40.79131,-74.21936000000001,34,
31628,ORANGE RD 60'N OF BROOKLAWN RD,40.78946000000001,-74.21926,34,
31629,VALLEY RD AT VALLEY PL#,40.84716,-74.20519,101|28,
31632,IRVINGTON AVE 1000'N OF MANOR DR,40.73676,-74.25112,107,Irvington
31633,SANFORD AVE AT LENOX ST,40.73933,-74.23498000000001,1|361,
31641,BLOOMFIELD AVE AT ROSELAND AVE,40.83926,-74.27527,105|29,
31650,HOLLISTER RD 75'S OF NORTH ST,40.86572,-74.05464,161,
31652,HOLLISTER RD AT US-46,40.86253000000001,-74.05785,161,
31668,MANHATTAN AVE AT LIBERTY AVE,40.74591,-74.05930000000001,2,
31689,GRAND ST AT GARFIELD AVE,40.71587,-74.06654,81,Jersey City
31692,ELIZABETH AVE AT STANTON ST,40.71749000000001,-74.19043,27|39|59|65|66,
31731-..,JOURNAL SQUARE TRANSPORTATION CENTER,40.7321,-74.06227000000001,10|119|14|8|80|87,Jersey City
31731-B_1,JOURNAL SQUARE TRANSPORTATION CENTER,40.7321,-74.06227000000001,,
31731-B_2,JOURNAL SQUARE TRANSPORTATION CENTER,40.7321,-74.06227000000001,,
31731-B_3,JOURNAL SQUARE TRANSPORTATION CENTER,40.7321,-74.06227000000001,,
31731-B_4,JOURNAL SQUARE TRANSPORTATION CENTER,40.7321,-74.06227000000001,,
31731-SIP_AVE,JOURNAL SQUARE TRANSPORTATION CENTER,40.7321,-74.06227000000001,,
31732-..,JOURNAL SQUARE TRANSPORTATION CENTER,40.73205,-74.06200000000001,10|87,Hoboken
31732-B_1,JOURNAL SQUARE TRANSPORTATION CENTER,40.73205,-74.06200000000001,,
31732-B_2,JOURNAL SQUARE TRANSPORTATION CENTER,40.73205,-74.06200000000001,,
31732-D_1,JOURNAL SQUARE TRANSPORTATION CENTER,40.73205,-74.06200000000001,,
31750,CAESAR PL 200'N OF W COMMERCIAL AVE,40.83684,-74.06702,144|703|76|772,
31753,RIVERSIDE AVE AT FERN AVE,40.81485,-74.13396,192|199,New York
31756,JFK BLVD AT WINFIELD AVE,40.69698,-74.09756,10|119,Jersey City
31816,VETERANS ADM HOSPITAL#,40.75327,-74.23632,97,Montclair
31872,FRELINGHUYSEN AVE AT MEEKER AVE,40.70256000000001,-74.19523000000001,24,
31884,W PEDDIE ST AT JOHNSON AVE,40.71345,-74.19481,27,
31887,W PEDDIE ST AT JELLIFF AVE,40.71481,-74.19941,27,
31890,NEWARK PENN STATION,40.73493000000001,-74.164,108|11|21|28|29|30|319|39|41|44|5|62|67|70|71|72|73|76|78|79,
31892,EXPORT ST AT TYLER ST#,40.69,-74.14356000000001,40,Kearny
31894,MARSH ST AT MARITIME ST#,40.69422,-74.14872000000001,40,Kearny
31895,MARSH ST AT COASTWISE ST#,40.69318000000001,-74.14564,40,Kearny
31912,HAWTHORNE AVE AT WAINWRIGHT ST,40.71986,-74.21545,27,
31930,PARK AVE AT RUTHERFORD AVE,40.82067,-74.12169,192|199,Clifton
31931,MURRAY HILL PKWY AT EAST UNION AVE,40.82238,-74.08897,76,Hackensack
31932,MURRAY HILL PKWY AT EAST UNION AVE,40.82251,-74.08859000000001,76,Newark
31940,NEW GRANDSTAND ENTRANCE,40.82081,-74.07153000000001,160|703,
31948,LAKESIDE AVE AT MORNINGSIDE RD,40.82533,-74.25,29,
31949,PLEASANT VALLEY WAY AT ROSEMONT TER,40.81959000000001,-74.25370000000001,29,
31950,PLEASANT VALLEY WAY AT WOODLAND AVE,40.81542,-74.25727,29,
31951,PLEASANT VALLEY WAY AT WOODLAND AVE,40.81547,-74.25694,29,
32033,MARGINAL RD AT COLLEGE PL,40.82062000000001,-74.11923,191|192|195|199|76,Clifton
32046,OCEAN AVE AT KEARNEY AVE,40.70929,-74.07655000000001,6|81,Jersey City
32047,OCEAN AVE AT CARTERET AVE,40.70984,-74.0764,6|81,Bayonne
32089,WASHINGTON AVE AT ROAD A,40.81857,-74.06502,161|703|772,
32090,WASHINGTON AVE AT ROAD A,40.8186,-74.06512000000001,161|772,
32095,HACKENSACK ST 130'N OF PATERSON AVE,40.83314,-74.09447,76,Newark
32096,GREGORY AVE AT PENNINGTON AVE,40.85607,-74.12472000000001,703|780,
32097,HACKENSACK ST AT WINTER PL,40.82673,-74.099,76,Hackensack
32098,HACKENSACK ST AT WINTER PL,40.82693,-74.09875000000001,76,Newark
32111,OLD SHORT HILLS RD 180'S OF EAST NORTHFIELD RD,40.76955,-74.29967,73,
32112,OLD SHORT HILLS RD 220'S OF EAST NORTHFIELD RD,40.76918000000001,-74.29998,73,
32113,NORTHFIELD AVE AT DOGWOOD RD,40.76952,-74.29785000000001,73,
32118,PASSAIC ST AT AVALON DR,40.86222,-74.08916,780,
32216,BERGEN AVE AT ACADEMY ST,40.72955,-74.06592,8|80|87,Jersey City
32311,SAINT GEORGES AVE AT MAPLE AVE,40.60676,-74.28778000000001,115,New York
32312,ROSE AVE AT OLD BERGEN ROAD,40.69825,-74.09230000000001,87,Jersey City
32363,MIDLAND AVE AT DAVIS AVE#,40.76811,-74.14013,40,Jersey Gardens
32400,PATERSON AVE AT RANDOLPH AVE,40.83804000000001,-74.09988000000001,160|163|164|703,Ridgewood
32410,BERGEN ST AT HAWTHORNE PL,40.71262,-74.20454000000001,39|99,Irvington
32419,WESTFIELD AVE AT JEROME ST.,40.65917,-74.28153,113,New York
32420,WESTFIELD AVE AT VALLEY ROAD,40.65929000000001,-74.28229,113,Dunellen
32440,S 10TH ST AT CENTRAL AVE,40.74884,-74.19646,34|96,
32468-..,SECAUCUS JUNCTION BUS PLAZA,40.76199,-74.07357,,
32468-3,SECAUCUS JUNCTION BUS PLAZA,40.76199,-74.07357,78,Secaucus
32469-..,SECAUCUS JUNCTION BUS PLAZA,40.76175000000001,-74.07416,,
32469-4,SECAUCUS JUNCTION BUS PLAZA,40.76175000000001,-74.07416,124,Secaucus
32470-..,SECAUCUS JUNCTION BUS PLAZA,40.76159000000001,-74.07454000000001,,
32470-5,SECAUCUS JUNCTION BUS PLAZA,40.76159000000001,-74.07454000000001,329,
32471-..,SECAUCUS JUNCTION BUS PLAZA,40.76150000000001,-74.07465,,
32471-6,SECAUCUS JUNCTION BUS PLAZA,40.76150000000001,-74.07465,129,
32472,SECAUCUS JUNCTION BUS PLAZA,40.76146000000001,-74.07487,2,
32480,PASSAIC VALLEY HIGH SCHOOL,40.87733,-74.21684,191|28|704|705,
32481,RUTHERFORD AVE 350'W OF SUMMIT AVE,40.81581000000001,-74.11247,109|191|192|195|199,Clifton
32483,HARRISON AVE AT TICHENOR PL,40.79920000000001,-74.22624,101|97,East Orange
32484,HARRISON AVE AT UNION ST,40.81073000000001,-74.22275,101|97,Montclair
32524,HARRISON AVE AT LLEWELLYN RD,40.80363000000001,-74.22499,101|97,East Orange
32594,SAINT GEORGES AVE AT UNION ST,40.61701,-74.28424000000001,115,New York
32595,SAINT GEORGES AVE AT BILLY CT,40.62055,-74.28117,115,Rahway
32628,MARKET ST AT PASSAIC ST#,40.86191,-74.11619,707,Paramus
32629,MARKET ST AT PASSAIC ST#,40.86191,-74.11625000000001,707,Paterson
32660,ELIZABETH AVE 536'N OF DONALDSON PL.,40.62808,-74.25500000000001,115|94,
32661,SAINT GEORGES AVE AT BALDWIN AVE,40.63948000000001,-74.26244000000001,115|48,
32664,WILSON AVE AT DOREMUS AVE,40.71344000000001,-74.13094000000001,25|375,
32668,BROADWAY AT 55TH STREET,40.68612,-74.09960000000001,6|8,
32682,WOOD AVE AT WOOD PLACE,40.62794,-74.24639,56|57,
32683,POMPTON AVE 185'N OF COMMERCE RD,40.86673,-74.23423000000001,11|195,Newark
32688,NORMAL AVE AT UPPER MOUNTAIN AVE,40.8583,-74.20376,191|28|705,
32691,FRANK RODGERS BLVD AT CLEVELAND AVE#,40.75016,-74.15706,109,
32721,CHANCELLOR AVE AT WOOLSEY ST,40.71302,-74.22852,13|39|90|96,Newark
32741,NEWARK AVE AT PAVONIA AVE#,40.72919,-74.05509,80|82|86,
32845,WASHINGTON AVE AT BARELL AVE,40.82479,-74.05849,161|772,
32850,POLIFLY RD AT CHARLES ST,40.87644,-74.05881000000001,144|162|163|164|76,Hackensack
32959,WASHINGTON AVE AT JOMIKE CT,40.82255000000001,-74.06072,161|703|772,
32979,LOCUST AVE AT STRONG ST,40.85417,-74.11002,160,
32992,E MT PLEASANT AVE AT LAFAYETTE DR,40.79545,-74.29127000000001,71,Newark
32993,E MT PLEASANT AVE AT CHELSEA DR,40.79563,-74.29194000000001,71,West Caldwell
33048,RIVER DR AT KENSINGTON TER,40.83999,-74.12554,190,
33064,15TH AVE AT BRUCE ST,40.73532,-74.19172,1,
33065,15TH AVE AT BRUCE ST,40.73532,-74.19173,1,
33115,CHANCELLOR AVE AT RUTGERS ST,40.71615000000001,-74.23895,39|90,Newark
33128,SOUTH ORANGE AVE AT VERMONT AVE,40.74499,-74.22084000000001,31,Newark Penn Station
33141,DELAWANNA AVE AT MAIN AVE,40.835,-74.13782,190|74,
33143,LEGACY SQUARE NORTH 70'N OF PLEASANT STREET,40.61651000000001,-74.25407000000001,57,
33152,LINDEN PLAZA (AT SUPERMARKET)#,40.61343,-74.25315,57,
33186,BROAD ST AT JERSEY ST,40.66540000000001,-74.21527,62,Newark
33190,TERMINAL A,40.68496,-74.18877,107|37|62|67|go28,Elizabeth
33202,AVENUE P 300'N OF WILSON AVE,40.71541000000001,-74.13456000000001,25,
33203,DOREMUS AVE AT ROANOKE AVE,40.72675,-74.12287,25,
33204,18TH AVE AT WEST END AVE,40.73843,-74.22589,1|361,
33207,SOUTH ORANGE AVE AT HOWARD ST,40.73676,-74.18297000000001,31,South Orange Avenue
33214,IRVINGTON AVE AT EDER TER,40.73779,-74.25160000000001,107,New York
33217,PASSAIC ST AT 6TH ST,40.8624,-74.1127,161|709|758,
33218,DOVER STREET LOOP#,40.74543000000001,-74.23616000000001,31,Newark Penn Station
33219,DOVER STREET LOOP,40.74566,-74.23635,31,South Orange Avenue
33222,HUDSON MALL ENTRANCE#,40.72071,-74.09522000000001,14,
33223,STADIUM PLAZA SHOPPING CTR#,40.70978,-74.10195,14,
33225,RAYMOND BLVD AT COMMERCE CT,40.73713,-74.1697,39|40|44|62|66,Elizabeth
33229,MALLORY AVE AT YALE AVE,40.71684,-74.09048,14,
33230,MALLORY AVE AT EGE AVE,40.718,-74.08947,14,
33231,MALLORY AVE AT CLENDENNY AVE,40.72066,-74.08698000000001,14,
33233,MALLORY AVE AT UNION ST,40.72052,-74.08734000000001,14,
33234,MALLORY AVE AT EGE AVE,40.71822,-74.08944000000001,14,
33236,W PASSAIC AVE AT BARNETT ST,40.83513000000001,-74.17245000000001,102,Bloomfield
33237,W PASSAIC AVE AT LINDBERGH BLVD,40.83417,-74.1786,102,Bloomfield
33238,BROAD ST AT HIGHFIELD RD,40.82991000000001,-74.18519,102|72,
33239,RUTGERS ST AT CORTLANDT ST,40.78709000000001,-74.15051000000001,109,
33240,RUTGERS ST AT CORTLANDT ST,40.78698,-74.15053,109,
33241,BELLEVILLE AVE AT DEWITT AVE,40.78705,-74.15764,109,
33243,SANFORD ST AT TREMONT AVE,40.75256,-74.2295,44|97,
33244,PENNSYLVANIA AVE AT EMMET ST,40.72101000000001,-74.18248000000001,24,
33247,WEST SIDE AVE AT STUYVESANT AVE,40.73097000000001,-74.07354000000001,1|80,
33277,SOUTH ORANGE AVE AT SUNNYSIDE TER,40.74583000000001,-74.2249,31,South Orange Avenue
33343,GARFIELD AVE AT GATES AVE,40.69005000000001,-74.09527,8,
33344,GARFIELD AVE AT GATES AVE,40.6899,-74.09595,8,
33360,CAESAR PL AT W COMMERCIAL AVE,40.83637,-74.06735,144|76|772,
33395,STUYVESANT AVE AT FLEETWOOD PL,40.71445000000001,-74.25332,94,
33396,ORIENT WAY AT VAN RIPER AVE,40.81502,-74.1085,190,
33406,POMPTON AVE AT MYRTLE AVE,40.85563,-74.23033000000001,11|195,Willowbrook
33409,JOHNSTON AVE AT MONITOR ST,40.71222,-74.05688,16,Newport Mall
33410,LIBERTY STATE PARK - PARK & RIDE,40.71027,-74.0565,16,Newport Mall
33411,PACIFIC AVE AT BRAMHALL AVE,40.70978,-74.06508000000001,16,Newport Mall
33412,PACIFIC AVE AT CARTERET AVE,40.70678,-74.06931,16,Newport Mall
33413,GARFIELD AVE AT CLAREMONT AVE,40.70657000000001,-74.07323000000001,16,Newport Mall
33414,GARFIELD AVE AT BRAMHALL AVE,40.71222,-74.06874,16,Newport Mall
33415,GARFIELD AVE 35'S OF HARMON ST,40.71422,-74.06745000000001,16,Newport Mall
33427,BROADWAY AT LAFAYETTE AVE,40.85761,-74.13263,709,
33438,LEXINGTON AVE AT PRESIDENT ST,40.87096901021329,-74.12866633146014,703|705,
33441,BERGEN ST AT AVON AVE/AVON AVE AT HUNTERDON ST,40.725,-74.19745,70|99,
33483,BROAD ST AT ELMBROOK PL,40.84135000000001,-74.18321,72,
STN-17843,IRVINGTON BUS TERMINAL,40.72663,-74.22710000000001,,
STN-17869,IRVINGTON BUS TERMINAL,40.7266,-74.22741,,
STN-18326,BROAD ST AT BRANFORD PL/EDISON PL,40.73461,-74.17249000000001,,
STN-18327,BROAD ST AT MARKET ST,40.73540000000001,-74.17207,,
STN-18333,BROAD ST ACROSS FROM NJT STATION,40.74729000000001,-74.17042000000001,,
STN-18338,BROAD ST AT LACKAWANNA AVE,40.7471,-74.17057000000001,,
STN-18348,BROAD ST AT MARKET ST,40.73576000000001,-74.17216,,
STN-18349,BROAD ST AT BRANFORD PL/EDISON PL,40.73498,-74.17264,,
STN-18730,MARKET ST AT BROAD ST,40.73559,-74.17238,,
STN-18733,EASTBOUND MARKET ST UNDER BRIDGE,40.73378,-74.16446,,
STN-18741,MARKET ST BUS LANE AT RAYMOND PLAZA W,40.73409,-74.16461000000001,,
STN-18743,MARKET ST AT BROAD ST,40.73581,-74.1727,,
STN-18744,MARKET ST AT HALSEY ST,40.73605000000001,-74.17351000000001,,
STN-18835,BUS LANES (RAYMOND BLVD SIDE),40.73454,-74.16328,,
STN-18857,RAYMOND BLVD AT RAYMOND PLAZA EAST,40.73468,-74.16263000000001,,
STN-19046,UNIVERSITY AVE AT LACKAWANNA AVE,40.74724000000001,-74.17118,,
STN-20883,JOURNAL SQUARE TRANSPORTATION CENTER,40.73205,-74.06202,,
STN-26640,ALLWOOD PARK & RIDE,40.85354,-74.17478000000001,,
STN-26655,ALLWOOD PARK & RIDE,40.85391000000001,-74.17502,,
STN-27853,WILLOWBROOK PARK & RIDE,40.88535,-74.25832000000001,,
STN-27854,WILLOWBROOK MALL SHOPPERS STOP,40.88727,-74.26139,,
STN-27855,WILLOWBROOK MALL SHOPPERS STOP,40.88705,-74.26103,,
STN-27856,WILLOWBROOK MALL SHOPPERS STOP,40.88716,-74.26122000000001,,
STN-31249,IRVINGTON BUS TERMINAL,40.72628,-74.22717,,
STN-31250,IRVINGTON BUS TERMINAL,40.72617,-74.22724000000001,,
STN-31251,IRVINGTON BUS TERMINAL,40.72659,-74.22724000000001,,
STN-31731,JOURNAL SQUARE TRANSPORTATION CENTER,40.7321,-74.06227000000001,,
STN-31732,JOURNAL SQUARE TRANSPORTATION CENTER,40.73205,-74.06200000000001,,
STN-32468,SECAUCUS JUNCTION BUS PLAZA,40.76199,-74.07357,,
STN-32469,SECAUCUS JUNCTION BUS PLAZA,40.76175000000001,-74.07416,,
STN-32470,SECAUCUS JUNCTION BUS PLAZA,40.76159000000001,-74.07454000000001,,
STN-32471,SECAUCUS JUNCTION BUS PLAZA,40.76150000000001,-74.07465,,
