name,agency,code,routes,toward
Astoria-Ditmars Blvd,mta,R01,N|W,
Astoria Blvd,mta,R03,N|W,
30 Av,mta,R04,N|W,
Broadway,mta,R05,N|W,
36 Av,mta,R06,N|W,
39 Av-Dutch Kills,mta,R08,N|W,
Lexington Av/59 St,mta,R11,N|R|W,
5 Av/59 St,mta,R13,N|R|W,
57 St-7 Av,mta,R14,N|Q|R|W,
49 St,mta,R15,N|R|W,
Times Sq-42 St,mta,R16,N|Q|R|W,
34 St-Herald Sq,mta,R17,N|Q|R|W,
28 St,mta,R18,R|W,
23 St,mta,R19,R|W,
14 St-Union Sq,mta,R20,N|Q|R|W,
8 St-NYU,mta,R21,R|W,
Prince St,mta,R22,R|W,
Canal St,mta,R23,R|W,
Canal St,mta,Q01,N|Q,
City Hall,mta,R24,R|W,
Cortlandt St,mta,R25,R|W,
Rector St,mta,R26,R|W,
Whitehall St-South Ferry,mta,R27,R|W,
Court St,mta,R28,R,
Jay St-MetroTech,mta,R29,R,
DeKalb Av,mta,R30,B|Q|R,
Atlantic Av-Barclays Ctr,mta,R31,D|N|R,
Union St,mta,R32,R,
4 Av-9 St,mta,R33,R,
Prospect Av,mta,R34,R,
25 St,mta,R35,R,
36 St,mta,R36,D|N|R,
45 St,mta,R39,R,
53 St,mta,R40,R,
59 St,mta,R41,N|R,
Bay Ridge Av,mta,R42,R,
77 St,mta,R43,R,
86 St,mta,R44,R,
Bay Ridge-95 St,mta,R45,R,
Atlantic Av-Barclays Ctr,mta,D24,B|Q,
7 Av,mta,D25,B|Q,
Prospect Park,mta,D26,B|Q|S,
Parkside Av,mta,D27,Q,
Church Av,mta,D28,B|Q,
Beverley Rd,mta,D29,Q,
Cortelyou Rd,mta,D30,Q,
Newkirk Plaza,mta,D31,B|Q,
Avenue H,mta,D32,Q,
Avenue J,mta,D33,Q,
Avenue M,mta,D34,Q,
Kings Hwy,mta,D35,B|Q,
Avenue U,mta,D37,Q,
Neck Rd,mta,D38,Q,
Sheepshead Bay,mta,D39,B|Q,
Brighton Beach,mta,D40,B|Q,
Ocean Pkwy,mta,D41,Q,
W 8 St-NY Aquarium,mta,D42,F|Q,
Coney Island-Stillwell Av,mta,D43,D|F|N|Q,
9 Av,mta,B12,D,
Fort Hamilton Pkwy,mta,B13,D,
50 St,mta,B14,D,
55 St,mta,B15,D,
62 St,mta,B16,D,
71 St,mta,B17,D,
79 St,mta,B18,D,
18 Av,mta,B19,D,
20 Av,mta,B20,D,
Bay Pkwy,mta,B21,D,
25 Av,mta,B22,D,
Bay 50 St,mta,B23,D,
8 Av,mta,N02,N,
Fort Hamilton Pkwy,mta,N03,N,
New Utrecht Av,mta,N04,N,
18 Av,mta,N05,N,
20 Av,mta,N06,N,
Bay Pkwy,mta,N07,N,
Kings Hwy,mta,N08,N,
Avenue U,mta,N09,N,
86 St,mta,N10,N,
121 St,mta,J12,J|Z,
111 St,mta,J13,J,
104 St,mta,J14,J|Z,
Woodhaven Blvd,mta,J15,J|Z,
85 St-Forest Pkwy,mta,J16,J,
75 St-Elderts Ln,mta,J17,J|Z,
Cypress Hills,mta,J19,J,
Crescent St,mta,J20,J|Z,
Norwood Av,mta,J21,J|Z,
Cleveland St,mta,J22,J,
Van Siclen Av,mta,J23,J|Z,
Alabama Av,mta,J24,J|Z,
Broadway Junction,mta,J27,J|Z,
Chauncey St,mta,J28,J|Z,
Halsey St,mta,J29,J,
Gates Av,mta,J30,J|Z,
Kosciuszko St,mta,J31,J,
Myrtle Av,mta,M11,J|Z|M,
Flushing Av,mta,M12,J|M,
Lorimer St,mta,M13,J|M,
Hewes St,mta,M14,J|M,
Marcy Av,mta,M16,J|Z|M,
Delancey St-Essex St,mta,M18,J|Z|M,
Bowery,mta,M19,J|Z,
Canal St,mta,M20,J|Z,
Chambers St,mta,M21,J|Z,
Fulton St,mta,M22,J|Z,
Broad St,mta,M23,J|Z,
Middle Village-Metropolitan Av,mta,M01,M,
Fresh Pond Rd,mta,M04,M,
Forest Av,mta,M05,M,
Seneca Av,mta,M06,M,
Myrtle-Wyckoff Avs,mta,M08,M,
Knickerbocker Av,mta,M09,M,
Central Av,mta,M10,M,
8 Av,mta,L01,L,
6 Av,mta,L02,L,
14 St-Union Sq,mta,L03,L,
3 Av,mta,L05,L,
1 Av,mta,L06,L,
Bedford Av,mta,L08,L,
Lorimer St,mta,L10,L,
Graham Av,mta,L11,L,
Grand St,mta,L12,L,
Montrose Av,mta,L13,L,
Morgan Av,mta,L14,L,
Jefferson St,mta,L15,L,
DeKalb Av,mta,L16,L,
Myrtle-Wyckoff Avs,mta,L17,L,
Halsey St,mta,L19,L,
Wilson Av,mta,L20,L,
Bushwick Av-Aberdeen St,mta,L21,L,
Broadway Junction,mta,L22,L,
Atlantic Av,mta,L24,L,
Sutter Av,mta,L25,L,
Livonia Av,mta,L26,L,
New Lots Av,mta,L27,L,
East 105 St,mta,L28,L,
Canarsie-Rockaway Pkwy,mta,L29,L,
Franklin Av,mta,S01,S,
Park Pl,mta,S03,S,
Botanic Garden,mta,S04,S,
Inwood-207 St,mta,A02,A,
Dyckman St,mta,A03,A,
190 St,mta,A05,A,
181 St,mta,A06,A,
175 St,mta,A07,A,
168 St,mta,A09,A|C,
163 St-Amsterdam Av,mta,A10,C,
155 St,mta,A11,C,
145 St,mta,A12,A|C,
145 St,mta,D13,B|D,
135 St,mta,A14,B|C,
125 St,mta,A15,A|C|B|D,
116 St,mta,A16,B|C,
Cathedral Pkwy (110 St),mta,A17,B|C,
103 St,mta,A18,B|C,
96 St,mta,A19,B|C,
86 St,mta,A20,B|C,
81 St-Museum of Natural History,mta,A21,B|C,
72 St,mta,A22,B|C,
59 St-Columbus Circle,mta,A24,A|C|B|D,
50 St,mta,A25,C|E,
42 St-Port Authority Bus Terminal,mta,A27,A|C|E,
34 St-Penn Station,mta,A28,A|C|E,
23 St,mta,A30,C|E,
14 St,mta,A31,A|C|E,
W 4 St-Wash Sq,mta,A32,A|C|E,
W 4 St-Wash Sq,mta,D20,B|D|F|M,
Spring St,mta,A33,C|E,
Canal St,mta,A34,A|C|E,
Chambers St,mta,A36,A|C,
World Trade Center,mta,E01,E,
Fulton St,mta,A38,A|C,
High St,mta,A40,A|C,
Jay St-MetroTech,mta,A41,A|C|F,
Hoyt-Schermerhorn Sts,mta,A42,A|C|G,
Lafayette Av,mta,A43,C,
Clinton-Washington Avs,mta,A44,C,
Franklin Av,mta,A45,C,
Nostrand Av,mta,A46,A|C,
Kingston-Throop Avs,mta,A47,C,
Utica Av,mta,A48,A|C,
Ralph Av,mta,A49,C,
Rockaway Av,mta,A50,C,
Broadway Junction,mta,A51,A|C,
Liberty Av,mta,A52,C,
Van Siclen Av,mta,A53,C,
Shepherd Av,mta,A54,C,
Euclid Av,mta,A55,A|C,
Grant Av,mta,A57,A,
80 St,mta,A59,A,
88 St,mta,A60,A,
Rockaway Blvd,mta,A61,A,
104 St,mta,A63,A,
111 St,mta,A64,A,
Ozone Park-Lefferts Blvd,mta,A65,A,
Aqueduct Racetrack,mta,H01,A,
Aqueduct-N Conduit Av,mta,H02,A,
Howard Beach-JFK Airport,mta,H03,A,
Broad Channel,mta,H04,A|S,
Beach 90 St,mta,H12,A|S,
Beach 98 St,mta,H13,A|S,
Beach 105 St,mta,H14,A|S,
Rockaway Park-Beach 116 St,mta,H15,A|S,
Beach 67 St,mta,H06,A,
Beach 60 St,mta,H07,A,
Beach 44 St,mta,H08,A,
Beach 36 St,mta,H09,A,
Beach 25 St,mta,H10,A,
Far Rockaway-Mott Av,mta,H11,A,
Norwood-205 St,mta,D01,D,
Bedford Park Blvd,mta,D03,B|D,
Kingsbridge Rd,mta,D04,B|D,
Fordham Rd,mta,D05,B|D,
182-183 Sts,mta,D06,B|D,
Tremont Av,mta,D07,B|D,
174-175 Sts,mta,D08,B|D,
170 St,mta,D09,B|D,
167 St,mta,D10,B|D,
161 St-Yankee Stadium,mta,D11,B|D,
155 St,mta,D12,B|D,
21 St-Queensbridge,mta,B04,M,
Roosevelt Island,mta,B06,M,
Lexington Av/63 St,mta,B08,M|Q,
57 St,mta,B10,M,
47-50 Sts-Rockefeller Ctr,mta,D15,B|D|F|M,
42 St-Bryant Pk,mta,D16,B|D|F|M,
34 St-Herald Sq,mta,D17,B|D|F|M,
23 St,mta,D18,F|M,
14 St,mta,D19,F|M,
Broadway-Lafayette St,mta,D21,B|D|F|M,
Grand St,mta,D22,B|D,
2 Av,mta,F14,F,
Delancey St-Essex St,mta,F15,F,
East Broadway,mta,F16,F,
York St,mta,F18,F,
Bergen St,mta,F20,F|G,
Carroll St,mta,F21,F|G,
Smith-9 Sts,mta,F22,F|G,
4 Av-9 St,mta,F23,F|G,
7 Av,mta,F24,F|G,
15 St-Prospect Park,mta,F25,F|G,
Fort Hamilton Pkwy,mta,F26,F|G,
Church Av,mta,F27,F|G,
Ditmas Av,mta,F29,F,
18 Av,mta,F30,F,
Avenue I,mta,F31,F,
Bay Pkwy,mta,F32,F,
Avenue N,mta,F33,F,
Avenue P,mta,F34,F,
Kings Hwy,mta,F35,F,
Avenue U,mta,F36,F,
Avenue X,mta,F38,F,
Neptune Av,mta,F39,F,
Jamaica-179 St,mta,F01,F,
169 St,mta,F02,F,
Parsons Blvd,mta,F03,F,
Sutphin Blvd,mta,F04,F,
Briarwood,mta,F05,E|F,
Kew Gardens-Union Tpke,mta,F06,E|F,
75 Av,mta,F07,E|F,
Forest Hills-71 Av,mta,G08,E|F|M|R,
67 Av,mta,G09,M|R,
63 Dr-Rego Park,mta,G10,M|R,
Woodhaven Blvd,mta,G11,M|R,
Grand Av-Newtown,mta,G12,M|R,
Elmhurst Av,mta,G13,M|R,
Jackson Hts-Roosevelt Av,mta,G14,E|F|M|R,
65 St,mta,G15,M|R,
Northern Blvd,mta,G16,M|R,
46 St,mta,G18,M|R,
Steinway St,mta,G19,M|R,
36 St,mta,G20,M|R,
Queens Plaza,mta,G21,E|F|R,
Court Sq-23 St,mta,F09,E|F,
Lexington Av/53 St,mta,F11,E|F,
5 Av/53 St,mta,F12,E|F,
7 Av,mta,D14,B|D|E,
Jamaica Center-Parsons/Archer,mta,G05,E|J|Z,
Sutphin Blvd-Archer Av-JFK Airport,mta,G06,E|J|Z,
Jamaica-Van Wyck,mta,G07,E,
Court Sq,mta,G22,G,
21 St,mta,G24,G,
Greenpoint Av,mta,G26,G,
Nassau Av,mta,G28,G,
Metropolitan Av,mta,G29,G,
Broadway,mta,G30,G,
Flushing Av,mta,G31,G,
Myrtle-Willoughby Avs,mta,G32,G,
Bedford-Nostrand Avs,mta,G33,G,
Classon Av,mta,G34,G,
Clinton-Washington Avs,mta,G35,G,
Fulton St,mta,G36,G,
Van Cortlandt Park-242 St,mta,101,1,
238 St,mta,103,1,
231 St,mta,104,1,
Marble Hill-225 St,mta,106,1,
215 St,mta,107,1,
207 St,mta,108,1,
Dyckman St,mta,109,1,
191 St,mta,110,1,
181 St,mta,111,1,
168 St-Washington Hts,mta,112,1,
157 St,mta,113,1,
145 St,mta,114,1,
137 St-City College,mta,115,1,
125 St,mta,116,1,
116 St-Columbia University,mta,117,1,
Cathedral Pkwy (110 St),mta,118,1,
103 St,mta,119,1,
96 St,mta,120,1|2|3,
86 St,mta,121,1,
79 St,mta,122,1,
72 St,mta,123,1|2|3,
66 St-Lincoln Center,mta,124,1,
59 St-Columbus Circle,mta,125,1,
50 St,mta,126,1,
Times Sq-42 St,mta,127,1|2|3,
34 St-Penn Station,mta,128,1|2|3,
28 St,mta,129,1,
23 St,mta,130,1,
18 St,mta,131,1,
14 St,mta,132,1|2|3,
Christopher St-Stonewall,mta,133,1,
Houston St,mta,134,1,
Canal St,mta,135,1,
Franklin St,mta,136,1,
Chambers St,mta,137,1|2|3,
WTC Cortlandt,mta,138,1,
Rector St,mta,139,1,
South Ferry,mta,142,1,
Park Place,mta,228,2|3,
Fulton St,mta,229,2|3,
Wall St,mta,230,2|3,
Clark St,mta,231,2|3,
Borough Hall,mta,232,2|3,
Hoyt St,mta,233,2|3,
Nevins St,mta,234,2|3|4|5,
Atlantic Av-Barclays Ctr,mta,235,2|3|4|5,
Bergen St,mta,236,2|3,
Grand Army Plaza,mta,237,2|3,
Eastern Pkwy-Brooklyn Museum,mta,238,2|3,
Franklin Av-Medgar Evers College,mta,239,2|3|4|5,
Nostrand Av,mta,248,3,
Kingston Av,mta,249,3,
Crown Hts-Utica Av,mta,250,3|4,
Sutter Av-Rutland Rd,mta,251,3,
Saratoga Av,mta,252,3,
Rockaway Av,mta,253,3,
Junius St,mta,254,3,
Pennsylvania Av,mta,255,3,
Van Siclen Av,mta,256,3,
New Lots Av,mta,257,3,
President St-Medgar Evers College,mta,241,2|5,
Sterling St,mta,242,2|5,
Winthrop St,mta,243,2|5,
Church Av,mta,244,2|5,
Beverly Rd,mta,245,2|5,
Newkirk Av-Little Haiti,mta,246,2|5,
Flatbush Av-Brooklyn College,mta,247,2|5,
Pelham Bay Park,mta,601,6,
Buhre Av,mta,602,6,
Middletown Rd,mta,603,6,
Westchester Sq-E Tremont Av,mta,604,6,
Zerega Av,mta,606,6,
Castle Hill Av,mta,607,6,
Parkchester,mta,608,6,
St Lawrence Av,mta,609,6,
Morrison Av-Soundview,mta,610,6,
Elder Av,mta,611,6,
Whitlock Av,mta,612,6,
Hunts Point Av,mta,613,6,
Longwood Av,mta,614,6,
E 149 St,mta,615,6,
E 143 St-St Mary's St,mta,616,6,
Cypress Av,mta,617,6,
Brook Av,mta,618,6,
3 Av-138 St,mta,619,6,
Woodlawn,mta,401,4,
Mosholu Pkwy,mta,402,4,
Bedford Park Blvd-Lehman College,mta,405,4,
Kingsbridge Rd,mta,406,4,
Fordham Rd,mta,407,4,
183 St,mta,408,4,
Burnside Av,mta,409,4,
176 St,mta,410,4,
Mt Eden Av,mta,411,4,
170 St,mta,412,4,
167 St,mta,413,4,
161 St-Yankee Stadium,mta,414,4,
149 St-Grand Concourse,mta,415,4,
138 St-Grand Concourse,mta,416,4|5,
125 St,mta,621,4|5|6,
116 St,mta,622,6,
110 St,mta,623,6,
103 St,mta,624,6,
96 St,mta,625,6,
86 St,mta,626,4|5|6,
77 St,mta,627,6,
68 St-Hunter College,mta,628,6,
59 St,mta,629,4|5|6,
51 St,mta,630,6,
Grand Central-42 St,mta,631,4|5|6,
33 St,mta,632,6,
28 St,mta,633,6,
23 St,mta,634,6,
14 St-Union Sq,mta,635,4|5|6,
Astor Pl,mta,636,6,
Bleecker St,mta,637,6,
Spring St,mta,638,6,
Canal St,mta,639,6,
Brooklyn Bridge-City Hall,mta,640,4|5|6,
Fulton St,mta,418,4|5,
Wall St,mta,419,4|5,
Bowling Green,mta,420,4|5,
Borough Hall,mta,423,4|5,
Wakefield-241 St,mta,201,2,
Nereid Av,mta,204,2|5,
233 St,mta,205,2|5,
225 St,mta,206,2|5,
219 St,mta,207,2|5,
Gun Hill Rd,mta,208,2|5,
Burke Av,mta,209,2|5,
Allerton Av,mta,210,2|5,
Pelham Pkwy,mta,211,2|5,
Bronx Park East,mta,212,2|5,
E 180 St,mta,213,2|5,
West Farms Sq-E Tremont Av,mta,214,2|5,
174 St,mta,215,2|5,
Freeman St,mta,216,2|5,
Simpson St,mta,217,2|5,
Intervale Av,mta,218,2|5,
Prospect Av,mta,219,2|5,
Jackson Av,mta,220,2|5,
3 Av-149 St,mta,221,2|5,
149 St-Grand Concourse,mta,222,2|5,
Harlem-148 St,mta,301,3,
145 St,mta,302,3,
135 St,mta,224,2|3,
125 St,mta,225,2|3,
116 St,mta,226,2|3,
110 St-Malcolm X Plaza,mta,227,2|3,
Eastchester-Dyre Av,mta,501,5,
Baychester Av,mta,502,5,
Gun Hill Rd,mta,503,5,
Pelham Pkwy,mta,504,5,
Morris Park,mta,505,5,
Flushing-Main St,mta,701,7,
Mets-Willets Point,mta,702,7,
111 St,mta,705,7,
103 St-Corona Plaza,mta,706,7,
Junction Blvd,mta,707,7,
90 St-Elmhurst Av,mta,708,7,
82 St-Jackson Hts,mta,709,7,
74 St-Broadway,mta,710,7,
69 St,mta,711,7,
61 St-Woodside,mta,712,7,
52 St,mta,713,7,
46 St-Bliss St,mta,714,7,
40 St-Lowery St,mta,715,7,
33 St-Rawson St,mta,716,7,
Queensboro Plaza,mta,R09,N|W,
Queensboro Plaza,mta,718,7,
Court Sq,mta,719,7,
Hunters Point Av,mta,720,7,
Vernon Blvd-Jackson Av,mta,721,7,
Grand Central-42 St,mta,723,7,
5 Av,mta,724,7,
Times Sq-42 St,mta,725,7,
Times Sq-42 St,mta,902,S,
Grand Central-42 St,mta,901,S,
34 St-Hudson Yards,mta,726,7,
96 St,mta,Q05,Q,
86 St,mta,Q04,Q,
72 St,mta,Q03,Q,
St George,mta,S31,SIR,
Tompkinsville,mta,S30,SIR,
Stapleton,mta,S29,SIR,
Clifton,mta,S28,SIR,
Grasmere,mta,S27,SIR,
Old Town,mta,S26,SIR,
Dongan Hills,mta,S25,SIR,
Jefferson Av,mta,S24,SIR,
Grant City,mta,S23,SIR,
New Dorp,mta,S22,SIR,
Oakwood Heights,mta,S21,SIR,
Bay Terrace,mta,S20,SIR,
Great Kills,mta,S19,SIR,
Eltingville,mta,S18,SIR,
Annadale,mta,S17,SIR,
Huguenot,mta,S16,SIR,
Prince's Bay,mta,S15,SIR,
Pleasant Plains,mta,S14,SIR,
Richmond Valley,mta,S13,SIR,
Tottenville,mta,S09,SIR,
Arthur Kill,mta,S11,SIR,
Newark,path,NWK,ToNY|ToNJ,
Harrison,path,HAR,ToNY|ToNJ,
Journal Square,path,JSQ,ToNY|ToNJ,
Grove Street,path,GRV,ToNY|ToNJ,
Exchange Place,path,EXP,ToNY|ToNJ,
Hoboken,path,HOB,ToNY|ToNJ,
Newport,path,NEW,ToNY|ToNJ,
World Trade Center,path,WTC,ToNY|ToNJ,
Christopher St,path,CHR,ToNY|ToNJ,
9 St,path,09S,ToNY|ToNJ,
14 St,path,14S,ToNY|ToNJ,
23 St,path,23S,ToNY|ToNJ,
33 St,path,33S,ToNY|ToNJ,
Aberdeen-Matawan,njt_rail,AM,,
Absecon,njt_rail,AB,,
Allendale,njt_rail,AZ,,
Allenhurst,njt_rail,AH,,
Anderson Street,njt_rail,AS,,
Annandale,njt_rail,AN,,
Asbury Park,njt_rail,AP,,
Atco,njt_rail,AO,,
Atlantic City Terminal,njt_rail,AC,,
Avenel,njt_rail,AV,,
B.W.I. Airport,njt_rail,BA,,
Baltimore,njt_rail,BL,,
Basking Ridge,njt_rail,BI,,
Bay Head,njt_rail,BH,,
Bay Street (Montclair),njt_rail,MC,,
Belmar,njt_rail,BS,,
Berkeley Heights,njt_rail,BY,,
Bernardsville,njt_rail,BV,,
Bloomfield,njt_rail,BM,,
Boonton,njt_rail,BN,,
Bound Brook,njt_rail,BK,,
Bradley Beach,njt_rail,BB,,
Brick Church,njt_rail,BU,,
Bridgewater,njt_rail,BW,,
Broadway,njt_rail,BF,,
Campbell Hall,njt_rail,CB,,
Chatham,njt_rail,CM,,
Cherry Hill,njt_rail,CY,,
Clifton,njt_rail,IF,,
Convent,njt_rail,CN,,
Cranford,njt_rail,XC,,
Delawanna,njt_rail,DL,,
Denville,njt_rail,DV,,
Dover,njt_rail,DO,,
Dunellen,njt_rail,DN,,
East Orange,njt_rail,EO,,
Edison,njt_rail,ED,,
Egg Harbor City,njt_rail,EH,,
Elberon,njt_rail,EL,,
Elizabeth,njt_rail,EZ,,
Emerson,njt_rail,EN,,
Essex Street,njt_rail,EX,,
Fanwood,njt_rail,FW,,
Far Hills,njt_rail,FH,,
Garfield,njt_rail,GD,,
Garwood,njt_rail,GW,,
Gillette,njt_rail,GI,,
Gladstone,njt_rail,GL,,
Glen Ridge,njt_rail,GG,,
Glen Rock (Boro Hall),njt_rail,GK,,
Glen Rock (Main Line),njt_rail,RS,,
Hackettstown,njt_rail,HQ,,
Hamilton,njt_rail,HL,,
Hammonton,njt_rail,HN,,
Harriman Station,njt_rail,RM,,
Hawthorne,njt_rail,HW,,
Hazlet,njt_rail,HZ,,
High Bridge,njt_rail,HG,,
Highland Ave.,njt_rail,HI,,
Hillsdale,njt_rail,HD,,
Ho-Ho-Kus,njt_rail,UF,,
Hoboken,njt_rail,HB,,
Jersey Avenue,njt_rail,JA,,
Lake Hopatcong,njt_rail,HP,,
Lebanon,njt_rail,ON,,
Lincoln Park,njt_rail,LP,,
Linden,njt_rail,LI,,
Lindenwold,njt_rail,LW,,
Little Falls,njt_rail,FA,,
Little Silver,njt_rail,LS,,
Long Branch,njt_rail,LB,,
Lyndhurst,njt_rail,LN,,
Lyons,njt_rail,LY,,
Madison,njt_rail,MA,,
Mahwah,njt_rail,MZ,,
Manasquan,njt_rail,SQ,,
Maplewood,njt_rail,MW,,
Meadowlands,njt_rail,XU,,
Metropark,njt_rail,MP,,
Metuchen,njt_rail,MU,,
Middletown,njt_rail,MI,,
"Middletown, NY",njt_rail,MD,,
Millburn,njt_rail,MB,,
Millington,njt_rail,GO,,
Monmouth Park,njt_rail,MK,,
Montclair Heights,njt_rail,HS,,
Montclair State University,njt_rail,UV,,
Montvale,njt_rail,ZM,,
Morris Plains,njt_rail,MX,,
Morristown,njt_rail,MR,,
Mount Arlington,njt_rail,HV,,
Mount Olive,njt_rail,OL,,
Mount Tabor,njt_rail,TB,,
Mountain Ave.,njt_rail,MS,,
Mountain Lakes,njt_rail,ML,,
Mountain Sta.,njt_rail,MT,,
Mountain View,njt_rail,MV,,
Murray Hill,njt_rail,MH,,
Nanuet,njt_rail,NN,,
Netcong,njt_rail,NT,,
Netherwood,njt_rail,NE,,
New Bridge Landing,njt_rail,NH,,
New Brunswick,njt_rail,NB,,
New Carrollton,njt_rail,NC,,
New Providence,njt_rail,NV,,
Newark Broad St.,njt_rail,ND,,
Newark Int'l Airport,njt_rail,NA,,
Newark Penn Station,njt_rail,NP,,
North Branch,njt_rail,OR,,
North Elizabeth,njt_rail,NZ,,
North Philadelphia,njt_rail,NF,,
Oradell,njt_rail,OD,,
Orange,njt_rail,OG,,
Otisville,njt_rail,OS,,
Park Ridge,njt_rail,PV,,
Passaic,njt_rail,PS,,
Paterson,njt_rail,RN,,
Peapack,njt_rail,PC,,
Pearl River,njt_rail,PQ,,
Penn Station New York,njt_rail,NY,,
Pennsauken,njt_rail,PN,,
Perth Amboy,njt_rail,PE,,
Philadelphia 30th St.,njt_rail,PH,,
Plainfield,njt_rail,PF,,
Plauderville,njt_rail,PL,,
Point Pleasant,njt_rail,PP,,
Port Jervis,njt_rail,PO,,
Princeton Junction,njt_rail,PJ,,
Princeton Station,njt_rail,PR,,
Radburn,njt_rail,FZ,,
Rahway,njt_rail,RH,,
Ramsey,njt_rail,RY,,
Raritan,njt_rail,RA,,
Red Bank,njt_rail,RB,,
Ridgewood,njt_rail,RW,,
River Edge,njt_rail,RG,,
Roselle Park,njt_rail,RL,,
Route 17 Station,njt_rail,17,,
Route 23,njt_rail,23,,
Rutherford,njt_rail,RF,,
Salisbury Mills,njt_rail,CW,,
Secaucus Junction,njt_rail,TS,,
Secaucus Station,njt_rail,SE,,
Short Hills,njt_rail,RT,,
Sloatsburg,njt_rail,XG,,
Somerville,njt_rail,SM,,
South Amboy,njt_rail,CH,,
South Orange,njt_rail,SO,,
Spring Lake,njt_rail,LA,,
Spring Valley,njt_rail,SV,,
Stirling,njt_rail,SG,,
Suffern,njt_rail,SF,,
Summit,njt_rail,ST,,
Teterboro,njt_rail,TE,,
Towaco,njt_rail,TO,,
Trenton Station,njt_rail,TR,,
Tuxedo,njt_rail,TC,,
Union Station,njt_rail,US,,
Upper Montclair,njt_rail,UM,,
Waldwick,njt_rail,WK,,
Walnut Street (Montclair),njt_rail,WA,,
Washington,njt_rail,WS,,
Watchung Avenue,njt_rail,WG,,
Watsessing Avenue (Bloomfield),njt_rail,WT,,
Wesmont,njt_rail,WM,,
Westfield,njt_rail,WF,,
Westwood,njt_rail,WW,,
White House,njt_rail,WH,,
Wilmington,njt_rail,WI,,
Wood-Ridge,njt_rail,WR,,
Woodbridge,njt_rail,WB,,
Woodcliff Lake,njt_rail,WL,,
COMMUNIPAW JUNCTION,njt_bus,44,,
GOTHAM PKWY AT VETERANS BLVD,njt_bus,888,,
GOTHAM PKWY AT JONY DR,njt_bus,889,,
GOTHAM PKWY AT AMOR AVE,njt_bus,890,,
GOTHAM PKWY AT UNIVERSAL PL,njt_bus,891,,
GOTHAM PKWY AT UNIVERSAL PL,njt_bus,892,,
GOTHAM PKWY AT AMOR AVE,njt_bus,893,,
GOTHAM PKWY AT JONY DR,njt_bus,894,,
GOTHAM PKWY AT VETERANS BLVD,njt_bus,895,,
HACKENSACK ST AT DIVISION AVE,njt_bus,896,,Newark
HACKENSACK ST AT BERRY AVE,njt_bus,897,,Newark
HACKENSACK ST AT SUMMIT AVE,njt_bus,898,,Newark
HACKENSACK ST AT SUMMIT AVE,njt_bus,899,,Hackensack
HACKENSACK ST AT DIVISION AVE,njt_bus,900,,Hackensack
MONROE ST AT BROAD ST,njt_bus,901,,Ridgewood
MONROE ST AT DIVISION AVE,njt_bus,902,,Ridgewood
MONROE ST AT SUMMIT AVE,njt_bus,903,,Ridgewood
MONROE ST AT SUMMIT AVE,njt_bus,904,,New York
MONROE ST AT DIVISION AVE,njt_bus,905,,New York
MONROE ST AT BROAD ST,njt_bus,906,,New York
MOONACHIE RD AT EASTERN WAY,njt_bus,907,,
PATERSON PLANK RD AT GOTHAM PARKWAY,njt_bus,908,,Ridgewood
RT-120 65'N OF GOTHAM PKWY,njt_bus,909,,Ridgewood
RT-120 1052' N OF GOTHAM PKWY.,njt_bus,910,,Ridgewood
PATERSON PLANK RD AT MURRAY HILL PKWY,njt_bus,911,,Ridgewood
WASHINGTON AVE AT BARELL AVE,njt_bus,912,,
WASHINGTON AVE 117'S OF KERO RD,njt_bus,913,,
WASHINGTON AVE 200'N OF COMMERCE RD,njt_bus,914,,
WASHINGTON AVE AT EMPIRE BLVD,njt_bus,915,,
MOONACHIE RD AT MOONACHIE AVE,njt_bus,916,,
WASHINGTON AVE AT COMMERCE RD,njt_bus,917,,
WASHINGTON AVE 198'S OF KERO RD,njt_bus,918,,
WASHINGTON AVE AT VETERANS BLVD,njt_bus,919,,
BERRY CREEK RD AT ENTRANCE STABLE GATES,njt_bus,1027,,
BERRY CREEK RD 330' S OF ENTRANCE STABLE GATE,njt_bus,1028,,
HACKENSACK ST AT HOBOKEN RD,njt_bus,1029,,Hackensack
PATERSON AVE AT GRANT ST,njt_bus,1030,,
PATERSON AVE AT WALL ST,njt_bus,1031,,
PATERSON AVE AT FRANKLIN PL,njt_bus,1032,,
PATERSON AVE 300'W OF FRANKLIN PL,njt_bus,1033,,
PATERSON AVE AT ATKINS TERRACE,njt_bus,1034,,
PATERSON AVE AT MORRISSEE AVE,njt_bus,1035,,
PATERSON AVE AT POPLAR ST,njt_bus,1036,,
PATERSON AVE AT MOZART ST,njt_bus,1037,,New York
PATERSON AVE AT UHLAND ST,njt_bus,1038,,New York
PATERSON AVE AT GROVE ST,njt_bus,1039,,New York
PATERSON AVE AT HACKENSACK ST,njt_bus,1040,,New York
PATERSON AVE AT VREELAND AVE,njt_bus,1041,,New York
PATERSON AVE AT JANE ST,njt_bus,1042,,Ridgewood
PATERSON AVE AT HACKENSACK ST,njt_bus,1043,,Ridgewood
PATERSON AVE AT LINCOLN PL,njt_bus,1044,,Ridgewood
PATERSON AVE AT WASHINGTON PL,njt_bus,1045,,Ridgewood
PATERSON PLANK RD AT MURRAY HILL PKWY,njt_bus,1046,,New York
RT-120 1052' N OF GOTHAM PARKWAY,njt_bus,1047,,New York
RT-120 AT GOTHAM PARKWAY,njt_bus,1048,,New York
PATERSON PLANK RD AT GOTHAM PARKWAY,njt_bus,1049,,New York
MURRAY HILL PKWY at RT-120,njt_bus,1050,,Newark
HACKENSACK ST 340'S OF PATERSON AVE,njt_bus,1051,,Hackensack
MURRAY HILL PKWY at RT-120,njt_bus,1052,,Hackensack
MOLA BLVD AT GARVEY PL,njt_bus,1094,,Paterson
MOLA BLVD AT RUDOLPH AVE,njt_bus,1095,,Paterson
MOLA BLVD AT PALSA AVE,njt_bus,1096,,Paterson
MOLA BLVD AT MARKET ST,njt_bus,1097,,Paterson
MOLA BLVD AT PALSA AVE,njt_bus,1113,,Elmwood Park
MOLA BLVD AT RUDOLPH AVE,njt_bus,1114,,Elmwood Park
MOLA BLVD AT US-46,njt_bus,1115,,Elmwood Park
MARKET ST AT KOHNER PL,njt_bus,1119,,
MARKET ST AT AUGUSTA ST,njt_bus,1120,,
MARKET ST AT OBAL AVE,njt_bus,1121,,
MARKET ST AT MIDLAND AVE,njt_bus,1122,,
MARKET ST AT MIDLAND AVE,njt_bus,1123,,
MARKET ST AT OBAL AVE,njt_bus,1124,,
MARKET ST AT KOHNER PL,njt_bus,1125,,
MARKET ST AT MOLA BLVD,njt_bus,1126,,
MIDLAND AVE AT RENA LANE,njt_bus,1131,,
MIDLAND AVE AT MARKET ST,njt_bus,1132,,
MIDLAND AVE AT MARKET ST,njt_bus,1133,,
MIDLAND AVE AT RENA LANE,njt_bus,1134,,
RIVER DR AT BIRCHWOOD DR,njt_bus,1135,,
RIVER DR AT SLATER DR,njt_bus,1136,,
RIVER DR AT SLATER DR,njt_bus,1137,,
US-46 at BANK ST,njt_bus,1145,,
US-46 at MILL ST,njt_bus,1146,,
US-46 AT MOLA BLVD,njt_bus,1147,,
US-46 at MEYER ST,njt_bus,1148,,
US-46 278'W OF MOLA BLVD/MILL ST,njt_bus,1149,,
US-46 at MILL ST,njt_bus,1150,,
US-46 AT BANK ST,njt_bus,1151,,
BELMONT AVE AT PALISADE AVE,njt_bus,1493,,Elmwood Park
BELMONT AVE AT PALISADE AVE,njt_bus,1494,,Paterson
HARRISON AVE AT MACARTHUR AVE,njt_bus,1495,,Paterson
JEWELL ST AT OUTWATER LN,njt_bus,1496,,Paterson
LANZA AVE AT JEWELL ST,njt_bus,1497,,Paterson
LANZA AVE AT RAY ST,njt_bus,1498,,Paterson
LANZA AVE AT MAIN ST,njt_bus,1499,,Elmwood Park
LANZA AVE AT RAY ST,njt_bus,1500,,Elmwood Park
LANZA AVE AT JEWELL ST,njt_bus,1501,,Elmwood Park
MACARTHUR AVE AT GRAND ST,njt_bus,1502,,Paterson
MACARTHUR AVE AT FREDERICK ST,njt_bus,1503,,Paterson
MACARTHUR AVE AT ELIZABETH ST,njt_bus,1504,,Paterson
MIDLAND AVE AT GRAND ST,njt_bus,1505,,
MIDLAND AVE AT VAN WINKLE AVE,njt_bus,1506,,
MIDLAND AVE AT ELIZABETH ST,njt_bus,1507,,
MIDLAND AVE AT SEMEL AVE,njt_bus,1508,,
MIDLAND AVE AT OUTWATER LANE,njt_bus,1509,,
MIDLAND AVE AT ELIZABETH ST,njt_bus,1510,,
MIDLAND AVE AT CLARK ST,njt_bus,1511,,
MIDLAND AVE AT GRAND ST,njt_bus,1512,,
MIDLAND AVE AT RIVER DR,njt_bus,1513,,Paramus
MONROE ST AT PALISADE AVE,njt_bus,1514,,Paterson
MONROE ST AT PALISADE AVE,njt_bus,1515,,
OUTWATER LN AT WESSINGTON AVE,njt_bus,1516,,Elmwood Park
OUTWATER LN AT MACARTHUR AVE,njt_bus,1517,,Paramus
PALISADE AVE AT SOMERSET ST,njt_bus,1518,,
PALISADE AVE AT HUDSON ST,njt_bus,1519,,
PALISADE AVE AT MONROE ST,njt_bus,1520,,
PALISADE AVE AT WILLARD ST,njt_bus,1521,,Paterson
PALISADE AVE AT VAN WINKLE AVE,njt_bus,1522,,Paterson
PALISADE AVE AT VAN WINKLE AVE,njt_bus,1523,,Elmwood Park
PALISADE AVE AT HUDSON ST,njt_bus,1524,,
PASSAIC ST AT PALISADE AVE,njt_bus,1525,,
PASSAIC ST AT MIDLAND AVE,njt_bus,1526,,
PASSAIC ST AT MARSELLUS PL,njt_bus,1527,,
PASSAIC ST AT MIDLAND AVE,njt_bus,1528,,
MIDLAND AVE AT VAN WINKLE AVE#,njt_bus,1529,,
MIDLAND AVE AT PALISADE AVE,njt_bus,1530,,
PASSAIC ST AT CAMBRIDGE AVE#,njt_bus,1531,,
PASSAIC ST AT CAMBRIDGE AVE#,njt_bus,1532,,
PASSAIC ST AT RIVER DR#,njt_bus,1533,,
MIDLAND AVE AT PALISADE AVE,njt_bus,1534,,
MIDLAND AVE AT FREDERICK ST#,njt_bus,1535,,
PALISADE AVE AT PASSAIC ST#,njt_bus,1536,,Paramus Park
HARRISON AVE AT HIGHLAND AVE#,njt_bus,1537,,Paramus
HARRISON AVE AT ARNOT ST#,njt_bus,1538,,Paramus
HARRISON AVE AT ELIZABETH ST#,njt_bus,1539,,Paramus
HARRISON AVE AT CHARLES ST#,njt_bus,1540,,Paramus
HARRISON AVE AT FREDERICK ST#,njt_bus,1541,,Paramus
HARRISON AVE AT GRAND ST#,njt_bus,1542,,Paramus
MACARTHUR AVE AT CHARLES ST#,njt_bus,1543,,Paterson
MACARTHUR AVE AT ARNOT ST#,njt_bus,1544,,Paterson
MACARTHUR AVE AT HIGHLAND AVE#,njt_bus,1545,,Paterson
PASSAIC ST AT FREDERICK ST#,njt_bus,1546,,
PASSAIC ST AT MACARTHUR AVE#,njt_bus,1547,,
PASSAIC ST AT PALISADE AVE#,njt_bus,1548,,
PASSAIC ST AT MACARTHUR AVE#,njt_bus,1549,,
PASSAIC ST AT NAPLES PL#,njt_bus,1550,,
PASSAIC ST AT FREDERICK ST#,njt_bus,1551,,
PALISADE AVE AT MONROE ST#,njt_bus,1552,,Elmwood Park
MONROE ST AT RIVER DR#,njt_bus,1553,,Elmwood Park
MONROE ST AT RIVER DR#,njt_bus,1554,,Paterson
WESSINGTON AVE AT ORCHARD ST#,njt_bus,1555,,Paterson
OUTWATER LN AT WESSINGTON AVE#,njt_bus,1556,,Paterson
JEWELL ST AT MORRIS AVE#,njt_bus,1557,,Paterson
JEWELL ST AT MARKET ST#,njt_bus,1558,,Paterson
LANZA AVE AT MAIN AVE#,njt_bus,1559,,Paterson
SHAW ST AT LANZA AVE#,njt_bus,1560,,Paterson
SHAW ST AT BOULEVARD#,njt_bus,1561,,Paterson
SHAW ST AT SPRING GARDEN LANE#,njt_bus,1562,,Elmwood Park
SHAW ST AT LANZA AVE#,njt_bus,1563,,Elmwood Park
WESSINGTON AVE AT ORCHARD ST#,njt_bus,1564,,Elmwood Park
MIDLAND AVE AT BELMONT AVE#,njt_bus,1565,,
MIDLAND AVE AT KRAKOW ST#,njt_bus,1566,,
MIDLAND AVE AT LANZA AVE#,njt_bus,1567,,
MIDLAND AVE at US-46 #,njt_bus,1568,,Paramus Park
MIDLAND AVE AT KRAKOW ST#,njt_bus,1569,,
MIDLAND AVE AT CHARLES ST#,njt_bus,1570,,
HARRISON AVE AT MARSELLUS PL#,njt_bus,1571,,Paterson
CENTRAL AVE AT MAPLE HILL DR,njt_bus,1606,,New York
CENTRAL AVE AT SUMMIT AVE,njt_bus,1607,,
CENTRAL AVE AT PROSPECT AVE,njt_bus,1609,,
CENTRAL AVE AT 2ND ST,njt_bus,1610,,
CENTRAL AVE AT FIRST ST,njt_bus,1618,,
CENTRAL AVE AT PROSPECT AVE,njt_bus,1619,,
CENTRAL AVE AT SUMMIT AVE,njt_bus,1620,,Ridgewood
CENTRAL AVE AT THE ESPLANADE,njt_bus,1621,,Ridgewood
ESSEX ST 150' W OF EASTERLY ARCADIA RD,njt_bus,1623,,
ESSEX ST AT SUMMIT AVE,njt_bus,1624,,
ESSEX ST AT PROSPECT AVE MEDICAL CTR,njt_bus,1625,,
ESSEX ST AT HOSPITAL DR,njt_bus,1626,,
ESSEX ST AT POLIFLY RD,njt_bus,1627,,
ESSEX ST AT RAILROAD AVE,njt_bus,1628,,Newark
ESSEX ST AT GREEN ST,njt_bus,1629,,Newark
ESSEX ST AT NEWMAN ST,njt_bus,1631,,Hackensack
ESSEX ST AT POLIFLY RD,njt_bus,1632,,
ESSEX ST AT SUMMIT AVE,njt_bus,1633,,
ESSEX ST AT EASTERLY ARCADIA RD,njt_bus,1634,,
ESSEX ST AT WESTERLY ARCADIA RD,njt_bus,1635,,
PASSAIC ST AT ESPLANADE,njt_bus,1687,,New York (GWB)
PASSAIC ST AT SUMMIT AVE,njt_bus,1688,,New York (GWB)
PASSAIC ST AT PROSPECT AVE,njt_bus,1689,,New York (GWB)
PLEASANTVIEW AVE AT SUMMIT AVE,njt_bus,1693,,
POLIFLY RD AT ELLEEN TERRACE,njt_bus,1694,,Newark
POLIFLY RD AT LODI ST,njt_bus,1695,,Newark
POLIFLY RD AT ESSEX ST,njt_bus,1696,,Hackensack
POLIFLY RD AT PARKER AVE,njt_bus,1697,,Hackensack
POLIFLY RD 193'S OF MARVIN AVE,njt_bus,1698,,Hackensack
POLIFLY RD AT PLEASANTVIEW AVE,njt_bus,1699,,Hackensack
PROSPECT AVE AT ATLANTIC ST,njt_bus,1700,,Maywood
PROSPECT AVE AT BEECH ST,njt_bus,1701,,Maywood
PROSPECT AVE AT CENTRAL AVE,njt_bus,1702,,Maywood
PROSPECT AVE 480'N OF CENTRAL AVE/GOLF PL,njt_bus,1703,,Maywood
PROSPECT AVE 466'S OF PASSAIC/BERRY ST,njt_bus,1704,,Maywood
PROSPECT AVE AT BERRY ST,njt_bus,1705,,New York
PROSPECT AVE AT CENTRAL AVE,njt_bus,1706,,New York
PROSPECT AVE 205' S OF CENTRAL AVE/BEECH ST,njt_bus,1707,,New York
PROSPECT AVE AT BEECH ST,njt_bus,1708,,New York
PROSPECT AVE AT ATLANTIC ST,njt_bus,1709,,New York
SUMMIT AVE AT WEST PLEASANTVIEW AVE,njt_bus,1723,,Ridgewood
SUMMIT AVE AT STANDISH AVE,njt_bus,1724,,Ridgewood
SUMMIT AVE AT MARVIN AVE,njt_bus,1725,,Ridgewood
SUMMIT AVE AT SIMONS AVE,njt_bus,1726,,Ridgewood
SUMMIT AVE & ESSEX ST,njt_bus,1727,,Ridgewood
SUMMIT AVE AT BEECH ST,njt_bus,1728,,Ridgewood
SUMMIT AVE AT AMERICAN LEGION DR,njt_bus,1729,,Ridgewood
SUMMIT AVE AT CENTRAL AVE,njt_bus,1730,,New York
SUMMIT AVE AT BEECH ST,njt_bus,1731,,New York
SUMMIT AVE & ESSEX ST,njt_bus,1732,,New York
SUMMIT AVE AT SIMONS AVE,njt_bus,1733,,New York
SUMMIT AVE AT MARVIN AVE,njt_bus,1734,,New York
SUMMIT AVE AT MARY ST,njt_bus,1735,,New York
SUMMIT AVE AT WEST PLEASANTVIEW AVE,njt_bus,1736,,New York
THE ESPLANADE AT HEATH PL,njt_bus,1737,,Ridgewood
THE ESPLANADE AT COLONIAL TERRACE,njt_bus,1738,,Ridgewood
BOULEVARD AT RAYMOND ST,njt_bus,1740,,Ridgewood
BOULEVARD AT DIVISION AVE,njt_bus,1741,,Ridgewood
BOULEVARD AT FRANKLIN AVE,njt_bus,1742,,Ridgewood
BOULEVARD AT WILLIAMS AVE,njt_bus,1743,,Ridgewood
BOULEVARD AT BALDWIN AVE,njt_bus,1744,,Ridgewood
BOULEVARD AT BALDWIN AVE,njt_bus,1745,,New York
BOULEVARD AT WILLIAMS AVE,njt_bus,1746,,New York
BOULEVARD AT FRANKLIN AVE,njt_bus,1747,,New York
BOULEVARD AT DIVISION AVE,njt_bus,1748,,New York
BOULEVARD AT RAYMOND ST,njt_bus,1749,,New York
BOULEVARD AT PASSAIC AVE CIRCLE,njt_bus,1750,,New York
INDUSTRIAL AVE AT RAILROAD ST,njt_bus,1751,,
TERRACE AVE AT LINCOLN AVE,njt_bus,1752,,Newark
TERRACE AVE AT HENRY ST,njt_bus,1753,,Newark
TERRACE AVE AT FRANKLIN AVE,njt_bus,1754,,Newark
TERRACE AVE AT MADISON AVE,njt_bus,1755,,Newark
TERRACE AVE AT WILLIAMS AVE,njt_bus,1756,,Newark
TERRACE AVE AT PASADENA TER,njt_bus,1757,,Newark
TERRACE AVE AT PASADENA TER,njt_bus,1758,,Hackensack
TERRACE AVE AT WILLIAMS AVE,njt_bus,1759,,Hackensack
TERRACE AVE AT MADISON AVE,njt_bus,1760,,Hackensack
TERRACE AVE AT FRANKLIN AVE,njt_bus,1761,,Hackensack
TERRACE AVE AT HENRY ST,njt_bus,1762,,Hackensack
TERRACE AVE AT LINCOLN AVE,njt_bus,1763,,Hackensack
WILLIAMS AVE AT BOULEVARD,njt_bus,1764,,
WILLIAMS AVE AT TERRACE AVE,njt_bus,1765,,
WILLIAMS AVE at RT-17,njt_bus,1766,,
WILLIAMS AVE AT BURTON AVE,njt_bus,1767,,
WILLIAMS AVE AT BOULEVARD,njt_bus,1768,,
BOULEVARD AT MADISON AVE,njt_bus,1769,,New York
BOULEVARD AT CENTRAL AVE,njt_bus,1770,,Ridgewood
ESSEX ST AT ROCHELLE AVE,njt_bus,1831,,
ESSEX ST AT MAYWOOD AVE,njt_bus,1832,,
GARIBALDI AVE AT MAIN ST,njt_bus,1833,,
GARIBALDI AVE AT BROOK ST,njt_bus,1834,,
GARIBALDI AVE AT MILL ST,njt_bus,1835,,
GARIBALDI AVE AT SHORT ST,njt_bus,1836,,
GARIBALDI AVE AT WISSE ST,njt_bus,1837,,
GARIBALDI AVE AT WISSE ST,njt_bus,1838,,
GARIBALDI AVE AT META LN,njt_bus,1839,,
GARIBALDI AVE AT MILL ST,njt_bus,1840,,
GARIBALDI AVE AT BROOK ST,njt_bus,1841,,
GARIBALDI AVE AT MAIN ST,njt_bus,1842,,
MAIN ST AT AVENUE C,njt_bus,1843,,
MAIN ST AT WILSON ST,njt_bus,1844,,
MAIN ST AT AVENUE F,njt_bus,1845,,
MAIN ST AT AVENUE C,njt_bus,1846,,
MAIN ST AT ARNOT ST,njt_bus,1847,,
MEMORIAL DR AT WASHINGTON ST,njt_bus,1848,,
PASSAIC AVE AT FIRST ST,njt_bus,1849,,
PASSAIC AVE AT HOME PL,njt_bus,1850,,
US-46 AT WESTMINSTER PL,njt_bus,1851,,
US-46 at CHRISTOPHER ST,njt_bus,1852,,
US-46 at SAVOIE ST,njt_bus,1853,,
US-46 at NORTH SAVOIE ST,njt_bus,1854,,
US-46 500' W of CHRISTOPHER ST,njt_bus,1855,,
US-46 at MONEY ST,njt_bus,1856,,
US-46 AT WESTMINSTER PL,njt_bus,1857,,
PASSAIC (TERHUNE) AVE AT ROOSEVELT AVE,njt_bus,1858,,
UNION ST AT MAIN ST (LIBERTY ST),njt_bus,1859,,
UNION ST AT PROSPECT ST,njt_bus,1860,,
UNION ST AT BROOKSIDE AVE,njt_bus,1861,,
UNION ST AT OAK GROVE AVE,njt_bus,1862,,
UNION ST AT PINE ST,njt_bus,1863,,
UNION ST AT JAMES PL,njt_bus,1864,,
UNION ST AT MASSEY ST,njt_bus,1865,,
UNION ST AT MAIN ST (RENNIE PL),njt_bus,1866,,
CHUBB AVE AT VALLEY BROOK AVE,njt_bus,1867,,New York
CHUBB AVE 1584' N OF VALLEY BROOK AVE,njt_bus,1868,,New York
CHUBB AVE 2376' N OF VALLEY BROOK AVE,njt_bus,1869,,New York
CLAY AVE 778'S OF WALL ST WEST,njt_bus,1870,,New York
CLAY AVE 248'N OF VALLEY BROOK AVE,njt_bus,1871,,New York
POLITO AVE AT RUTHERFORD AVE,njt_bus,1872,,New York
RIDGE RD AT TENEYCK AVE,njt_bus,1873,,Newark
RIDGE RD AT BALDWIN AVE,njt_bus,1874,,Newark
RIVERSIDE AVE AT PAGE AVE,njt_bus,1875,,New York
RIDGE RD AT MARIN AVE,njt_bus,1876,,Newark
RIDGE RD AT VALLEY BROOK AVE,njt_bus,1877,,Newark
RIDGE RD AT MILTON AVE,njt_bus,1878,,Newark
RIDGE RD AT THIRD AVE,njt_bus,1879,,Newark
RIDGE RD AT FIFTH AVE,njt_bus,1880,,Newark
RIDGE RD AT FIFTH AVE,njt_bus,1881,,Hackensack
RIDGE RD AT THIRD AVE,njt_bus,1882,,Hackensack
RIDGE RD AT FREEMAN ST,njt_bus,1883,,Hackensack
RIDGE RD AT VALLEY BROOK AVE,njt_bus,1884,,Hackensack
RIDGE RD AT PAGE AVE,njt_bus,1885,,Hackensack
RIDGE RD AT KINGSLAND AVE,njt_bus,1886,,Hackensack
RIDGE RD AT SUMMER AVE,njt_bus,1887,,Hackensack
RIDGE RD AT PAGE AVE,njt_bus,1888,,Newark
RIVERSIDE AVE 275'S OF PAGE AVE,njt_bus,1889,,Clifton
RUTHERFORD AVE AT STUYVESANT AVE,njt_bus,1890,,New York
RUTHERFORD AVE AT DELAFIELD AVE,njt_bus,1891,,New York
RUTHERFORD AVE AT RIDGE RD,njt_bus,1892,,New York
RUTHERFORD AVE AT ORIENT WAY,njt_bus,1893,,New York
RUTHERFORD AVE AT POLITO AVE,njt_bus,1894,,
VALLEY BROOK AVE 627' W OF CHUBB AVE,njt_bus,1895,,New York
WALL ST WEST AT GARLAND WAY,njt_bus,1896,,New York
WALL ST WEST AT GARLAND WAY WESTBOUND,njt_bus,1897,,New York
WALL ST. WEST AT CLAY AVE,njt_bus,1898,,New York
WALL ST. WEST AT GARLAND WAY,njt_bus,1899,,New York
CENTRAL AVE AT GOLF AVE,njt_bus,1900,,
ESSEX ST AT MAYBROOK DR,njt_bus,1901,,
ESSEX ST AT MAYWOOD AVE,njt_bus,1902,,
MAYWOOD AVE AT EAST MAGNOLIA AVE,njt_bus,1903,,
MAYWOOD AVE AT THOMA AVE,njt_bus,1904,,
MAYWOOD AVE AT WEST MAGNOLIA AVE,njt_bus,1920,,
THE ESPLANADE AT PASSAIC ST.,njt_bus,1939,,New York
THE ESPLANADE AT ROMAINE AVE,njt_bus,1940,,New York
THE ESPLANADE AT EAST MAGNOLIA AVE,njt_bus,1941,,New York
CAESAR PL AT MOONACHIE/COMMERCIAL AVE,njt_bus,1964,,
CAESAR PL AT MOONACHIE/COMMERCIAL AVE,njt_bus,1965,,
MOONACHIE AVE AT GRAND ST,njt_bus,1967,,
MOONACHIE AVE AT CHARLES LINDBERGH BLVD,njt_bus,1968,,
MOONACHIE AVE AT MOONACHIE RD,njt_bus,1969,,
MOONACHIE AVE AT REDNECK AVE,njt_bus,1970,,
MOONACHIE AVE AT CHARLES LINDBERGH BLVD,njt_bus,1971,,
MOONACHIE RD AT MOONACHIE AVE,njt_bus,1972,,
MOONACHIE RD AT MOONACHIE AVE,njt_bus,1978,,
W COMMERCIAL AVE 473'E OF CAESAR PL,njt_bus,1979,,
GARDEN TERRACE AT RIDGE RD,njt_bus,2024,,
RIDGE RD AT GARDEN TERRACE,njt_bus,2025,,Newark
RIDGE RD AT INMAN PL,njt_bus,2026,,Newark
RIDGE RD AT ABBOTT PL,njt_bus,2027,,Newark
RIDGE RD AT ARLINGTON BLVD,njt_bus,2028,,Newark
RIDGE RD AT STOVER AVE,njt_bus,2029,,Newark
RIDGE RD AT ASTOR AVE,njt_bus,2030,,Newark
RIDGE RD AT NOEL DR,njt_bus,2031,,Newark
RIDGE RD AT BERGEN AVE,njt_bus,2032,,Newark
RIDGE RD AT CANTERBURY AVE,njt_bus,2033,,Newark
RIDGE RD AT JAUNCEY AVE,njt_bus,2034,,Hackensack
RIDGE RD AT RIDGE PARK DR,njt_bus,2035,,Hackensack
RIDGE RD AT ASTOR AVE,njt_bus,2036,,Hackensack
RIDGE RD AT CRYSTAL ST,njt_bus,2037,,Hackensack
RIDGE RD AT ARLINGTON BLVD,njt_bus,2038,,Hackensack
RIDGE RD AT ABBOTT PL,njt_bus,2039,,Hackensack
RIDGE RD AT GARDEN TERRACE,njt_bus,2040,,Hackensack
RIDGE RD AT BELLEVILLE TPKE,njt_bus,2041,,Hackensack
ESSEX ST AT HIGH ST,njt_bus,2421,,
ESSEX ST AT ROCHELLE AVE,njt_bus,2422,,
ROCHELLE AVE AT ESSEX ST,njt_bus,2434,,
ROCHELLE AVE AT ESSEX ST,njt_bus,2442,,
RUTHERFORD RAIL STATION,njt_bus,2443,,
ORIENT WAY AT CRANE AVE,njt_bus,2444,,
ORIENT WAY AT PIERREPONT AVE,njt_bus,2445,,
ORIENT WAY AT HIGHLAND CROSS,njt_bus,2446,,
ORIENT WAY AT PASSAIC AVE,njt_bus,2447,,
ORIENT WAY AT PASSAIC AVE,njt_bus,2448,,
ORIENT WAY AT HIGHLAND CROSS,njt_bus,2449,,
ORIENT WAY AT PIERREPONT AVE,njt_bus,2450,,
ORIENT WAY AT WOODLAND AVE,njt_bus,2451,,
RIDGE RD AT VAN RIPER AVE,njt_bus,2452,,Newark
RIDGE RD AT WOODLAND AVE,njt_bus,2453,,Newark
RIDGE RD AT SUMMIT CROSS,njt_bus,2454,,Newark
RIDGE RD AT PASSAIC AVE,njt_bus,2455,,Newark
RIDGE RD AT PASSAIC AVE,njt_bus,2456,,Hackensack
RIDGE RD AT SUMMIT CROSS,njt_bus,2457,,Hackensack
RIDGE RD AT WOODLAND AVE,njt_bus,2458,,Hackensack
RIDGE RD AT MARGINAL RD,njt_bus,2459,,Hackensack
RT-3 SERVICE RD AT ORIENT WAY,njt_bus,2460,,
RUTHERFORD AVE AT POLITO AVE,njt_bus,2461,,Clifton
RUTHERFORD RAIL STATION,njt_bus,2462,,
UNION AVE AT DARWIN AVE,njt_bus,2463,,
UNION AVE AT JACKSON AVE,njt_bus,2464,,
UNION AVE AT SPRINGFIELD AVE,njt_bus,2465,,
UNION AVE AT CARMITA AVE,njt_bus,2466,,
UNION AVE AT MONTROSS AVE,njt_bus,2467,,
UNION AVE AT WOOD STREET,njt_bus,2468,,
UNION AVE AT MORTIMER AVE,njt_bus,2469,,
UNION AVE AT CHESTNUT ST,njt_bus,2470,,
UNION AVE AT WOOD ST,njt_bus,2471,,
UNION AVE AT MONTROSS AVE,njt_bus,2472,,
UNION AVE AT CARMITA AVE,njt_bus,2473,,
UNION AVE 86'E OF BEECH ST,njt_bus,2474,,
UNION AVE AT JACKSON AVE,njt_bus,2475,,
UNION AVE AT DARWIN AVE,njt_bus,2476,,
VETERANS BLVD AT ALTMAN DR,njt_bus,2477,,Ridgewood
VETERANS BLVD 800'S OF BOROUGH ST,njt_bus,2478,,Ridgewood
VETERANS BLVD AT BOROUGH ST,njt_bus,2479,,Ridgewood
VETERANS BLVD AT BOROUGH ST,njt_bus,2480,,New York
VETERANS BLVD. & MEADOWS OFFICE COMPLEX,njt_bus,2481,,New York
VETERANS BLVD AT ALTMAN DR,njt_bus,2482,,New York
5TH ST AT OUTWATER LANE,njt_bus,2483,,Paterson
5TH ST AT PRESIDENT ST,njt_bus,2484,,Paterson
5TH ST 150' S OF JEFFERSON AVE.,njt_bus,2485,,Paterson
5TH ST AT LANZA AVE,njt_bus,2486,,Paterson
5TH ST AT VICTOR ST,njt_bus,2487,,Paterson
5TH ST AT LANZA AVE,njt_bus,2488,,Paramus
5TH ST 125' N of US-46,njt_bus,2489,,Paramus
5TH ST AT PRESIDENT ST,njt_bus,2490,,Paramus
MARKET ST 300'E OF 5TH ST./HICKEY TER,njt_bus,2491,,
MARKET ST AT SAMPSON ST,njt_bus,2492,,
MARKET ST AT CALDWELL AVE,njt_bus,2493,,
MARKET ST AT MAYHILL ST,njt_bus,2494,,
MARKET ST AT WESTMINSTER PL,njt_bus,2495,,
MARKET ST AT BELLA-VISTA AVE,njt_bus,2496,,
MARKET ST & FAIRVIEW AVE,njt_bus,2497,,
MARKET ST & SADDLE RIVER RD,njt_bus,2498,,
MARKET ST AT BELLA-VISTA AVE,njt_bus,2499,,
MARKET ST AT WESTMINSTER PL,njt_bus,2500,,
MARKET ST AT CALDWELL AVE,njt_bus,2501,,
MARKET ST AT SAMPSON ST,njt_bus,2502,,
MARKET ST AT 5TH ST,njt_bus,2503,,
MIDLAND AVE AT OUTWATER LANE,njt_bus,2504,,
MIDLAND AVE AT BANTA AVE,njt_bus,2505,,
MIDLAND AVE AT VAN BOSSUM AVE,njt_bus,2506,,
US-46 AT SIXTH ST,njt_bus,2517,,
US-46 at PRESIDENT ST,njt_bus,2518,,
US-46 108' E of SIXTH ST,njt_bus,2519,,
SADDLE RIVER RD AT MARKET ST,njt_bus,2520,,
SADDLE RIVER RD AT ACKERMAN AVE,njt_bus,2521,,
SADDLE RIVER RD AT ACKERMAN AVE,njt_bus,2538,,
SADDLE RIVER AVE AT GARFIELD PL,njt_bus,2551,,
SADDLE RIVER AVE AT SOUTH MAIN ST,njt_bus,2552,,
SADDLE RIVER AVE AT SOUTH MAIN ST,njt_bus,2553,,
SADDLE RIVER AVE AT GARFIELD PL,njt_bus,2554,,
SOUTH MAIN ST AT TERHUNE AVE,njt_bus,2555,,
WESLEY ST AT GREEN ST,njt_bus,2556,,
WESLEY ST AT SCHRIEFER ST,njt_bus,2557,,Westwood
WESLEY ST AT SCHRIEFER ST,njt_bus,2560,,New York
WESLEY ST 211' E OF GREEN ST,njt_bus,2561,,New York
INDUSTRIAL AVE AT VINCENT PL,njt_bus,2778,,
INDUSTRIAL AVE 950'N OF MALCOLM AVE,njt_bus,2779,,
INDUSTRIAL AVE AT VINCENT PL,njt_bus,2780,,
US-46 AT INDUSTRIAL AVE/HOLISTER RD,njt_bus,2781,,
US-46 at FRED WEHRAN DR,njt_bus,2782,,
US-46 at HUYLER ST,njt_bus,2783,,
US-46 at CENTRAL AVE,njt_bus,2784,,
US-46 AT INDUSTRIAL AVE/HOLISTER RD,njt_bus,2785,,
HUYLER ST AT RUTA CT#,njt_bus,2786,,
HUYLER ST AT RUTA CT#,njt_bus,2787,,
GREEN ST AT NORTH ST (HENRY ST),njt_bus,2788,,
GREEN ST AT NORTH ST (HENRY ST),njt_bus,2789,,
LOCUST AVE AT MAPLE AVE,njt_bus,2790,,
LOCUST AVE AT HAYWARD PL,njt_bus,2791,,
LOCUST AVE AT HATHEWAY ST,njt_bus,2792,,
LOCUST AVE AT HATHEWAY ST,njt_bus,2793,,
LOCUST AVE AT HAYWARD PL,njt_bus,2794,,
LOCUST AVE 225' S OF MAPLE AVE.,njt_bus,2795,,
LOCUST AVE AT PATERSON AVE,njt_bus,2796,,
MAIN AVE AT ANDERSON AVE,njt_bus,2797,,
MAIN AVE AT HATHEWAY ST,njt_bus,2798,,
MAIN AVE AT LOCUST AVE,njt_bus,2799,,
MAIN AVE AT PARK ROW,njt_bus,2800,,
MAIN AVE AT MIDLAND AVE,njt_bus,2801,,
MAIN AVE AT CRESCENT RD,njt_bus,2802,,
MAIN AVE & BLUM ST,njt_bus,2803,,
MAIN AVE AT AL VENTURA RD,njt_bus,2804,,
MAIN AVE 130' S OF KRUG CT.,njt_bus,2805,,
MAIN AVE AT MIDLAND AVE,njt_bus,2806,,
MAIN AVE AT STEIN AVE,njt_bus,2807,,
MAIN AVE AT LOCUST AVE,njt_bus,2808,,
MAIN AVE AT HATHEWAY ST,njt_bus,2809,,
MAIN AVE AT VAN WINKLE AVE,njt_bus,2810,,
MIDLAND AVE 310'N OF STEVENS RD,njt_bus,2811,,Paterson
MIDLAND AVE AT STEVENS RD,njt_bus,2812,,Paramus
PATERSON AVE AT CURIE AVE,njt_bus,2813,,
PATERSON AVE AT JOHNSON AVE,njt_bus,2814,,
PATERSON AVE AT MT. PLEASANT AVE,njt_bus,2815,,
PATERSON AVE AT FRANKLIN ST,njt_bus,2816,,
PATERSON AVE AT ROSE ST,njt_bus,2817,,
PATERSON AVE AT PULASKI AVE,njt_bus,2818,,
LOCUST AVE AT PATERSON AVE,njt_bus,2819,,
FOURTH ST AT FRITSCH AVE,njt_bus,2830,,Ridgewood
FOURTH ST AT CENTER ST,njt_bus,2831,,Ridgewood
FOURTH ST AT MAIN AVE,njt_bus,2832,,Ridgewood
FOURTH ST AT MAIN AVE,njt_bus,2833,,New York
FOURTH ST AT CENTER ST,njt_bus,2834,,New York
FOURTH ST AT FRITSCH AVE,njt_bus,2835,,New York
HACKENSACK ST AT CENTER ST,njt_bus,2836,,Newark
HACKENSACK ST AT UNION AVE,njt_bus,2837,,Newark
HACKENSACK ST AT COLUMBIA BLVD,njt_bus,2838,,Newark
HACKENSACK ST AT WINDSOR RD,njt_bus,2839,,Newark
HACKENSACK ST AT WINDSOR RD,njt_bus,2840,,Hackensack
HACKENSACK ST AT NORTH AVE,njt_bus,2841,,Hackensack
HACKENSACK ST AT UNION AVE,njt_bus,2842,,Hackensack
HACKENSACK ST AT CENTER ST,njt_bus,2843,,Hackensack
VALLEY BLVD AT WOOD-RIDGE AVE,njt_bus,2844,,Ridgewood
VALLEY BLVD AT MARLBORO RD,njt_bus,2845,,Ridgewood
VALLEY BLVD AT INNES RD,njt_bus,2846,,Ridgewood
VALLEY BLVD AT INNES RD,njt_bus,2847,,New York
VALLEY BLVD AT MARLBORO RD,njt_bus,2848,,New York
VALLEY BLVD AT WOOD-RIDGE AVE,njt_bus,2849,,New York
BELLEVILLE AVE AT OGDEN RD,njt_bus,5098,,
BELLEVILLE AVE AT RHODE PL,njt_bus,5099,,
BELLEVILLE AVE AT FRANKLIN AVE,njt_bus,5100,,
BELLEVILLE AVE AT FRANKLIN AVE,njt_bus,5101,,
BELLEVILLE AVE AT FAIRWAY AVE,njt_bus,5102,,
BELLEVILLE AVE AT OGDEN RD,njt_bus,5103,,
BLOOMFIELD AVE AT BELMONT AVE,njt_bus,5104,,
FRANKLIN AVE AT MILL ST,njt_bus,5105,,
FRANKLIN AVE AT BELLEVILLE AVE,njt_bus,5106,,
FRANKLIN AVE 1300'N OF BELLEVILLE AVE,njt_bus,5107,,
FRANKLIN AVE AT ARTHUR ST,njt_bus,5108,,
FRANKLIN AVE AT JORALEMON ST,njt_bus,5109,,
FRANKLIN AVE AT CHESTNUT ST,njt_bus,5110,,
FRANKLIN AVE AT CHESTNUT ST,njt_bus,5111,,
FRANKLIN AVE AT JORALEMON ST,njt_bus,5112,,
FRANKLIN AVE AT CONTINENTAL AVE,njt_bus,5113,,
FRANKLIN AVE AT ESSEX CTY HOSP. MAIN ENTRANCE,njt_bus,5114,,
FRANKLIN AVE AT BELLEVILLE AVE,njt_bus,5115,,
FRANKLIN AVE AT MILL ST,njt_bus,5116,,
FRANKLIN AVE AT CLARA MAASS DR,njt_bus,5117,,
FRANKLIN ST AT NAPLES AVE,njt_bus,5118,,
FRANKLIN ST AT BELMONT AVE,njt_bus,5119,,
FRANKLIN ST 50'W OF EUGENE PL,njt_bus,5120,,
FRANKLIN ST AT NORTH 9TH ST,njt_bus,5121,,
FRANKLIN ST AT FLORENCE AVE,njt_bus,5122,,
MILL ST AT MAIN ST,njt_bus,5123,,Clinton Avenue
UNION AVE AT MILL ST,njt_bus,5124,,
UNION AVE AT BELLEVILLE AVE,njt_bus,5125,,
UNION AVE AT LLOYD PL,njt_bus,5126,,
UNION AVE AT DIVISION AVE,njt_bus,5127,,
UNION AVE AT OVERLOOK AVE,njt_bus,5128,,
UNION AVE AT GREYLOCK PKWY,njt_bus,5129,,
UNION AVE AT CREST DR,njt_bus,5130,,
UNION AVE AT WHITE OAK TER,njt_bus,5131,,
UNION AVE AT SUNSET AVE,njt_bus,5132,,
UNION AVE AT GREYLOCK PKWY,njt_bus,5133,,
UNION AVE AT OVERLOOK AVE,njt_bus,5134,,
UNION AVE AT DIVISION AVE,njt_bus,5135,,
UNION AVE AT HOLMES ST,njt_bus,5136,,
UNION AVE AT BELLEVILLE AVE,njt_bus,5137,,
UNION AVE AT MILL ST,njt_bus,5138,,
WASHINGTON AVE AT MILL ST,njt_bus,5139,,Broad Street
WASHINGTON AVE AT WILLIAM ST,njt_bus,5140,,Broad Street
WASHINGTON AVE AT BELLEVILLE AVE,njt_bus,5141,,Broad Street
WASHINGTON AVE AT RUTGERS ST,njt_bus,5142,,Broad Street
WASHINGTON AVE AT ACADEMY ST,njt_bus,5143,,Broad Street
WASHINGTON AVE AT HOLMES ST,njt_bus,5144,,Broad Street
WASHINGTON AVE AT JORALEMON ST,njt_bus,5145,,Broad Street
WASHINGTON AVE AT DIVISION AVE,njt_bus,5146,,Broad Street
WASHINGTON AVE AT LITTLE ST,njt_bus,5147,,Broad Street
WASHINGTON AVE AT GREYLOCK PKWY,njt_bus,5148,,Broad Street
WASHINGTON AVE AT CARMER AVE,njt_bus,5149,,Broad Street
WASHINGTON AVE 306'S OF CARMER AVE,njt_bus,5150,,Clinton Avenue
WASHINGTON AVE AT GREYLOCK PKWY,njt_bus,5151,,Clinton Avenue
WASHINGTON AVE AT LITTLE ST,njt_bus,5152,,Clinton Avenue
WASHINGTON AVE AT DIVISION AVE,njt_bus,5153,,Clinton Avenue
WASHINGTON AVE AT JORALEMON ST,njt_bus,5154,,Clinton Avenue
WASHINGTON AVE AT HOLMES ST,njt_bus,5155,,Clinton Avenue
WASHINGTON AVE AT RUTGERS ST,njt_bus,5156,,Clinton Avenue
WASHINGTON AVE AT BELLEVILLE AVE,njt_bus,5157,,Clinton Avenue
WASHINGTON AVE AT WILLIAM ST,njt_bus,5158,,Clinton Avenue
WASHINGTON AVE AT MILL ST,njt_bus,5159,,Clinton Avenue
BAY AVE AT BROUGHTON AVE,njt_bus,5160,,
BELLEVILLE AVE AT PATTON DR (WILLET),njt_bus,5161,,
BELLEVILLE AVE AT DAVEY ST,njt_bus,5162,,
BELLEVILLE AVE AT FOREST DR,njt_bus,5163,,
BELLEVILLE AVE AT WILLIAMSON AVE,njt_bus,5164,,
BELLEVILLE AVE AT JFK DR,njt_bus,5165,,
BELLEVILLE AVE AT BROAD ST,njt_bus,5166,,
BELLEVILLE AVE AT JFK DR,njt_bus,5167,,
BELLEVILLE AVE AT WILLIAMSON AVE,njt_bus,5168,,
BELLEVILLE AVE AT ORCHARD ST,njt_bus,5169,,
BELLEVILLE AVE AT SMITH ST,njt_bus,5170,,
BELLEVILLE AVE AT MORTON ST,njt_bus,5171,,
BLOOMFIELD AVE AT AMPERE PKWY,njt_bus,5172,,
BLOOMFIELD AVE AT GROVE ST,njt_bus,5173,,
BLOOMFIELD AVE AT WATSESSING AVE,njt_bus,5174,,
BLOOMFIELD AVE AT BERKELEY PL,njt_bus,5175,,
BLOOMFIELD AVE AT HILL ST,njt_bus,5176,,
BLOOMFIELD AVE AT NEWARK AVE,njt_bus,5177,,
BLOOMFIELD AVE AT MUNICIPAL PLAZA,njt_bus,5178,,
BLOOMFIELD AVE AT LIBERTY ST,njt_bus,5179,,
BLOOMFIELD AVE AT PARK ST,njt_bus,5180,,
BLOOMFIELD AVE AT WARD ST,njt_bus,5181,,
BLOOMFIELD AVE AT BURROUGHS PLACE,njt_bus,5182,,
BLOOMFIELD AVE AT ORANGE ST,njt_bus,5183,,
BLOOMFIELD AVE AT ELLA ST,njt_bus,5184,,
BLOOMFIELD AVE AT WATSESSING AVE,njt_bus,5185,,
BLOOMFIELD AVE AT BERKELEY AVE,njt_bus,5186,,
BLOOMFIELD AVE AT AMPERE PKWY,njt_bus,5187,,
BLOOMFIELD AVE AT NORTH 15TH ST,njt_bus,5188,,
BROAD ST AT LIBERTY ST,njt_bus,5189,,
BROAD ST AT BELLEVILLE AVE,njt_bus,5190,,
BROAD ST AT ALMIRA ST,njt_bus,5191,,
BROAD ST AT JAMES ST,njt_bus,5192,,
BROAD ST AT HOOVER AVE,njt_bus,5193,,
BROAD ST AT VERNON TERR,njt_bus,5194,,
BROAD ST AT BAY AVE,njt_bus,5195,,
BROAD ST 921'E OF BAY AVE,njt_bus,5196,,
BROAD ST AT GLEN RIDGE PKWY,njt_bus,5197,,
BROAD ST AT BROOKDALE GARDENS,njt_bus,5198,,
BROAD ST AT JOHNSON AVE,njt_bus,5199,,
BROAD ST AT WATCHUNG AVE,njt_bus,5200,,
BROAD ST AT WINDING LN,njt_bus,5201,,
BROAD ST AT MEADOW LN,njt_bus,5202,,
BROAD ST AT WEST PASSAIC AVE,njt_bus,5203,,
BROAD ST AT BELLEVUE AVE,njt_bus,5204,,
BROAD ST AT BROADACRES DR,njt_bus,5205,,
BROAD ST AT RED MAPLE AVE,njt_bus,5206,,
BROAD ST AT RED MAPLE AVE,njt_bus,5207,,
BROAD ST AT WEST PASSAIC AVE,njt_bus,5208,,
BROAD ST AT PARKVIEW DR,njt_bus,5209,,
BROAD ST AT WATCHUNG AVE,njt_bus,5210,,
BROAD ST AT JOHNSON AVE,njt_bus,5211,,
BROAD ST 85' E OF BROOKDALE GARDENS,njt_bus,5212,,
BROAD ST AT SUNSET AVE,njt_bus,5213,,
BROAD ST AT GLEN RIDGE PKWY,njt_bus,5214,,
BROAD ST 921'W OF GLEN RIDGE PKWY,njt_bus,5215,,
BROAD ST AT BAY AVE,njt_bus,5216,,
BROAD ST AT WARREN ST,njt_bus,5217,,
BROAD ST AT BALDWIN ST,njt_bus,5218,,
BROAD ST AT PITT ST,njt_bus,5219,,
BROAD ST AT BENSON ST,njt_bus,5220,,
BROAD ST AT BELLEVILLE AVE,njt_bus,5221,,
BROAD ST AT LIBERTY ST,njt_bus,5222,,
BROUGHTON AVE AT BAY AVE,njt_bus,5223,,
BROUGHTON AVE AT PETTIT ST,njt_bus,5224,,
BROUGHTON AVE AT FRITZ ST,njt_bus,5225,,
BROUGHTON AVE AT STONE ST,njt_bus,5226,,
BROUGHTON AVE AT HOBSON ST,njt_bus,5227,,
BROUGHTON AVE AT BESSIDA ST,njt_bus,5228,,
BROUGHTON AVE AT PALMER ST,njt_bus,5229,,
BROUGHTON AVE AT PIERSON ST,njt_bus,5230,,
BROUGHTON AVE AT BESSIDA ST,njt_bus,5231,,
BROUGHTON AVE AT ACKERMAN ST,njt_bus,5232,,
BROUGHTON AVE AT RECTOR PL,njt_bus,5233,,
BROUGHTON AVE AT UNION PL,njt_bus,5234,,
BROUGHTON AVE AT PETTIT ST,njt_bus,5235,,
BROUGHTON AVE AT BAY AVE,njt_bus,5236,,
CONGER ST AT GLENWOOD AVE,njt_bus,5237,,
DODD ST AT ARCH ST,njt_bus,5238,,
EAST PASSAIC AVE AT WEST PASSAIC AVE,njt_bus,5239,,
EAST PASSAIC AVE AT WEST PASSAIC AVE,njt_bus,5240,,
1ST AVE AT NORTH 16TH ST,njt_bus,5241,,
1ST AVE AT NORTH 16TH ST,njt_bus,5242,,
FRANKLIN ST AT BALDWIN PL,njt_bus,5243,,
FRANKLIN ST AT BERKELEY AVE,njt_bus,5244,,
FRANKLIN ST AT WILLARD AVE,njt_bus,5245,,
FRANKLIN ST AT HILL ST,njt_bus,5246,,
FRANKLIN ST AT FREMONT ST,njt_bus,5247,,
FRANKLIN ST AT MUNICIPAL PLAZA,njt_bus,5248,,
FRANKLIN ST AT HILL ST,njt_bus,5249,,
FRANKLIN ST AT WILLARD AVE,njt_bus,5250,,
FRANKLIN ST AT LEXINGTON AVE,njt_bus,5251,,
FRANKLIN ST AT BERKELEY AVE,njt_bus,5252,,
GLENWOOD AVE AT EVERGREEN AVE,njt_bus,5253,,
GLENWOOD AVE AT SECOND ST,njt_bus,5254,,
GLENWOOD AVE AT CONGER ST,njt_bus,5255,,
GLENWOOD AVE AT LACKAWANNA PLAZA,njt_bus,5256,,
GLENWOOD AVE AT SECOND ST,njt_bus,5257,,
GLENWOOD AVE AT EVERGREEN AVE,njt_bus,5258,,
GROVE ST AT ABINGTON AVE,njt_bus,5259,,
GROVE ST AT TUNBRIDGE PL,njt_bus,5260,,
GROVE ST AT BLOOMFIELD AVE,njt_bus,5261,,
GROVE ST 325'E OF BLOOMFIELD AVE,njt_bus,5262,,
GROVE ST AT BLOOMFIELD AVE,njt_bus,5263,,
GROVE ST AT CHESTER AVE,njt_bus,5264,,
GROVE ST AT BEARDSLEY AVE,njt_bus,5265,,
GROVE ST AT ABINGTON AVE,njt_bus,5266,,
HOFFMAN BLVD AT BEARDSLEY AVE,njt_bus,5267,,
HOFFMAN BLVD AT BEARDSLEY AVE,njt_bus,5268,,
LIBERTY ST AT BROAD ST,njt_bus,5269,,
MUNICIPAL PLAZA AT BLOOMFIELD AVE,njt_bus,5270,,
MYRTLE ST AT ORANGE ST,njt_bus,5271,,
PROSPECT ST AT MYRTLE ST,njt_bus,5272,,
PROSPECT ST AT LOCUST AVE,njt_bus,5273,,
PROSPECT ST AT LOCUST AVE,njt_bus,5274,,
PROSPECT ST AT THORNTON ST,njt_bus,5275,,
W PASSAIC AVE AT DARLING AVE,njt_bus,5276,,
W PASSAIC AVE AT BOLTEN PL,njt_bus,5277,,
W PASSAIC AVE AT DAY ST,njt_bus,5278,,New York
W PASSAIC AVE AT EAST PASSAIC AVE,njt_bus,5279,,New York
W PASSAIC AVE AT BOLTEN PL,njt_bus,5280,,
W PASSAIC AVE AT DARLING AVE,njt_bus,5281,,
WATSESSING AVE AT FRANKLIN ST#,njt_bus,5282,,
WATSESSING AVE AT GROVE ST#,njt_bus,5283,,
WATSESSING AVE AT GROVE ST#,njt_bus,5284,,
WATSESSING AVE AT FRANKLIN ST#,njt_bus,5285,,
BLOOMFIELD AVE AT MAGNOLIA LANE,njt_bus,5286,,
BLOOMFIELD AVE 379'E OF PROSPECT ST,njt_bus,5287,,
BLOOMFIELD AVE AT ACADEMY RD,njt_bus,5288,,
BLOOMFIELD AVE AT BROOKSIDE AVE,njt_bus,5289,,
BLOOMFIELD AVE AT ROSELAND AVE,njt_bus,5290,,
BLOOMFIELD AVE 618' E OF PROVOST SQ.,njt_bus,5291,,
BLOOMFIELD AVE AT ELM RD,njt_bus,5292,,
BLOOMFIELD AVE AT RYERSON AVE,njt_bus,5293,,
BLOOMFIELD AVE AT MOUNTAIN AVE,njt_bus,5294,,
BLOOMFIELD AVE AT LINWOOD TERRACE,njt_bus,5295,,
BLOOMFIELD AVE AT ELM RD,njt_bus,5296,,
BLOOMFIELD AVE AT ARLINGTON AVE,njt_bus,5297,,
BLOOMFIELD AVE AT SMULL AVE,njt_bus,5298,,
BLOOMFIELD AVE AT CLEVELAND ST,njt_bus,5299,,
BLOOMFIELD AVE AT PROSPECT ST,njt_bus,5300,,
BLOOMFIELD AVE 214' W OF WESTOVER AVE.,njt_bus,5301,,
ROSELAND AVE AT BLOOMFIELD AVE#,njt_bus,5302,,Newark
ROSELAND AVE AT OAK GROVE RD,njt_bus,5303,,West Caldwell
ROSELAND AVE AT OAK GROVE RD,njt_bus,5304,,Newark
POMPTON AVE AT HIGHLAND RD,njt_bus,5305,,Newark
POMPTON AVE AT EATON PL,njt_bus,5306,,Newark
POMPTON AVE AT EAST BRADFORD AVE,njt_bus,5307,,Newark
POMPTON AVE AT UNION ST,njt_bus,5308,,Newark
POMPTON AVE (RT-23) AT BOWDEN RD,njt_bus,5309,,Newark
POMPTON AVE AT MYRTLE AVE,njt_bus,5310,,Newark
POMPTON AVE AT BORTIC RD,njt_bus,5311,,Newark
POMPTON AVE AT STEVENS AVE,njt_bus,5312,,Newark
POMPTON AVE AT MONTCLAIR AVE,njt_bus,5313,,
POMPTON AVE AT MONTCLAIR AVE,njt_bus,5314,,
POMPTON AVE AT STEVENS AVE,njt_bus,5315,,Willowbrook
POMPTON AVE 80'N OF VINCENT RD,njt_bus,5316,,Willowbrook
POMPTON AVE AT MAWAL DR,njt_bus,5317,,Willowbrook
POMPTON AVE AT BRUNSWICK RD,njt_bus,5318,,Willowbrook
POMPTON AVE (RT-23) AT BOWDEN RD,njt_bus,5319,,Willowbrook
POMPTON AVE 290' S OF VREELAND LN,njt_bus,5320,,Willowbrook
POMPTON AVE AT WEST BRADFORD AVE,njt_bus,5321,,Willowbrook
POMPTON AVE AT SOUTH MOUNTAIN AVE,njt_bus,5322,,Willowbrook
POMPTON AVE AT HIGHLAND RD,njt_bus,5323,,Willowbrook
RIDGE RD AT JEFFERSON ST,njt_bus,5324,,
RIDGE RD AT CEDAR RIDGE DR,njt_bus,5325,,
RIDGE RD AT BRADFORD AVE,njt_bus,5326,,
RIDGE RD AT BRIARHILL RD,njt_bus,5327,,
RIDGE RD AT CEDAR ST,njt_bus,5328,,
RIDGE RD AT RESERVOIR PL,njt_bus,5329,,
RIDGE RD AT LAKEWOOD AVE,njt_bus,5330,,
RIDGE RD AT BRIARWOOD TERRACE,njt_bus,5331,,
RIDGE RD AT BRIARWOOD TERRACE,njt_bus,5332,,
RIDGE RD AT LAKEWOOD AVE,njt_bus,5333,,
RIDGE RD AT SHERMAN AVE,njt_bus,5334,,
RIDGE RD AT RUGBY RD,njt_bus,5335,,
RIDGE RD AT UNION ST,njt_bus,5336,,
RIDGE RD AT BRADFORD AVE,njt_bus,5337,,
RIDGE RD AT CEDAR RIDGE DR,njt_bus,5338,,
RIDGE RD AT SOUTH DEVONSHIRE RD,njt_bus,5339,,
STEVENS AVE AT EAST LINDSLEY RD,njt_bus,5340,,Newark
STEVENS AVE AT EAST LINDSLEY RD,njt_bus,5341,,Willowbrook
CENTRAL AVE AT SCOTLAND RD,njt_bus,5342,,
CENTRAL AVE AT LINCOLN AVE,njt_bus,5343,,
CENTRAL AVE 120' W OF CARTERET PL,njt_bus,5344,,
CENTRAL AVE 50' W OF SOUTH ESSEX AVE,njt_bus,5345,,
CENTRAL AVE AT SOUTH CENTER ST,njt_bus,5346,,
CENTRAL AVE AT HICKORY ST,njt_bus,5347,,
CENTRAL AVE AT OAKWOOD AVE,njt_bus,5348,,
CENTRAL AVE AT OAKWOOD AVE,njt_bus,5349,,
CENTRAL AVE AT HICKORY ST,njt_bus,5350,,
CENTRAL AVE AT SOUTH CENTER ST,njt_bus,5351,,
CENTRAL AVE 150' E OF SOUTH ESSEX AVE,njt_bus,5352,,
CENTRAL AVE AT LINCOLN AVE,njt_bus,5353,,
CENTRAL AVE AT SCOTLAND RD,njt_bus,5354,,
DODD ST AT THOMAS BLVD,njt_bus,5355,,Montclair
HENRY ST AT SOUTH ESSEX AVE,njt_bus,5356,,
HENRY ST AT SOUTH ESSEX AVE,njt_bus,5357,,
HIGH ST AT MAIN ST,njt_bus,5358,,
HIGH ST AT WHITE ST,njt_bus,5359,,
HIGH ST AT PARK AVE,njt_bus,5360,,
HIGH ST AT PARK AVE,njt_bus,5361,,
HIGH ST AT WHITE ST,njt_bus,5362,,
LINCOLN AVE AT CENTRAL AVE,njt_bus,5363,,
LINCOLN AVE AT HENRY ST,njt_bus,5364,,
LINCOLN AVE AT FRANKFORT ST,njt_bus,5365,,
ERIE LOOP,njt_bus,5366,,
ERIE LOOP (OFF MAIN ST AT BUS SHELTER),njt_bus,5367,,
MAIN ST AT BELL ST,njt_bus,5368,,
MAIN ST AT SCOTLAND RD,njt_bus,5369,,
MAIN ST AT TONY GALENTO PLAZA,njt_bus,5370,,
MAIN ST AT DAY ST,njt_bus,5371,,
MAIN ST AT SOUTH CENTER ST,njt_bus,5372,,
MAIN ST AT HICKORY ST,njt_bus,5373,,
MAIN ST AT PRINCE ST,njt_bus,5374,,
MAIN ST AT GLENWOOD AVE,njt_bus,5375,,
MAIN ST AT HILLYER ST,njt_bus,5376,,
MAIN ST AT PARK ST,njt_bus,5377,,
MAIN ST AT NORTH CENTER ST,njt_bus,5378,,
MAIN ST AT DAY ST,njt_bus,5379,,
MAIN ST 100' W OF HIGH ST,njt_bus,5380,,
MAIN ST 80' W OF BELL ST,njt_bus,5381,,
ERIE LOOP,njt_bus,5382,,
DAY ST AT MAIN ST,njt_bus,5383,,
NORTH DAY ST AT WHITE ST,njt_bus,5384,,
NORTH DAY ST AT PARK AVE,njt_bus,5385,,
NORTH DAY ST AT ALDEN ST,njt_bus,5386,,
NORTH DAY ST AT PARK AVE,njt_bus,5387,,
NORTH DAY ST AT WHITE ST,njt_bus,5388,,
DAY ST AT MAIN ST,njt_bus,5389,,
PARK AVE AT CLEVELAND ST,njt_bus,5390,,
PARK AVE AT NORTH DAY ST,njt_bus,5391,,
PARK AVE AT PARK PL,njt_bus,5392,,
PARK AVE AT NORTH DAY ST,njt_bus,5393,,
PARK AVE AT CLEVELAND ST,njt_bus,5394,,
RR PLACE AT ESSEX AVE/S DAY ST,njt_bus,5395,,
RR PLACE AT ESSEX AVE/S DAY ST,njt_bus,5396,,
SCOTLAND RD 70' N OF RANDOLPH PL,njt_bus,5397,,
SCOTLAND RD AT HEYWOOD AVE,njt_bus,5398,,
SCOTLAND RD AT WILLOW ST,njt_bus,5399,,
SCOTLAND RD AT LINCOLN PL,njt_bus,5400,,
SCOTLAND RD AT FAIRVIEW AVE,njt_bus,5401,,
SCOTLAND RD AT HIGHLAND AVE,njt_bus,5402,,
SCOTLAND RD AT NEW ENGLAND TER,njt_bus,5403,,
SCOTLAND RD AT MINTON PL,njt_bus,5404,,
SCOTLAND RD AT MECHANIC ST,njt_bus,5405,,
SCOTLAND RD AT MAIN ST,njt_bus,5406,,
SCOTLAND RD AT GLEBE ST,njt_bus,5407,,
SCOTLAND RD 210' N OF CENTRAL AVE,njt_bus,5408,,
SCOTLAND RD AT MITCHELL ST,njt_bus,5409,,
SCOTLAND RD AT FREEMAN ST,njt_bus,5410,,
SCOTLAND RD AT NASSAU ST,njt_bus,5411,,
SCOTLAND RD AT MCCHESNEY ST,njt_bus,5412,,
SCOTLAND RD AT TREMONT AVE,njt_bus,5413,,
SCOTLAND RD AT CHESTNUT ST,njt_bus,5414,,
SCOTLAND RD AT ARGYLE AVE,njt_bus,5415,,
SCOTLAND RD AT RANDOLPH PL,njt_bus,5416,,
SOUTH DAY ST AT HENRY ST,njt_bus,5417,,
SOUTH DAY ST AT FREEWAY DRIVE EAST,njt_bus,5418,,
SOUTH DAY ST AT FREEWAY DRIVE WEST,njt_bus,5419,,
SOUTH DAY ST AT HENRY ST,njt_bus,5420,,
THOMAS BLVD 150'N OF WASHINGTON ST,njt_bus,5421,,
THOMAS BLVD AT DODD ST,njt_bus,5422,,
THOMAS BLVD AT HAYWARD ST,njt_bus,5423,,
THOMAS BLVD AT HAYWARD ST,njt_bus,5424,,
THOMAS BLVD AT DODD ST,njt_bus,5425,,
THOMAS BLVD AT WASHINGTON ST,njt_bus,5426,,
TREMONT AVE AT LINCOLN AVE,njt_bus,5427,,
TREMONT AVE AT BERKELEY AVE,njt_bus,5428,,
TREMONT AVE AT MOSSWOOD AVE,njt_bus,5429,,
TREMONT ST AT VETERAN'S HOSPITAL/S CENTER ST,njt_bus,5430,,
TREMONT ST AT VETERAN'S HOSPITAL/S CENTER ST,njt_bus,5431,,
TREMONT AVE AT SYLVAN WAY,njt_bus,5432,,
TREMONT AVE AT BERKELEY AVE,njt_bus,5433,,
TREMONT AVE AT LINCOLN AVE,njt_bus,5434,,
TREMONT AVE AT SCOTLAND RD,njt_bus,5435,,
WASHINGTON ST AT BRADFORD ST,njt_bus,5436,,East Orange
WASHINGTON ST AT MEADE ST,njt_bus,5437,,Montclair
1ST AVE AT WARWICK ST,njt_bus,5438,,
1ST AVE AT AMPERE PKWY,njt_bus,5439,,
1ST AVE AT AMPERE PKWY,njt_bus,5440,,
1ST AVE AT WARWICK ST,njt_bus,5441,,
9TH AVE AT STEUBEN ST,njt_bus,5442,,
9TH AVE AT SOUTH 16TH ST,njt_bus,5443,,
9TH AVE AT SOUTH 16TH ST,njt_bus,5444,,
AMPERE PLAZA AT FOURTH AVE,njt_bus,5445,,
AMPERE PLAZA AT FOURTH AVE,njt_bus,5446,,
AMPERE PLAZA AT 18TH ST,njt_bus,5447,,
CENTRAL AVE AT SOUTH HARRISON ST,njt_bus,5448,,
CENTRAL AVE AT HALSTED ST,njt_bus,5449,,
CENTRAL AVE AT SOUTH CLINTON ST,njt_bus,5450,,
CENTRAL AVE AT SOUTH BURNET ST,njt_bus,5451,,
CENTRAL AVE AT SHEPARD AVE,njt_bus,5452,,
CENTRAL AVE AT OAK AVE,njt_bus,5453,,
CENTRAL AVE AT SOUTH ARLINGTON AVE,njt_bus,5454,,
CENTRAL AVENUE AT SOUTH MUNN AVENUE,njt_bus,5455,,
CENTRAL AVE AT HAWTHORNE PL,njt_bus,5456,,
CENTRAL AVE AT SOUTH MAPLE AVE,njt_bus,5457,,
CENTRAL AVE AT GROVE ST. SOUTH,njt_bus,5458,,
CENTRAL AVE AT SOUTH 18TH ST,njt_bus,5459,,
CENTRAL AVE AT SOUTH 17TH ST,njt_bus,5460,,
CENTRAL AVE AT HOLLYWOOD AVE,njt_bus,5461,,
CENTRAL AVE AT GROVE ST. SOUTH,njt_bus,5462,,
CENTRAL AVE AT SOUTH MAPLE AVE,njt_bus,5463,,
CENTRAL AVE AT HAWTHORNE AVE,njt_bus,5464,,
CENTRAL AVENUE AT SOUTH MUNN AVENUE,njt_bus,5465,,
CENTRAL AVE AT SOUTH ARLINGTON AVE,njt_bus,5466,,
CENTRAL AVE AT SHEPARD AVE,njt_bus,5467,,
CENTRAL AVE AT SOUTH BURNET ST,njt_bus,5468,,
CENTRAL AVE AT S CLINTON ST,njt_bus,5469,,
CENTRAL AVE AT HALSTED ST,njt_bus,5470,,
CENTRAL AVE AT EVERGREEN PL,njt_bus,5471,,
CENTRAL AVE AT SOUTH HARRISON ST,njt_bus,5472,,
DODD ST AT KEARNY ST,njt_bus,5473,,
DODD ST AT NORTH PARK ST,njt_bus,5474,,
DODD ST AT BRIGHTON AVE,njt_bus,5475,,
DODD ST AT MIDLAND AVE,njt_bus,5476,,
DODD ST AT COLONIAL TER,njt_bus,5477,,
DODD ST AT GLENWOOD AVE,njt_bus,5478,,
DODD ST AT BOYDEN ST,njt_bus,5479,,
DODD ST AT PROSPECT ST,njt_bus,5480,,
DODD ST AT MEADOW ST,njt_bus,5481,,
DODD ST AT MEADOW ST,njt_bus,5482,,
PROSPECT & DODD,njt_bus,5483,,
DODD ST AT WESTCOTT ST,njt_bus,5484,,
DODD ST AT GLENWOOD AVE,njt_bus,5485,,
DODD ST AT COLONIAL TER,njt_bus,5486,,
DODD ST AT MIDLAND AVE,njt_bus,5487,,
DODD ST AT BRIGHTON AVE,njt_bus,5488,,
DODD ST AT COTTAGE PL,njt_bus,5489,,
DODD ST AT LONG ST,njt_bus,5490,,
EVERGREEN PL 200' N OF CENTRAL AVE,njt_bus,5491,,
EVERGREEN PL AT HARVARD ST,njt_bus,5492,,
EVERGREEN PL AT FREEWAY DR,njt_bus,5493,,
EVERGREEN PL AT HALSTED PL,njt_bus,5494,,
EVERGREEN PL AT HARVARD ST,njt_bus,5495,,
EVERGREEN PL 260' N OF CENTRAL AVE.,njt_bus,5496,,
FREEMAN AVE AT RHODE ISLAND AVE,njt_bus,5497,,
FREEMAN AVE AT ELMWOOD AVE,njt_bus,5498,,
FREEMAN AVE AT CENTRAL AVE,njt_bus,5499,,
FREEMAN AVE AT LINDEN AVE,njt_bus,5500,,
FREEMAN AVE AT ELMWOOD AVE,njt_bus,5501,,
FREEMAN AVE AT RHODE ISLAND AVE,njt_bus,5502,,
GROVE ST. SOUTH AT CENTRAL AVE,njt_bus,5503,,
GROVE ST. SOUTH AT 9TH AVE,njt_bus,5504,,
GROVE ST. SOUTH AT SUSSEX AVE,njt_bus,5505,,
GROVE ST. NORTH AT EATON PL,njt_bus,5506,,
GROVE ST. NORTH AT GROVE PL,njt_bus,5507,,
GROVE ST. NORTH AT WILLIAM ST,njt_bus,5508,,
GROVE ST. NORTH 470' N OF WILLIAM ST,njt_bus,5509,,
GROVE ST AT PARK AVE,njt_bus,5510,,
GROVE ST. NORTH AT 4TH AVE,njt_bus,5511,,
GROVE ST. NORTH AT SPRINGDALE AVE,njt_bus,5512,,
GROVE ST. NORTH AT RUTLEDGE AVE,njt_bus,5513,,
GROVE ST. NORTH AT HOFFMAN BLVD,njt_bus,5514,,
GROVE ST. NORTH AT HOFFMAN BLVD,njt_bus,5515,,
GROVE ST. NORTH AT RUTLEDGE AVE,njt_bus,5516,,
GROVE ST. NORTH AT SPRINGDALE AVE,njt_bus,5517,,
GROVE ST AT PARK AVE,njt_bus,5518,,
GROVE ST. NORTH AT WILLIAM ST,njt_bus,5519,,
GROVE ST. NORTH AT NEW ST,njt_bus,5520,,
GROVE ST. NORTH AT EATON PL,njt_bus,5521,,
GROVE ST. SOUTH AT SUSSEX AVE,njt_bus,5522,,
GROVE ST. SOUTH AT 9TH AVE,njt_bus,5523,,
GROVE ST. SOUTH AT ASHLAND PLACE,njt_bus,5524,,
HALSTED ST AT CENTRAL AVE,njt_bus,5525,,Montclair
HALSTED ST AT HARVARD ST,njt_bus,5526,,Montclair
HALSTED ST AT UNIVERSITY PL,njt_bus,5527,,Montclair
HALSTED ST AT DR MARTIN LUTHER KING JR BLVD,njt_bus,5528,,East Orange
HALSTED ST AT HALSTED PL,njt_bus,5529,,East Orange
HALSTED ST AT HARVARD ST,njt_bus,5530,,East Orange
HOFFMAN BLVD AT GROVE ST. NORTH,njt_bus,5531,,
HOFFMAN BLVD AT LA FRANCE AVE,njt_bus,5532,,
HOFFMAN BLVD AT ABINGTON AVE,njt_bus,5533,,
HOFFMAN BLVD AT GROVE ST. NORTH,njt_bus,5534,,
LONG ST AT DODD ST,njt_bus,5535,,
ML KING JR BLVD AT S HARRISON ST,njt_bus,5536,,
ML KING JR BLVD AT PROSPECT ST,njt_bus,5537,,
ML KING JR BLVD AT HALSTED ST,njt_bus,5538,,
ML KING JR BLVD AT SOUTH CLINTON ST,njt_bus,5539,,
ML KING JR BLVD AT SOUTH BURNET ST,njt_bus,5540,,
ML KING JR BLVD AT WINANS ST,njt_bus,5541,,
ML KING JR BLVD AT SOUTH MUNN AVE,njt_bus,5542,,
ML KING JR BLVD AT SOUTH GROVE ST,njt_bus,5543,,
ML KING JR BLVD AT STEUBEN ST,njt_bus,5544,,
ML KING JR BLVD AT 15TH ST,njt_bus,5545,,
ML KING JR BLVD AT 15TH ST,njt_bus,5546,,
ML KING JR BLVD AT GREENWOOD AVE,njt_bus,5547,,
ML KING JR BLVD AT NORTH GROVE ST,njt_bus,5548,,
ML KING JR BLVD AT NORTH MAPLE AVE,njt_bus,5549,,
ML KING JR BLVD AT NORTH MUNN AVE,njt_bus,5550,,
ML KING JR BLVD AT NORTH ARLINGTON AVE,njt_bus,5551,,
ML KING JR BLVD AT WINANS ST,njt_bus,5552,,
ML KING JR BLVD AT NORTH WALNUT ST,njt_bus,5553,,
ML KING JR BLVD AT NORTH CLINTON ST,njt_bus,5554,,
ML KING JR BLVD AT LINCOLN ST,njt_bus,5555,,
ML KING JR BLVD AT PROSPECT ST,njt_bus,5556,,
ML KING JR BLVD AT 15TH ST,njt_bus,5557,,
NORTH ARLINGTON AVE AT NORTH MAPLE AVE,njt_bus,5558,,
NORTH ARLINGTON AVE AT NORTH MAPLE AVE,njt_bus,5559,,
N HARRISON ST AT DR MARTIN LUTHER KING JR BLVD,njt_bus,5560,,Montclair
NORTH PARK ST LOOP,njt_bus,5561,,
PARK AVE AT PARK ST,njt_bus,5562,,
PARK AVE AT WASHINGTON ST,njt_bus,5563,,
PARK AVE AT GLENWOOD AVE,njt_bus,5564,,
PARK AVE AT WASHINGTON TERRACE,njt_bus,5565,,
PARK AVE AT PROSPECT ST,njt_bus,5566,,
PARK AVE AT LINCOLN ST,njt_bus,5567,,
PARK AVE AT NORTH CLINTON ST,njt_bus,5568,,
PARK AVE AT NORTH ARLINGTON AVE,njt_bus,5569,,
PARK AVE AT NORTH ORATON PKWY,njt_bus,5570,,
PARK AVE AT GROVE ST,njt_bus,5571,,
PARK AVE AT STOCKTON PL,njt_bus,5572,,
PARK AVE AT NORTH 19TH ST,njt_bus,5573,,
PARK AVE AT NORTH 17TH ST,njt_bus,5574,,
PARK AVE AT NORTH 15TH ST,njt_bus,5575,,
PARK AVE AT NORTH 15TH ST,njt_bus,5576,,
PARK AVE AT NORTH 17TH ST,njt_bus,5577,,
PARK AVE AT NORTH 19TH ST,njt_bus,5578,,
PARK AVE AT STOCKTON PL,njt_bus,5579,,
PARK AVE AT GROVE ST,njt_bus,5580,,
PARK AVE AT NORTH ORATON PKWY,njt_bus,5581,,
PARK AVE AT NORTH ARLINGTON AVE,njt_bus,5582,,
PARK AVE AT NORTH WALNUT ST,njt_bus,5583,,
PARK AVE AT LINCOLN ST,njt_bus,5584,,
PARK AVE AT PROSPECT ST,njt_bus,5585,,
PARK AVE AT WOODLAND AVE,njt_bus,5586,,
PARK AVE AT GLENWOOD AVE,njt_bus,5587,,
PARK AVE AT WASHINGTON ST,njt_bus,5588,,
PARK AVE AT PARK ST,njt_bus,5589,,
PROSPECT ST AT WILLIAM ST,njt_bus,5590,,
PROSPECT ST AT PROSPECT TERRACE,njt_bus,5591,,
PROSPECT ST AT PARK AVE,njt_bus,5592,,
PROSPECT ST AT HAMILTON ST,njt_bus,5593,,
PROSPECT ST AT SPRINGDALE AVE,njt_bus,5594,,
PROSPECT ST AT ELY PL,njt_bus,5595,,
PROSPECT ST AT GLENWOOD PL,njt_bus,5596,,
PROSPECT & DODD,njt_bus,5597,,
PROSPECT ST AT OLIVE ST,njt_bus,5598,,
PROSPECT ST AT DODD ST,njt_bus,5599,,
PROSPECT ST AT RENSHAW AVE,njt_bus,5600,,
PROSPECT ST AT FRANKLIN ST,njt_bus,5601,,
PROSPECT ST AT SPRINGDALE AVE,njt_bus,5602,,
PROSPECT ST AT HAMILTON ST,njt_bus,5603,,
PROSPECT ST AT PARK AVE,njt_bus,5604,,
PROSPECT ST AT PROSPECT TERRACE,njt_bus,5605,,
PROSPECT ST AT WILLIAM ST,njt_bus,5606,,
RENSHAW AVE AT PROSPECT ST,njt_bus,5607,,
RENSHAW AVE AT NORTH CLINTON ST,njt_bus,5608,,
RENSHAW AVE AT NORTH WALNUT ST,njt_bus,5609,,
RENSHAW AVE AT NORTH ARLINGTON AVE,njt_bus,5610,,
RENSHAW AVE AT NORTH WALNUT ST,njt_bus,5611,,
RENSHAW AVE AT NORTH CLINTON ST,njt_bus,5612,,
RENSHAW AVE AT PROSPECT ST,njt_bus,5613,,
RHODE ISLAND AVE AT CRAWFORD ST,njt_bus,5614,,
RHODE ISLAND AVE AT HALSTED ST,njt_bus,5615,,
RHODE ISLAND AVE AT SOUTH CLINTON ST,njt_bus,5616,,
RHODE ISLAND AVE AT EPPIRT ST,njt_bus,5617,,
RHODE ISLAND AVE AT GRAND AVE,njt_bus,5618,,
RHODE ISLAND AVE AT OAK ST,njt_bus,5619,,
RHODE ISLAND AVE AT SHEPARD AVE,njt_bus,5620,,
RHODE ISLAND AVE AT SOUTH CLINTON ST,njt_bus,5621,,
RHODE ISLAND AVE AT HALSTED ST,njt_bus,5622,,
RHODE ISLAND AVE AT CRAWFORD ST,njt_bus,5623,,
SANFORD ST AT RHODE ISLAND AVE,njt_bus,5624,,
SANFORD ST AT ELMWOOD AVE,njt_bus,5625,,Montclair
SANFORD ST AT CLIFFORD ST,njt_bus,5626,,Montclair
SANFORD ST AT MELROSE AVE,njt_bus,5627,,East Orange
SANFORD ST AT KENWOOD PL,njt_bus,5628,,East Orange
SANFORD ST AT ELLIOTT PL,njt_bus,5629,,
SANFORD ST AT TREMONT AVE,njt_bus,5630,,
S CLINTON ST AT S ORANGE AVE,njt_bus,5631,,
SOUTH CLINTON ST AT NORWOOD PL,njt_bus,5632,,
SOUTH CLINTON ST AT TREMONT AVE,njt_bus,5633,,
SOUTH CLINTON ST AT RHODE ISLAND AVE,njt_bus,5634,,
SOUTH CLINTON ST AT ELMWOOD AVE,njt_bus,5635,,
S CLINTON ST AT CENTRAL AVE,njt_bus,5636,,
SOUTH CLINTON ST AT ELMWOOD AVE,njt_bus,5637,,
SOUTH CLINTON ST AT RHODE ISLAND AVE,njt_bus,5638,,
SOUTH CLINTON ST AT TREMONT AVE,njt_bus,5639,,
SOUTH CLINTON ST AT NORWOOD PL,njt_bus,5640,,
S CLINTON ST AT S ORANGE AVE,njt_bus,5641,,
SOUTH HARRISON ST 56'S OF BERWYN ST,njt_bus,5642,,
SOUTH HARRISON ST AT FREEWAY DRIVE EAST,njt_bus,5643,,
SOUTH HARRISON ST AT WEBSTER PL,njt_bus,5644,,
SOUTH HARRISON ST AT BERWYN ST,njt_bus,5645,,
SOUTH HARRISON ST AT HAMPTON TER,njt_bus,5646,,
SOUTH ORANGE AVE AT ARSDALE TER,njt_bus,5647,,South Orange Avenue
SOUTH ORANGE AVE AT SOUTH CLINTON ST,njt_bus,5648,,South Orange Avenue
SPRINGDALE AVE AT NORTH PARK ST,njt_bus,5649,,
SPRINGDALE AVE AT BRIGHTON AVE,njt_bus,5650,,
SPRINGDALE AVE AT MIDLAND AVE,njt_bus,5651,,
SPRINGDALE AVE AT GLENWOOD AVE,njt_bus,5652,,
SPRINGDALE AVE AT WOODLAND AVE,njt_bus,5653,,
SPRINGDALE AVE AT PROSPECT ST,njt_bus,5654,,
SPRINGDALE AVE AT LINCOLN ST,njt_bus,5655,,
SPRINGDALE AVE AT NORTH CLINTON ST,njt_bus,5656,,
SPRINGDALE AVE AT ARLINGTON AVE,njt_bus,5657,,
SPRINGDALE AVE AT NORTH ORATON PARKWAY,njt_bus,5658,,
SPRINGDALE AVE AT GROVE ST. NORTH,njt_bus,5659,,
SPRINGDALE AVE AT NORTH 22ND ST,njt_bus,5660,,
SPRINGDALE AVE 120' E OF NORTH 21ST ST.,njt_bus,5661,,
SPRINGDALE AVE AT NORTH 20TH ST,njt_bus,5662,,
SPRINGDALE AVE AT NORTH 22ND ST,njt_bus,5663,,
SPRINGDALE AVE AT GROVE ST. NORTH,njt_bus,5664,,
SPRINGDALE AVE AT ROOSEVELT AVE,njt_bus,5665,,
SPRINGDALE AVE AT ARLINGTON AVE,njt_bus,5666,,
SPRINGDALE AVE AT PARKWAY DR,njt_bus,5667,,
SPRINGDALE AVE AT NORTH CLINTON ST,njt_bus,5668,,
SPRINGDALE AVE AT LINCOLN ST,njt_bus,5669,,
SPRINGDALE AVE AT PROSPECT ST,njt_bus,5670,,
SPRINGDALE AVE AT WOODLAND AVE,njt_bus,5671,,
SPRINGDALE AVE AT GLENWOOD AVE,njt_bus,5672,,
SPRINGDALE AVE AT MIDLAND AVE,njt_bus,5673,,
SPRINGDALE AVE AT LINWOOD PL,njt_bus,5674,,
SPRINGDALE AVE AT BRIGHTON AVE,njt_bus,5675,,
SPRINGDALE AVE AT NORTH PARK ST,njt_bus,5676,,
SPRINGDALE AVE 65' E OF SECOND RIVER CULVERT,njt_bus,5677,,
STEUBEN ST AT 9TH AVE,njt_bus,5678,,
STEUBEN ST AT SUSSEX AVE,njt_bus,5679,,
STEUBEN ST AT SUSSEX AVE,njt_bus,5680,,
SUSSEX AVE AT SOUTH 15TH ST,njt_bus,5681,,
SUSSEX AVE AT SOUTH 15TH ST,njt_bus,5682,,
TREMONT AVE AT ROSS ST,njt_bus,5683,,
TREMONT AVE AT ROSS ST,njt_bus,5684,,
WASHINGTON ST AT WASHINGTON TER,njt_bus,5685,,Montclair
WASHINGTON ST AT GLENWOOD AVE,njt_bus,5686,,Montclair
WASHINGTON ST AT PARK AVE,njt_bus,5687,,Montclair
WASHINGTON ST AT E PARK ST,njt_bus,5688,,Montclair
WASHINGTON ST AT N PARK ST,njt_bus,5689,,Montclair
WASHINGTON ST AT PARK ST,njt_bus,5690,,East Orange
WASHINGTON ST AT PARK AVE,njt_bus,5691,,East Orange
WASHINGTON ST AT GLENWOOD AVE,njt_bus,5692,,East Orange
WASHINGTON ST AT WILLIAM ST,njt_bus,5693,,East Orange
BLOOMFIELD AVE AT MOUNTAIN AVE,njt_bus,5694,,
BLOOMFIELD AVE AT WHITE ROCK RD,njt_bus,5695,,
ROSELAND AVE AT INWOOD RD#,njt_bus,5696,,West Caldwell
ROSELAND AVE AT BELAIRE DR#,njt_bus,5697,,West Caldwell
ROSELAND AVE AT RENSSELAER LANE#,njt_bus,5698,,Newark
ROSELAND AVE AT BOROUGH PL#,njt_bus,5699,,Newark
ROSELAND AVE AT PARK LANE#,njt_bus,5700,,Newark
ROSELAND AVE AT BOROUGH PL#,njt_bus,5701,,West Caldwell
ROSELAND AVE AT RUNNYMEDE RD#,njt_bus,5702,,West Caldwell
ROSELAND AVE AT LENFELL LANE#,njt_bus,5703,,Newark
FAIRFIELD RD AT KULICK RD,njt_bus,5706,,Newark
FAIRFIELD RD AT GLORIA LN,njt_bus,5707,,Newark
FAIRFIELD RD AT SPIELMAN RD,njt_bus,5708,,Newark
FAIRFIELD RD AT APPET CT,njt_bus,5709,,Newark
NEW DUTCH LANE AT KAPLAN DR,njt_bus,5710,,Newark
NEW DUTCH LANE AT ELDERIDGE RD,njt_bus,5711,,Newark
PASSAIC AVE AT GREEN BROOK RD,njt_bus,5712,,Newark
PASSAIC AVE 700' N OF FAIRFIELD AVE.,njt_bus,5713,,Newark
FAIRFIELD AVE AT LINCOLN DR,njt_bus,5714,,Newark
US-46 at HORSENECK RD,njt_bus,5720,,Morristown
US-46 AT HOLLYWOOD AVE,njt_bus,5721,,Morristown
US-46 AT FAIRFIELD RD,njt_bus,5722,,Morristown
US-46 at PASSAIC AVE,njt_bus,5723,,Morristown
US-46 at PASSAIC AVE,njt_bus,5724,,Willowbrook Mall
US-46 at FAIRFIELD RD,njt_bus,5725,,Willowbrook Mall
US-46 AT HOLLYWOOD AVE,njt_bus,5726,,Willowbrook Mall
BLOOMFIELD AVE 877' E OF MAPLE AVE.,njt_bus,5728,,
BLOOMFIELD AVE AT FREEMAN PKWY,njt_bus,5729,,
BLOOMFIELD AVE AT RIDGEWOOD AVE,njt_bus,5730,,
BLOOMFIELD AVE AT HILLSIDE AVE,njt_bus,5731,,
BLOOMFIELD AVE AT CLARK ST,njt_bus,5732,,
BLOOMFIELD AVE AT PARK AVE,njt_bus,5733,,
BLOOMFIELD AVE AT HIGH ST,njt_bus,5734,,
BLOOMFIELD AVE AT RIDGEWOOD AVE,njt_bus,5735,,
BLOOMFIELD AVE AT HIGHLAND AVE,njt_bus,5736,,
CHANCELLOR AVE AT 43RD ST,njt_bus,5737,,Newark
CHANCELLOR AVE 85' W OF KROTIK PL,njt_bus,5738,,Newark
CHANCELLOR AVE AT GREENE TERRACE,njt_bus,5739,,Newark
CHANCELLOR AVE AT CHESTNUT AVE,njt_bus,5740,,Newark
CHANCELLOR AVE AT COIT ST,njt_bus,5741,,Newark
CHANCELLOR AVE AT CORDIER ST,njt_bus,5742,,Irvington
CHANCELLOR AVE AT COIT ST,njt_bus,5743,,Irvington
CHANCELLOR AVE 150'E OF CAMPFIELD ST,njt_bus,5744,,Irvington
CHANCELLOR AVE AT UNION AVE,njt_bus,5745,,Irvington
CHANCELLOR AVE AT ESSEX ST,njt_bus,5746,,Irvington
CHANCELLOR AVE AT PARK PL,njt_bus,5747,,Irvington
CHANCELLOR AVE AT STUYVESANT AVE,njt_bus,5748,,Irvington
CHANCELLOR AVE AT 42ND ST,njt_bus,5749,,Irvington
CLINTON AVE AT SANFORD AVE,njt_bus,5750,,New York
CLINTON AVE AT SHERMAN PL,njt_bus,5751,,New York
CLINTON AVE AT STUYVESANT AVE,njt_bus,5752,,New York
CLINTON AVE AT CIVIC SQUARE,njt_bus,5753,,
CLINTON AVE AT NEW ST,njt_bus,5754,,
CLINTON AVE AT HOWARD ST,njt_bus,5755,,
CLINTON AVE AT 21ST ST,njt_bus,5756,,
CLINTON AVE AT 20TH ST,njt_bus,5757,,
CLINTON AVE AT S 21ST ST,njt_bus,5758,,
CLINTON AVE AT GROVE ST,njt_bus,5759,,
CLINTON AVE AT BRUEN AVE,njt_bus,5760,,
CLINTON AVE AT SHARON AVE,njt_bus,5761,,
CLINTON AVE AT ORANGE AVE,njt_bus,5762,,
CLINTON AVE AT CIVIC SQUARE,njt_bus,5763,,
CLINTON AVE AT STUYVESANT AVE,njt_bus,5764,,
CLINTON AVE AT HILLSIDE TERRACE,njt_bus,5765,,Irvington
CLINTON AVE AT SANFORD AVE,njt_bus,5766,,Irvington
CLINTON AVE AT ELLERY AVE,njt_bus,5767,,Irvington
CLINTON AVE AT FLORENCE AVE,njt_bus,5768,,Irvington
COIT ST AT ENS PL,njt_bus,5769,,Irvington
COIT ST 180'S OF CHANCELLOR AVE,njt_bus,5770,,Irvington
COIT ST AT MELVILLE PL,njt_bus,5771,,Clinton Avenue
COIT ST AT RENEE PL,njt_bus,5772,,Elizabeth
COIT ST AT ENS PL,njt_bus,5773,,Elizabeth
CORDIER ST AT LYONS AVE,njt_bus,5774,,Broad Street
CORDIER ST 205'S OF LYONS AVE,njt_bus,5775,,
EASTERN PKWY AT NORTH MAPLE AVE,njt_bus,5776,,New York
EASTERN PKWY AT BERKLEY TERRACE,njt_bus,5777,,New York
EASTERN PKWY AT ARGYLE TERRACE,njt_bus,5778,,New York
EASTERN PKWY AT 18TH AVE,njt_bus,5779,,New York
EASTERN PKWY AT GROVE TERRACE,njt_bus,5780,,New York
EASTERN PKWY AT 15TH AVE,njt_bus,5781,,New York
GROVE ST AT OLSON PL,njt_bus,5782,,Irvington
GROVE ST AT HERPERS ST,njt_bus,5783,,Irvington
GROVE ST AT NYE AVE,njt_bus,5784,,Irvington
GROVE ST AT CLINTON AVE,njt_bus,5785,,Irvington
GROVE ST AT BERKELEY TERRACE,njt_bus,5786,,
GROVE ST AT 19TH AVE,njt_bus,5787,,
GROVE ST AT 18TH AVE,njt_bus,5788,,
GROVE ST AT 17TH AVE,njt_bus,5789,,
GROVE ST AT 16TH AVE,njt_bus,5790,,
GROVE ST AT 15TH AVE,njt_bus,5791,,
GROVE ST AT 14TH AVE,njt_bus,5792,,
GROVE ST AT 14TH AVE,njt_bus,5793,,
GROVE ST AT 15TH AVE,njt_bus,5794,,
GROVE ST AT 16TH AVE,njt_bus,5795,,
GROVE ST AT ARVERNE TERRACE,njt_bus,5796,,
GROVE ST AT TICHENOR TERRACE,njt_bus,5797,,
GROVE ST AT BRECKENRIDGE TERRACE,njt_bus,5798,,
GROVE ST AT 19TH AVE,njt_bus,5799,,
GROVE ST AT BERKELEY TERRACE,njt_bus,5800,,
GROVE ST 100' N OF SPRINGFIELD AVE.,njt_bus,5801,,
GROVE ST AT CLINTON AVE,njt_bus,5802,,New York
GROVE ST AT NYE AVE,njt_bus,5803,,New York
GROVE ST AT HERPERS ST,njt_bus,5804,,New York
GROVE ST AT OLSON PL,njt_bus,5805,,New York
IRVINGTON BUS TERMINAL,njt_bus,5806,,
LYONS AVE AT COIT ST,njt_bus,5807,,New York
LYONS AVE AT CORDIER ST,njt_bus,5808,,New York
LYONS AVE 100'E OF CORDIER ST,njt_bus,5809,,Irvington
LYONS AVE AT COIT ST,njt_bus,5810,,Irvington
NEW ST AT SPRINGFIELD AVE,njt_bus,5811,,Irvington
NEW ST AT SPRINGFIELD AVE,njt_bus,5812,,
NEW ST AT SPRINGFIELD AVE,njt_bus,5813,,
NORTH MAPLE AVE AT SPRINGFIELD AVE,njt_bus,5814,,Irvington
NYE AVE AT LINCOLN PL,njt_bus,5815,,
NYE AVE 50' W OF NEW ST,njt_bus,5816,,
SPRINGFIELD AVE AT PROSPECT (43RD ST),njt_bus,5817,,
SPRINGFIELD AVE AT 38TH ST,njt_bus,5818,,
SPRINGFIELD AVE AT SANFORD AVE,njt_bus,5819,,
SPRINGFIELD AVE AT LYONS AVE,njt_bus,5820,,
SPRINGFIELD AVE AT STUYVESANT AVE,njt_bus,5821,,
SPRINGFIELD AVE AT LINCOLN PL,njt_bus,5822,,
SPRINGFIELD AVE AT NEW ST,njt_bus,5823,,
SPRINGFIELD AVE AT UNION AVE,njt_bus,5824,,
IRVINGTON BUS TERMINAL,njt_bus,5825,,
SPRINGFIELD AVE AT MAPLE AVE,njt_bus,5826,,
SPRINGFIELD AVE AT HARRISON PL,njt_bus,5827,,
SPRINGFIELD AVE AT ELLIS AVE,njt_bus,5828,,
SPRINGFIELD AVE 290'E OF GROVE ST,njt_bus,5829,,
SPRINGFIELD AVE AT MAPLE AVE,njt_bus,5830,,
SPRINGFIELD AVE AT MYRTLE AVE,njt_bus,5831,,
SPRINGFIELD AVE AT NEW ST,njt_bus,5832,,
SPRINGFIELD AVE AT CIVIC SQUARE,njt_bus,5833,,
SPRINGFIELD AVE AT ELMWOOD AVE,njt_bus,5834,,
SPRINGFIELD AVE AT SANFORD AVE,njt_bus,5835,,
SPRINGFIELD AVE AT FLORENCE AVE,njt_bus,5836,,
SPRINGFIELD AVE AT FREDERICK (43RD ST),njt_bus,5837,,
STUYVESANT AVE AT BEECHWOOD PL,njt_bus,5838,,
STUYVESANT AVE AT MILL RD,njt_bus,5839,,
STUYVESANT AVE AT HARPER AVE,njt_bus,5840,,
STUYVESANT AVE AT SUNSET TERRACE,njt_bus,5841,,
STUYVESANT AVE AT CHANCELLOR AVE,njt_bus,5842,,
STUYVESANT AVE AT PROSPECT AVE,njt_bus,5843,,
STUYVESANT AVE AT YALE AVE,njt_bus,5844,,
STUYVESANT AVE AT LYONS AVE,njt_bus,5845,,
STUYVESANT AVE AT NYE AVE,njt_bus,5846,,
STUYVESANT AVE AT LIBERTY ST,njt_bus,5847,,
STUYVESANT AVE AT MADISON AVE,njt_bus,5848,,
STUYVESANT AVE AT COTTAGE PL,njt_bus,5849,,
STUYVESANT AVE 100' N OF CLINTON AVE,njt_bus,5850,,
STUYVESANT AVE AT SPRINGFIELD AVE,njt_bus,5851,,
STUYVESANT AVE AT LYONS AVE,njt_bus,5852,,
STUYVESANT AVE AT WAGNER AVE,njt_bus,5853,,
STUYVESANT AVE AT PROSPECT AVE,njt_bus,5854,,
STUYVESANT AVE AT CHANCELLOR AVE,njt_bus,5855,,
STUYVESANT AVE AT HARDING TERRACE,njt_bus,5856,,
STUYVESANT AVE AT HARPER AVE,njt_bus,5857,,
STUYVESANT AVE 87'N OF MILL RD,njt_bus,5858,,
STUYVESANT AVE AT 40TH ST,njt_bus,5859,,
STUYVESANT AVE AT BERKELEY ST,njt_bus,5860,,
UNION AVE AT CAMPFIELD ST,njt_bus,5861,,Irvington
UNION AVE AT CLEREMONT AVE,njt_bus,5862,,Irvington
UNION AVE 75' S OF G.S. PKWY EXIT RAMP,njt_bus,5863,,Irvington
UNION AVE AT G.S. PKWY EXIT RAMP,njt_bus,5864,,Elizabeth
UNION AVE AT LYONS AVE,njt_bus,5865,,Elizabeth
UNION AVE AT YALE AVE,njt_bus,5866,,Elizabeth
WESTERN PKWY AT 18TH AVE,njt_bus,5867,,Irvington
WESTERN PKWY AT DELMAR PL,njt_bus,5868,,Irvington
WESTERN PKWY AT WOODLAWN PL,njt_bus,5869,,Irvington
16TH AVE AT 22ND ST,njt_bus,5870,,
16TH AVE AT 22ND ST,njt_bus,5871,,
18TH AVE AT VERMONT AVE,njt_bus,5872,,
18TH AVE AT COLUMBIA AVE,njt_bus,5873,,
18TH AVE AT MYRTLE AVE,njt_bus,5874,,
18TH AVE AT EASTERN PKWY,njt_bus,5875,,
18TH AVE AT GROVE ST,njt_bus,5876,,Ivy Hill Express
18TH AVE AT 22ND ST,njt_bus,5877,,Ivy Hill Express
18TH AVE AT 22ND ST,njt_bus,5878,,Newark
18TH AVE AT GROVE ST,njt_bus,5879,,Newark
18TH AVE AT EASTERN PKWY,njt_bus,5880,,
18TH AVE AT MYRTLE AVE,njt_bus,5881,,
18TH AVE AT COLUMBIA AVE,njt_bus,5882,,
18TH AVE AT VERMONT AVE,njt_bus,5883,,
SOUTH 20TH ST AT BEVERLY ST,njt_bus,5884,,
SOUTH 20TH ST 75' N OF HAWTHORNE AVE,njt_bus,5885,,
40TH ST AT STUYVESANT AVE,njt_bus,5886,,Irvington
40TH ST AT LENTZ PLACE,njt_bus,5887,,Newark
40TH ST 200' S OF HARDING TER,njt_bus,5888,,Irvington
40TH ST AT HARDING TERR,njt_bus,5889,,Newark
MADISON AVE AT EASTERN PKWY#,njt_bus,5890,,Irvington
CHANCELLOR AVE AT 40TH ST#,njt_bus,5891,,
CHANCELLOR AVE AT PARK PL#,njt_bus,5892,,
UNION AVE AT WEST STRATFORD PL#,njt_bus,5893,,Irvington
E MT PLEASANT AVE AT SHREWSBURY DRIVE,njt_bus,5961,,West Caldwell
E MT PLEASANT AVE AT SHREWSBURY DRIVE,njt_bus,5962,,Newark
CHANCELLOR AVE AT SPRINGFIELD AVE,njt_bus,5975,,Irvington
IRVINGTON AVE AT HILLCREST RD,njt_bus,5976,,Irvington
IRVINGTON AVE AT UNION AVE,njt_bus,5977,,New York
IRVINGTON AVE 200' N OF MANOR DR.,njt_bus,5978,,New York
IRVINGTON AVE AT ELSMAN TERRACE,njt_bus,5979,,New York
MILLBURN AVE AT MANLEY TERRACE,njt_bus,5980,,
MILLBURN AVE AT VALLEY ST,njt_bus,5981,,
MILLBURN AVE AT CYPRESS ST,njt_bus,5982,,Newark
MILLBURN AVE AT CYPRESS ST,njt_bus,5983,,
MILLBURN AVE AT CYPRESS ST,njt_bus,5984,,Livingston Mall
MILLBURN AVE AT RAYMOND TERRACE,njt_bus,5985,,
MILLBURN AVE AT MILDRED TERRACE,njt_bus,5986,,
MILLBURN AVE AT SPRINGFIELD AVE,njt_bus,5987,,
SPRINGFIELD AVE 187' E OF LAUREL AVE.,njt_bus,5988,,
SPRINGFIELD AVE AT INDIANA ST,njt_bus,5989,,
SPRINGFIELD AVE AT PRINCETON ST,njt_bus,5990,,
SPRINGFIELD AVE AT TUSCAN ST,njt_bus,5991,,
SPRINGFIELD AVE AT BURNETT AVE,njt_bus,5992,,
SPRINGFIELD AVE AT BOYDEN AVE,njt_bus,5993,,
HILTON GARAGE TIME POINT,njt_bus,5994,,
HILTON GARAGE TIME POINT,njt_bus,5995,,
SPRINGFIELD AVE AT BOYDEN AVE,njt_bus,5996,,
SPRINGFIELD AVE AT VERMONT ST,njt_bus,5997,,
SPRINGFIELD AVE AT RUTGERS ST,njt_bus,5998,,
SPRINGFIELD AVE AT PARK AVE,njt_bus,5999,,
SPRINGFIELD AVE AT BROADVIEW AVE,njt_bus,6000,,
MILLBURN AVE AT WYOMING AVE,njt_bus,6011,,Livingston Mall
MILLBURN AVE AT MYRTLE AVE,njt_bus,6012,,Livingston Mall
MILLBURN AVE AT VAUXHALL RD,njt_bus,6013,,Livingston Mall
MILLBURN AVE AT NORWOOD TER,njt_bus,6014,,Livingston Mall
MILLBURN AVE AT NORWOOD TER,njt_bus,6015,,Newark
MILLBURN AVE AT VAUXHALL RD,njt_bus,6016,,Newark
MILLBURN AVE AT MYRTLE AVE,njt_bus,6017,,Newark
MILLBURN AVE AT WYOMING AVE,njt_bus,6018,,Newark
BLOOMFIELD AVE AT LLOYD RD,njt_bus,6021,,
BLOOMFIELD AVE AT ST. LUKE'S PL,njt_bus,6022,,
BLOOMFIELD AVE AT VALLEY RD,njt_bus,6023,,
BLOOMFIELD AVE AT PARK ST,njt_bus,6024,,
BLOOMFIELD AVE AT CHURCH ST,njt_bus,6025,,
BLOOMFIELD AVE AT GATES AVE,njt_bus,6026,,
BLOOMFIELD AVE AT HARTLEY ST,njt_bus,6027,,
BLOOMFIELD AVE AT MAPLE AVE,njt_bus,6028,,
BLOOMFIELD AVE AT PINE ST,njt_bus,6029,,
BLOOMFIELD AVE AT HARTLEY ST,njt_bus,6030,,
BLOOMFIELD AVE AT LACKAWANNA PLAZA,njt_bus,6031,,
BLOOMFIELD AVE AT NORTH WILLOW ST,njt_bus,6032,,
BLOOMFIELD AVE AT N FULLERTON AVE,njt_bus,6033,,
BLOOMFIELD AVE AT MAPLE PL,njt_bus,6034,,
BLOOMFIELD AVE AT VALLEY RD,njt_bus,6035,,
BLOOMFIELD AVE AT BELL ST,njt_bus,6036,,
BLOOMFIELD AVE AT NORTH MOUNTAIN AVE,njt_bus,6037,,
ORANGE RD WEST AT CEDAR AVE,njt_bus,6038,,
ORANGE RD AT WASHINGTON AVE,njt_bus,6039,,
PARK ST AT BLOOMFIELD AVE,njt_bus,6040,,
BELLEVUE PLAZA AT BELLEVUE AVE,njt_bus,6041,,
BELLEVUE PLAZA AT BELLEVUE AVE,njt_bus,6042,,
MONTCLAIR STATE UNIVERSITY,njt_bus,6043,,
VALLEY RD AT NORMAL AVE,njt_bus,6044,,
HARRISON AVE AT WARMAN ST,njt_bus,6045,,East Orange
HARRISON AVE AT VIRGINIA AVE,njt_bus,6046,,Montclair
HARRISON AVE AT CHARLES ST,njt_bus,6047,,Montclair
HARRISON AVE AT CEDAR AVE,njt_bus,6048,,Montclair
HARRISON AVE AT LLEWELLYN RD,njt_bus,6049,,Montclair
HARRISON AVE AT WARREN PL,njt_bus,6050,,Montclair
HARRISON AVE AT GATES AVE,njt_bus,6051,,Montclair
ORANGE RD AT CHURCH ST#,njt_bus,6052,,Montclair
MT. HEBRON RD AT PARK ST#,njt_bus,6053,,Willowbrook Mall
ALEXANDER AVE AT SQUIRE HILL RD#,njt_bus,6054,,Willowbrook Mall
ALEXANDER AVE AT SKYTOP TERRACE#,njt_bus,6055,,Passaic
ALEXANDER AVE AT GROVE ST#,njt_bus,6056,,Passaic
MT. HEBRON RD AT PARK ST#,njt_bus,6057,,Passaic
VALLEY RD AT MT HEBRON RD#,njt_bus,6058,,
ORANGE RD AT CANTERBURY DR,njt_bus,6059,,
ORANGE RD AT LINDEN AVE,njt_bus,6060,,
ORANGE RD AT DRAPER TERRACE,njt_bus,6061,,
ELM ST AT LINCOLN ST,njt_bus,6062,,
ELM ST AT ELMWOOD AVE,njt_bus,6063,,
ELM ST AT WASHINGTON ST,njt_bus,6064,,
ELM ST AT UNION ST,njt_bus,6065,,
ELM ST AT HAWTHORNE PL,njt_bus,6066,,
ELM ST AT LLEWELLYN ST,njt_bus,6067,,
ORANGE RD AT CAREY CT,njt_bus,6068,,
ORANGE RD AT HITCHCOCK PL,njt_bus,6069,,
PARK ST AT WALNUT ST#,njt_bus,6070,,
PARK ST AT JAMES ST,njt_bus,6071,,
PARK ST AT CHESTNUT ST#,njt_bus,6072,,
PARK ST AT ESSEX WAY#,njt_bus,6073,,
PARK ST AT WATCHUNG AVE#,njt_bus,6074,,
VALLEY RD AT COOPER AVE#,njt_bus,6075,,
VALLEY RD AT INWOOD AVE#,njt_bus,6076,,
NORMAL AVE AT VALLEY RD#,njt_bus,6077,,
VALLEY RD AT MT HEBRON RD#,njt_bus,6078,,
VALLEY RD AT JEROME PL#,njt_bus,6079,,
VALLEY RD AT UPPER MONTCLAIR PLAZA#,njt_bus,6080,,
PARK ST AT WATCHUNG AVE#,njt_bus,6081,,
PARK ST AT ESSEX WAY#,njt_bus,6082,,
PARK ST AT CHESTNUT ST#,njt_bus,6083,,
PARK ST AT WALNUT ST#,njt_bus,6084,,
BLOOMFIELD AVE AT PARK ST,njt_bus,6085,,
NORMAL AVE AT UPPER MOUNTAIN AVE,njt_bus,6086,,
CHESTNUT ST AT PARK ST,njt_bus,6087,,
ORANGE RD 338'S OF BLOOMFIELD AVE,njt_bus,6088,,East Orange
ORANGE RD AT HILLSIDE AVE#,njt_bus,6089,,East Orange
ORANGE RD AT PLYMOUTH ST#,njt_bus,6090,,East Orange
HARRISON AVE AT PORTER PL,njt_bus,6091,,East Orange
HARRISON AVE AT GATES AVE,njt_bus,6092,,East Orange
HARRISON AVE AT WARREN PL,njt_bus,6093,,East Orange
AVON AVE AT SOUTH 19TH ST,njt_bus,6094,,Livingston Mall
AVON AVE AT SOUTH 16TH ST,njt_bus,6095,,Livingston Mall
AVON AVE AT SOUTH 13TH ST,njt_bus,6096,,Livingston Mall
AVON AVE AT SOUTH 11TH ST,njt_bus,6097,,Livingston Mall
AVON AVE AT SOUTH 10TH ST,njt_bus,6098,,Livingston Mall
AVON AVE AT TREACY AVE,njt_bus,6099,,Livingston Mall
AVON AVE AT BERGEN ST,njt_bus,6100,,Livingston Mall
AVON AVE AT JELIFF AVE,njt_bus,6101,,
AVON AVE AT IRVINE TURNER BLVD,njt_bus,6102,,Livingston Mall
AVON AVE AT IRVINE TURNER BLVD,njt_bus,6103,,Newark
AVON AVE AT JELIFF AVE,njt_bus,6104,,
AVON AVE AT BERGEN ST,njt_bus,6105,,Newark
AVON AVE AT CHADWICK AVE,njt_bus,6106,,Newark
AVON AVE AT TREACY AVE,njt_bus,6107,,Newark
AVON AVE AT SOUTH 10TH ST,njt_bus,6108,,Newark
AVON AVE AT SOUTH 13TH ST,njt_bus,6109,,Newark
AVON AVE AT SOUTH 16TH ST,njt_bus,6110,,Newark
AVON AVE AT SOUTH 19TH ST,njt_bus,6111,,Newark
BERGEN ST AT LYONS AVE,njt_bus,6112,,Newark
BERGEN ST AT MAPES AVE,njt_bus,6113,,Newark
BERGEN ST AT RENNER AVE,njt_bus,6114,,Newark
BERGEN ST AT WATSON AVE,njt_bus,6115,,Newark
BERGEN ST AT HAWTHORNE AVE,njt_bus,6116,,Newark
BERGEN ST AT WEST RUNYON ST,njt_bus,6117,,Newark
BERGEN ST AT WEST BIGELOW ST,njt_bus,6118,,Newark
BERGEN ST AT MADISON AVE,njt_bus,6119,,
BERGEN ST AT AVON AVE,njt_bus,6120,,
BERGEN ST AT 12TH AVE,njt_bus,6121,,
BERGEN ST 85' S OF WEST MARKET ST,njt_bus,6122,,
BERGEN ST AT 12TH AVE,njt_bus,6123,,
BERGEN ST 1200' N OF SOUTH ORANGE AVE.,njt_bus,6124,,
BERGEN ST AT MADISON AVE,njt_bus,6125,,
BERGEN ST AT CLINTON AVE,njt_bus,6126,,
BERGEN ST AT WEST BIGELOW ST,njt_bus,6127,,
BERGEN ST AT WEST RUNYON ST,njt_bus,6128,,Irvington
BERGEN ST AT HAWTHORNE AVE,njt_bus,6129,,Irvington
BERGEN ST AT SCHEERER AVE,njt_bus,6130,,Irvington
BERGEN ST AT LEHIGH AVE,njt_bus,6131,,Irvington
BLOOMFIELD AVE AT NORTH 13TH ST,njt_bus,6132,,
BLOOMFIELD AVE AT NORTH 12TH ST,njt_bus,6133,,
BLOOMFIELD AVE AT NORTH 10TH ST,njt_bus,6134,,
BLOOMFIELD AVE AT ROSEVILLE AVE,njt_bus,6135,,
BLOOMFIELD AVE AT NORTH 7TH ST,njt_bus,6136,,
BLOOMFIELD AVE AT LAKE ST,njt_bus,6138,,
BLOOMFIELD AVE AT PARKER ST,njt_bus,6139,,
BLOOMFIELD AVE AT CLIFTON AVE,njt_bus,6140,,
BLOOMFIELD AVE AT GARSIDE ST,njt_bus,6141,,
BLOOMFIELD AVE AT SUMMER AVE,njt_bus,6142,,
BLOOMFIELD AVE AT WEBSTER ST,njt_bus,6143,,
BLOOMFIELD AVE AT ROWLAND ST,njt_bus,6144,,
BLOOMFIELD AVE AT GARSIDE ST,njt_bus,6145,,
BLOOMFIELD AVE AT MT PROSPECT AVE,njt_bus,6146,,
BLOOMFIELD AVE AT CLIFTON AVE,njt_bus,6147,,
BLOOMFIELD AVE AT PARKER ST,njt_bus,6148,,
BLOOMFIELD AVE AT LAKE ST,njt_bus,6149,,
BLOOMFIELD AVE AT 4TH ST,njt_bus,6151,,
BLOOMFIELD AVE AT NORTH 6TH ST,njt_bus,6152,,
BLOOMFIELD AVE AT NORTH 8TH ST,njt_bus,6153,,
BLOOMFIELD AVE AT NORTH 10TH ST,njt_bus,6154,,
BLOOMFIELD PL AT BROADWAY,njt_bus,6155,,Broad Street
BREWSTER RD 250'N OF CONRAD RD SOUTH,njt_bus,6157,,
BREWSTER RD AT BLDG 95,njt_bus,6158,,
NORTH AREA - BREWSTER ROAD,njt_bus,6159,,
BREWSTER RD 100'S OF AIRIS DR,njt_bus,6160,,
BREWSTER RD AT CONRAD RD NORTH,njt_bus,6161,,
BREWSTER RD AT BLDG 95,njt_bus,6162,,
BROAD ST AT EMMET ST,njt_bus,6163,,Elizabeth
BROAD ST AT MURRAY ST,njt_bus,6164,,Elizabeth
BROAD ST AT PARKHURST ST,njt_bus,6165,,Elizabeth
BROAD ST AT SOUTH ST,njt_bus,6166,,Elizabeth
BROAD ST AT EAST KINNEY ST,njt_bus,6167,,Elizabeth
BROAD ST AT WALNUT ST,njt_bus,6168,,Elizabeth
CITY HALL,njt_bus,6169,,Elizabeth
BROAD ST AT BRANFORD PL/EDISON PL,njt_bus,6170,,
BROAD ST AT MARKET ST,njt_bus,6171,,
BROAD ST AT CLINTON ST,njt_bus,6172,,Elizabeth
BROAD ST AT CEDAR ST,njt_bus,6173,,
BROAD ST AT PRUDENTIAL DR,njt_bus,6174,,Broad Street
BROAD ST AT NEW ST,njt_bus,6175,,Broad Street
BROAD ST AT LOMBARDY ST,njt_bus,6176,,Broad Street
BROAD ST ACROSS FROM NJT STATION,njt_bus,6177,,
BROAD ST AT 8TH AVE,njt_bus,6178,,Newark
BROAD ST AT CLAY ST,njt_bus,6179,,Broad Street
BROAD ST 275' S OF CLARK ST,njt_bus,6180,,
BROAD ST AT 8TH AVE,njt_bus,6181,,Clinton Avenue
BROAD ST AT LACKAWANNA AVE,njt_bus,6182,,
BROAD ST AT H TUBMAN SQ,njt_bus,6183,,Plainfield
BROAD ST AT LOMBARDY ST,njt_bus,6184,,Clinton Avenue
BROAD ST AT CENTRAL AVE,njt_bus,6185,,Plainfield
BROAD ST AT NEW ST,njt_bus,6186,,Clinton Avenue
BROAD ST AT CEDAR ST,njt_bus,6187,,Clinton Avenue
BROAD ST AT RAYMOND BLVD,njt_bus,6188,,
BROAD ST AT ACADEMY ST,njt_bus,6189,,Newark
BROAD ST AT BANK ST,njt_bus,6190,,
BROAD ST AT MARKET ST,njt_bus,6191,,
BROAD ST AT BRANFORD PL/EDISON PL,njt_bus,6192,,
BROAD ST AT WILLIAM ST,njt_bus,6193,,Clinton Avenue
BROAD ST AT HILL ST,njt_bus,6194,,
BROAD ST AT COURT ST,njt_bus,6195,,Newark
BROAD ST AT WEST KINNEY ST,njt_bus,6196,,Newark
BROAD ST AT LINCOLN PARK,njt_bus,6197,,Clinton Avenue
BROAD ST AT CAMP STREET,njt_bus,6198,,Newark
BROAD ST AT PENNINGTON ST,njt_bus,6199,,
BROAD ST AT SOUTH ST,njt_bus,6200,,Newark
BROAD ST AT PARKHURST ST,njt_bus,6201,,Newark
BROAD ST AT MURRAY ST,njt_bus,6202,,Newark
BROAD ST AT WRIGHT ST,njt_bus,6203,,Newark
BROAD ST AT VANDERPOOL ST,njt_bus,6204,,
BROADWAY AT GOUVERNEUR ST,njt_bus,6205,,Broad Street
BROADWAY AT 4TH AVE,njt_bus,6206,,Broad Street
BROADWAY AT 3RD AVE,njt_bus,6207,,Broad Street
BROADWAY AT 2ND AVE,njt_bus,6208,,Broad Street
BROADWAY AT NURSERY ST,njt_bus,6209,,Broad Street
BROADWAY AT HINSDALE PL,njt_bus,6210,,Broad Street
BROADWAY AT CHESTER AVE,njt_bus,6211,,Broad Street
BROADWAY AT EAST DELAVAN AVE,njt_bus,6212,,Broad Street
BROADWAY AT GRAFTON AVE,njt_bus,6213,,Broad Street
BROADWAY AT MONTCLAIR AVE,njt_bus,6214,,Broad Street
BROADWAY AT VERONA AVE,njt_bus,6215,,Broad Street
BROADWAY AT VERONA AVE,njt_bus,6216,,Clinton Avenue
BROADWAY AT MONTCLAIR AVE,njt_bus,6217,,Clinton Avenue
BROADWAY AT GRAFTON AVE,njt_bus,6218,,Clinton Avenue
BROADWAY AT ELWOOD AVE,njt_bus,6219,,Clinton Avenue
BROADWAY AT ELWOOD AVE,njt_bus,6220,,Broad Street
BROADWAY AT DELEVAN AVE,njt_bus,6221,,Clinton Avenue
BROADWAY AT CHESTER AVE,njt_bus,6222,,Clinton Avenue
BROADWAY AT HINSDALE PL,njt_bus,6223,,Clinton Avenue
BROADWAY AT NURSERY ST,njt_bus,6224,,Clinton Avenue
BROADWAY AT 2ND AVE,njt_bus,6225,,Clinton Avenue
BROADWAY AT 3RD AVE,njt_bus,6226,,Clinton Avenue
BROADWAY AT 4TH AVE,njt_bus,6227,,Clinton Avenue
BROADWAY AT GOUVERNEUR ST,njt_bus,6228,,Clinton Avenue
BROADWAY AT 7TH AVE,njt_bus,6229,,Clinton Avenue
CENTRAL AVE AT S 14TH ST,njt_bus,6230,,
CENTRAL AVE AT S 12TH ST,njt_bus,6231,,
CENTRAL AVE AT S 10TH ST,njt_bus,6232,,
CENTRAL AVE AT S 8TH ST,njt_bus,6233,,
CENTRAL AVE AT N 4TH ST,njt_bus,6234,,
CENTRAL AVE AT N 2ND ST,njt_bus,6235,,
CENTRAL AVE AT MORRIS AVE,njt_bus,6236,,
CENTRAL AVE AT HUDSON ST,njt_bus,6237,,
CENTRAL AVE AT LOCK ST,njt_bus,6238,,
CENTRAL AVE AT COLDEN ST,njt_bus,6239,,
CENTRAL AVE AT D.M.L. KING BLVD,njt_bus,6240,,
CENTRAL AVE AT UNIVERSITY AVE,njt_bus,6241,,
CENTRAL AVE AT WASHINGTON ST,njt_bus,6242,,
CENTRAL AVE AT BROAD ST,njt_bus,6243,,
CENTRAL AVE AT HALSEY ST,njt_bus,6244,,
CENTRAL AVE AT WASHINGTON ST,njt_bus,6245,,
CENTRAL AVE AT D.M.L. KING BLVD,njt_bus,6246,,
CENTRAL AVE AT COLDEN ST,njt_bus,6247,,
CENTRAL AVE AT LOCK ST,njt_bus,6248,,
CENTRAL AVE AT HUDSON ST,njt_bus,6249,,
CENTRAL AVE AT MORRIS AVE,njt_bus,6250,,
CENTRAL AVE AT S 3RD ST,njt_bus,6251,,
CENTRAL AVE AT S 5TH ST,njt_bus,6252,,
CENTRAL AVE AT S 8TH ST,njt_bus,6253,,
CENTRAL AVE AT S 10TH ST,njt_bus,6254,,
CENTRAL AVE AT S 12TH ST,njt_bus,6255,,
CENTRAL AVE AT S 14TH ST,njt_bus,6256,,
CENTRAL AVE AT S 16TH ST,njt_bus,6257,,
CHANCELLOR AVE AT SCHLEY ST,njt_bus,6258,,Newark
CHANCELLOR AVE AT LESLIE ST,njt_bus,6259,,Newark
CHANCELLOR AVE AT SUMMIT AVE,njt_bus,6260,,Newark
CHANCELLOR AVE AT CLINTON PL,njt_bus,6261,,Newark
CHANCELLOR AVE AT CLINTON PL,njt_bus,6262,,Irvington
CHANCELLOR AVE AT SUMMIT AVE,njt_bus,6263,,Irvington
CHANCELLOR AVE AT LESLIE ST,njt_bus,6264,,Irvington
CHANCELLOR AVE AT SCHLEY ST,njt_bus,6265,,Irvington
CHAPEL ST AT FLEMING AVE,njt_bus,6266,,
CHAPEL ST AT RIVERVIEW CT,njt_bus,6267,,
CHAPEL ST AT ALBERT AVE,njt_bus,6268,,
CHAPEL ST AT RIVERVIEW CT,njt_bus,6269,,
CHAPEL ST AT FLEMING AVE,njt_bus,6270,,
CLIFTON AVE AT E 7TH AVE,njt_bus,6271,,Newark
CLIFTON AVE AT VICTORIA AVE,njt_bus,6272,,
SACRED HEART CATHEDRAL,njt_bus,6273,,
CLIFTON AVE AT BLOOMFIELD AVE,njt_bus,6274,,
SACRED HEART CATHEDRAL,njt_bus,6275,,
CLIFTON AVE AT VICTORIA AVE,njt_bus,6276,,
CLIFTON AVE AT E 7TH AVE,njt_bus,6277,,Newark
CLINTON AVE AT FABYAN PL,njt_bus,6278,,Broad Street
CLINTON AVE AT SOUTH 16TH ST,njt_bus,6279,,Broad Street
CLINTON AVE AT CLINTON PL,njt_bus,6280,,Broad Street
CLINTON AVE AT INGRAHAM PL,njt_bus,6281,,Broad Street
CLINTON AVE AT OSBORNE TERRACE,njt_bus,6282,,Broad Street
CLINTON AVE AT SEYMOUR AVE,njt_bus,6283,,Broad Street
CLINTON AVE AT BERGEN ST,njt_bus,6284,,Broad Street
CLINTON AVE AT PESHINE AVE,njt_bus,6285,,Broad Street
CLINTON AVE AT RIDGEWOOD AVE,njt_bus,6286,,Broad Street
CLINTON AVE AT HILLSIDE AVE,njt_bus,6287,,Broad Street
CLINTON AVE AT ELIZABETH AVE,njt_bus,6288,,Broad Street
CLINTON AVE AT ASTOR ST,njt_bus,6289,,Broad Street
CLINTON AVE AT THOMAS ST,njt_bus,6290,,Broad Street
CLINTON AVE AT THOMAS ST,njt_bus,6291,,Clinton Avenue
CLINTON AVE AT MURRAY ST,njt_bus,6292,,Clinton Avenue
CLINTON AVE AT ELIZABETH AVE,njt_bus,6293,,Newark
CLINTON AVE AT STRATFORD PL,njt_bus,6294,,Clinton Avenue
CLINTON AVE AT HILLSIDE AVE,njt_bus,6295,,Clinton Avenue
CLINTON AVE AT RIDGEWOOD AVE,njt_bus,6296,,Clinton Avenue
CLINTON AVE AT PESHINE AVE,njt_bus,6297,,Clinton Avenue
CLINTON AVE AT SEYMOUR AVE,njt_bus,6298,,Clinton Avenue
CLINTON AVE AT TREACY AVE,njt_bus,6299,,Clinton Avenue
CLINTON AVE AT SHANLEY AVE,njt_bus,6300,,Clinton Avenue
CLINTON AVE AT SOUTH 12TH ST,njt_bus,6301,,Clinton Avenue
CLINTON AVE AT SOUTH 14TH ST,njt_bus,6302,,Clinton Avenue
CLINTON AVE AT SOUTH 16TH ST,njt_bus,6303,,Clinton Avenue
CLINTON AVE AT SOUTH 18TH ST,njt_bus,6304,,Clinton Avenue
CLINTON AVE AT SOUTH 20TH ST,njt_bus,6305,,Clinton Avenue
CLINTON PL AT LEHIGH AVE,njt_bus,6306,,Broad Street
CLINTON PL AT RENNER AVE,njt_bus,6307,,Broad Street
CLINTON PL AT NYE AVE,njt_bus,6308,,Broad Street
CLINTON PL AT HAWTHORNE AVE,njt_bus,6309,,Broad Street
CLINTON PL AT MILLINGTON AVE,njt_bus,6310,,Broad Street
CLINTON PL AT CLINTON AVE,njt_bus,6311,,Broad Street
CLINTON PL AT RANDOLPH PL,njt_bus,6312,,Clinton Avenue
CLINTON PL AT HAWTHORNE AVE,njt_bus,6313,,Clinton Avenue
CLINTON PL AT NYE AVE,njt_bus,6314,,Clinton Avenue
CLINTON PL AT BRAGAW AVE,njt_bus,6315,,Clinton Avenue
CLINTON PL AT SHEPHARD AVE,njt_bus,6316,,Clinton Avenue
CLINTON PL AT FOREST PL,njt_bus,6317,,Clinton Avenue
COURT ST AT UNIVERSITY AVE,njt_bus,6318,,
COURT ST AT SHIPMAN ST,njt_bus,6319,,
D.M.L. KING BLVD AT BALDWIN ST,njt_bus,6320,,
D.M.L. KING BLVD AT COURT ST,njt_bus,6321,,
D.M.L. KING BLVD 230'S OF ORANGE ST,njt_bus,6322,,
D.M.L. KING BLVD AT COURT ST,njt_bus,6323,,
NJT BUS COMPLEX - DOREMUS AVE,njt_bus,6324,,
DOREMUS AVE 162' N OF WILSON AVE.,njt_bus,6325,,
EAST 7TH AVE AT MT. PROSPECT AVE,njt_bus,6326,,
EAST 7TH AVE AT AMITY PL,njt_bus,6327,,
EAST 7TH AVE AT RUGGIERIO PL,njt_bus,6328,,
EAST 7TH AVE AT RUGGIERIO PL,njt_bus,6329,,
EAST 7TH AVE AT SUMMER AVE,njt_bus,6330,,
EAST 7TH AVE AT SUMMER AVE,njt_bus,6331,,
EAST 7TH AVE AT CUTLER ST,njt_bus,6332,,
EAST 7TH AVE AT MT. PROSPECT AVE,njt_bus,6333,,
ELIZABETH AVE AT GRUMMAN AVE,njt_bus,6334,,Newark
ELIZABETH AVE AT CHANCELLOR AVE,njt_bus,6335,,Newark
ELIZABETH AVE AT VASSAR AVE,njt_bus,6336,,Newark
ELIZABETH AVE AT GOLDSMITH AVE,njt_bus,6337,,Newark
ELIZABETH AVE AT LYONS AVE,njt_bus,6338,,Newark
ELIZABETH AVE AT STENGEL AVE,njt_bus,6339,,Newark
ELIZABETH AVE AT RENNER AVE,njt_bus,6340,,Newark
ELIZABETH AVE AT MEEKER AVE,njt_bus,6341,,Newark
ELIZABETH AVE AT WATSON AVE,njt_bus,6342,,Newark
ELIZABETH AVE AT HAWTHORNE AVE,njt_bus,6343,,Newark
ELIZABETH AVE AT E PEDDIE ST,njt_bus,6344,,Newark
ELIZABETH AVE AT E RUNYON ST,njt_bus,6345,,
ELIZABETH AVE AT E ALPINE ST,njt_bus,6346,,
ELIZABETH AVE AT POINIER ST,njt_bus,6347,,
ELIZABETH AVE AT CLINTON AVE,njt_bus,6348,,
ELIZABETH AVE AT CLINTON AVE,njt_bus,6349,,
ELIZABETH AVE AT POINIER ST,njt_bus,6350,,
ELIZABETH AVE AT W ALPINE ST,njt_bus,6351,,
ELIZABETH AVE AT WEST BIGELOW ST,njt_bus,6352,,Irvington
ELIZABETH AVE AT W BIGELOW ST,njt_bus,6353,,
ELIZABETH AVE AT W PEDDIE ST,njt_bus,6354,,
ELIZABETH AVE AT HAWTHORNE AVE,njt_bus,6355,,Plainfield
ELIZABETH AVE AT WATSON AVE,njt_bus,6356,,Plainfield
ELIZABETH AVE AT MEEKER AVE,njt_bus,6357,,Plainfield
ELIZABETH AVE AT CUSTER AVE,njt_bus,6358,,Plainfield
ELIZABETH AVE AT RENNER AVE,njt_bus,6359,,Plainfield
ELIZABETH AVE AT LEHIGH AVE,njt_bus,6360,,Plainfield
ELIZABETH AVE AT LYONS AVE,njt_bus,6361,,Plainfield
ELIZABETH AVE AT POMONA AVE,njt_bus,6362,,Plainfield
ELIZABETH AVE AT VASSAR AVE,njt_bus,6363,,Plainfield
ELIZABETH AVE AT CHANCELLOR AVE,njt_bus,6364,,Plainfield
ELIZABETH AVE AT GRUMMAN AVE,njt_bus,6365,,Plainfield
CORRECTION CENTER - DOREMUS AVE,njt_bus,6366,,
EUCLID AVE AT LOCKWOOD ST,njt_bus,6367,,
FABYAN PL AT LORETTO ST,njt_bus,6368,,
FABYAN PL AT NYE AVE,njt_bus,6369,,
FABYAN PL AT HAWTHORNE AVE,njt_bus,6370,,
FABYAN PL AT BEVERLEY ST,njt_bus,6371,,
FABYAN PL AT CLINTON AVE,njt_bus,6372,,
FABYAN PL AT BEVERLEY ST,njt_bus,6373,,
FABYAN PL AT HAWTHORNE AVE,njt_bus,6374,,
FABYAN PL AT NYE AVE,njt_bus,6375,,
FABYAN PL AT LORETTO ST,njt_bus,6376,,
FERRY ST AT UNION ST,njt_bus,6377,,
FERRY ST AT ADAMS ST,njt_bus,6378,,
FERRY ST AT POLK ST,njt_bus,6379,,
FERRY ST AT ALYEA ST,njt_bus,6380,,
FERRY ST AT NIAGARA ST,njt_bus,6381,,
FERRY ST AT FILLMORE ST,njt_bus,6382,,
FERRY ST AT MAIN ST,njt_bus,6383,,
FERRY ST AT LEXINGTON ST,njt_bus,6384,,
FERRY ST AT CHRISTIE ST,njt_bus,6385,,
FERRY ST AT HAWKINS ST,njt_bus,6386,,
FERRY ST AT MANUFACTURERS PL,njt_bus,6387,,
FERRY ST AT WAYDELL ST,njt_bus,6388,,
FERRY ST AT LOCKWOOD ST,njt_bus,6389,,
FERRY ST AT BLANCHARD ST,njt_bus,6390,,
FERRY ST AT MAIN ST,njt_bus,6391,,
FERRY ST AT FILLMORE ST,njt_bus,6392,,
FERRY ST AT CHAMBERS ST,njt_bus,6393,,
FERRY ST AT MERCHANT ST,njt_bus,6394,,
FERRY ST AT ADAMS ST,njt_bus,6395,,
FERRY ST AT UNION ST,njt_bus,6396,,
FIRMENCH WAY AT G.O.D. WAY/WAREHOUSE PLACE,njt_bus,6397,,
FIRMENCH WAY 90'E OF DOREMUS AVE,njt_bus,6398,,
FLEMING AVE AT RICHARDS ST,njt_bus,6399,,
FLEMING AVE AT CHRISTIE ST,njt_bus,6400,,
FLEMING AVE AT OXFORD ST,njt_bus,6401,,
FRANKLIN AVE AT CLARA MAASS DR,njt_bus,6402,,
FRANKLIN AVE AT STEPHEN CRANE PLAZA,njt_bus,6403,,
FRANKLIN AVE AT ANTHONY ST,njt_bus,6404,,
HELLER PKWY AT NORTH 6TH ST,njt_bus,6405,,
FRELINGHUYSEN AVE AT VIRGINIA ST,njt_bus,6406,,
FRELINGHUYSEN AVE AT MCCLELLAN ST,njt_bus,6407,,
FRELINGHUYSEN AVE AT EVERGREEN AVE,njt_bus,6408,,
FRELINGHUYSEN AVE AT VAN DUYNE ST,njt_bus,6409,,
FRELINGHUYSEN AVE AT LOWELL PL,njt_bus,6410,,
FRELINGHUYSEN AVE AT VICTORIA ST,njt_bus,6411,,
FRELINGHUYSEN AVE AT TOLER PL,njt_bus,6412,,
FRELINGHUYSEN AVE AT PEERLESS PL,njt_bus,6413,,
FRELINGHUYSEN AVE AT CONCORD ST,njt_bus,6414,,
FRELINGHUYSEN AVE AT CLIFTON ST,njt_bus,6415,,
FRELINGHUYSEN AVE AT EAST ALPINE ST,njt_bus,6416,,
FRELINGHUYSEN AVE AT EAST ALPINE ST,njt_bus,6417,,
FRELINGHUYSEN AVE AT EAST BIGELOW ST,njt_bus,6418,,
FRELINGHUYSEN AVE AT CONCORD ST,njt_bus,6419,,
FRELINGHUYSEN AVE AT TOLER PL,njt_bus,6420,,
FRELINGHUYSEN AVE AT VICTORIA ST,njt_bus,6421,,
FRELINGHUYSEN AVE AT NOBLE ST,njt_bus,6422,,
FRELINGHUYSEN AVE AT MEEKER AVE,njt_bus,6423,,
FRELINGHUYSEN AVE AT DAYTON ST,njt_bus,6424,,
FRELINGHUYSEN AVE AT FOSTER ST,njt_bus,6425,,
FRELINGHUYSEN AVE AT SETH BOYDEN TER,njt_bus,6426,,
FRELINGHUYSEN AVE AT EVERGREEN AVE,njt_bus,6427,,
FRELINGHUYSEN AVE AT MITCHELL PL,njt_bus,6428,,
FRELINGHUYSEN AVE AT VAN VECHTEN ST,njt_bus,6429,,
FRELINGHUYSEN AVE AT VIRGINIA ST,njt_bus,6430,,
FRONTAGE RD (SHERATON HOTEL),njt_bus,6431,,Jersey Gardens
GROVE ST AT S ORANGE AVE,njt_bus,6432,,
GROVE ST AT 13TH AVE,njt_bus,6433,,
GROVE ST AT 13TH AVE,njt_bus,6434,,
GROVE ST AT S ORANGE AVE,njt_bus,6435,,
HAWTHORNE AVE AT FABYAN PL,njt_bus,6436,,
HAWTHORNE AVE AT CLINTON PL,njt_bus,6437,,
HAWTHORNE AVE AT GOODWIN AVE,njt_bus,6438,,
HAWTHORNE AVE AT OSBORNE TERR,njt_bus,6439,,
HAWTHORNE AVE AT SEYMOUR AVE,njt_bus,6440,,
HAWTHORNE AVE AT BERGEN ST,njt_bus,6441,,
HAWTHORNE AVE AT PESHINE AVE,njt_bus,6442,,
HAWTHORNE AVE AT BERGEN ST,njt_bus,6443,,
HAWTHORNE AVE AT SEYMOUR AVE,njt_bus,6444,,
HAWTHORNE AVE AT OSBORNE TERR,njt_bus,6445,,
HAWTHORNE AVE AT REEVES PL,njt_bus,6446,,
HAWTHORNE AVE AT CLINTON PL,njt_bus,6447,,
HAWTHORNE AVE AT LESLIE ST,njt_bus,6448,,
HAWTHORNE AVE AT FABYAN PL,njt_bus,6449,,
HELLER PKWY AT 1ST ST,njt_bus,6450,,
HELLER PKWY 220'E OF NORTH 6TH ST,njt_bus,6451,,
HELLER PKWY AT LAKE ST,njt_bus,6452,,
HELLER PKWY AT CLIFTON AVE,njt_bus,6453,,
HELLER PKWY AT CLIFTON AVE,njt_bus,6454,,
HELLER PKWY AT LAKE ST,njt_bus,6455,,
HELLER PKWY AT FOREST HILL PKWY,njt_bus,6456,,
HELLER PKWY AT FRANKLIN AVE,njt_bus,6457,,
IRVINE TURNER BLVD AT AVON AVE,njt_bus,6458,,
IRVINE TURNER BLVD AT MUHAMMED ALI AVE,njt_bus,6459,,
IRVINE TURNER BLVD AT SPRUCE ST,njt_bus,6460,,
IRVINE TURNER BLVD AT 17TH ST,njt_bus,6461,,
IRVINE TURNER BLVD AT WEST KINNEY ST,njt_bus,6462,,
IRVINE TURNER BLVD AT COURT ST,njt_bus,6463,,
IRVINE TURNER BLVD AT SPRINGFIELD AVE,njt_bus,6464,,
IRVINE TURNER BLVD AT WEST KINNEY ST,njt_bus,6465,,
IRVINE TURNER BLVD AT 17TH AVE,njt_bus,6466,,
IRVINE TURNER BLVD AT MUHAMMED ALI AVE,njt_bus,6467,,
IRVINE TURNER BLVD AT AVON AVE,njt_bus,6468,,
IRVINE TURNER BLVD 300'N OF MADISON AVE,njt_bus,6469,,Livingston Mall
IRVINGTON AVE AT TUXEDO PKWY,njt_bus,6470,,Irvington
IRVINGTON AVE AT BOYDEN AVE,njt_bus,6471,,Irvington
IRVINGTON AVE AT MANOR DR,njt_bus,6472,,Irvington
IVY HILL LOOP (MT VERNON PL),njt_bus,6473,,
JONES ST AT SPRINGFIELD AVE,njt_bus,6474,,
KELLOGG ST 320' E OF CORBIN ST,njt_bus,6475,,Kearny
KELLOGG ST 290' E OF CORBIN ST,njt_bus,6476,,Jersey Gardens
LAKE ST AT VERONA AVE,njt_bus,6477,,
LAKE ST LOOP,njt_bus,6478,,
LINCOLN PARK AT HALSEY ST,njt_bus,6479,,Clinton Avenue
LINCOLN PARK AT WASHINGTON ST,njt_bus,6480,,Clinton Avenue
LYONS AVE AT STECHER ST,njt_bus,6481,,New York
LYONS AVE AT LESLIE ST,njt_bus,6482,,New York
LYONS AVE AT DEWEY ST,njt_bus,6483,,New York
LYONS AVE AT ALDINE ST,njt_bus,6484,,New York
LYONS AVE AT MAPLE AVE,njt_bus,6485,,New York
LYONS AVE AT OSBORNE TERR,njt_bus,6486,,Newark
LYONS AVE AT BERGEN ST,njt_bus,6487,,New York
LYONS AVE AT PORTER PL,njt_bus,6488,,New York
LYONS AVE AT PORTER PL,njt_bus,6489,,Irvington
LYONS AVE AT BERGEN ST,njt_bus,6490,,Irvington
LYONS AVE AT PARKVIEW TERRACE,njt_bus,6491,,Irvington
LYONS AVE AT OSBORNE TERR,njt_bus,6492,,Irvington
LYONS AVE AT SCHUYLER AVE,njt_bus,6493,,Irvington
LYONS AVE AT ALDINE ST,njt_bus,6494,,Irvington
LYONS AVE AT DEWEY ST,njt_bus,6495,,Irvington
LYONS AVE AT LESLIE ST,njt_bus,6496,,Irvington
LYONS AVE AT FABYAN PLACE,njt_bus,6497,,Irvington
MANOR DR 620' S OF MT. VERNON PL.,njt_bus,6498,,Irvington
MANOR DR 620' S OF MT. VERNON PL.,njt_bus,6499,,New York
MAPLE AVE AT CHANCELLOR AVE,njt_bus,6500,,
MAPLE AVE AT CHANCELLOR AVE,njt_bus,6501,,Newark
MAPLE AVE AT LYONS AVE,njt_bus,6502,,Newark
MAPLE AVE AT LYONS AVE,njt_bus,6503,,Irvington
MAPLE AVE AT GOLDSMITH AVE,njt_bus,6504,,Irvington
MAPLE AVE AT CHANCELLOR AVE,njt_bus,6505,,Irvington
MAPLE AVE AT KEER AVE,njt_bus,6506,,
MAPLE AVE AT GRUMMAN AVE,njt_bus,6507,,
MARKET ST AT WASHINGTON ST,njt_bus,6508,,
MARKET ST AT BROAD ST,njt_bus,6509,,
MARKET ST AT MULBERRY ST,njt_bus,6510,,
MARKET ST AT MCCARTER HWY,njt_bus,6511,,
EASTBOUND MARKET ST UNDER BRIDGE,njt_bus,6512,,
MARKET ST AT UNION ST,njt_bus,6513,,New York
MARKET ST AT MONROE ST,njt_bus,6514,,New York
MARKET ST AT FERGUSON ST,njt_bus,6515,,New York
MARKET ST AT FILLMORE ST,njt_bus,6516,,New York
MARKET ST AT MOTT ST,njt_bus,6517,,New York
MARKET ST BUS LANE AT RAYMOND PLAZA W,njt_bus,6518,,
MARKET ST AT MULBERRY ST,njt_bus,6519,,
MARKET ST AT BROAD ST,njt_bus,6520,,
MARKET ST AT HALSEY ST,njt_bus,6521,,
MARKET ST AT WASHINGTON ST,njt_bus,6522,,
MCWHORTER ST AT HAMILTON ST,njt_bus,6523,,
MCWHORTER ST AT GREEN ST,njt_bus,6524,,
MEEKER AVE AT EMPIRE ST,njt_bus,6525,,New York
MEEKER AVE AT FRELINGHUYSEN AVE,njt_bus,6526,,Irvington
MEEKER AVE AT EMPIRE ST,njt_bus,6527,,Irvington
MOTT ST AT MARKET ST,njt_bus,6528,,
MT PROSPECT AVE AT EAST 3RD AVE,njt_bus,6529,,
MT PROSPECT AVE AT EAST 2ND AVE,njt_bus,6530,,
MT PROSPECT AVE 100'N OF MT PROSPECT PL,njt_bus,6531,,
MT PROSPECT AVE AT ABINGTON AVE,njt_bus,6532,,
MT PROSPECT AVE 75'S OF BALLANTINE PKWY.,njt_bus,6533,,
MT PROSPECT AVE AT EAST DELAVAN AVE,njt_bus,6534,,
MT PROSPECT AVE AT ELWOOD AVE,njt_bus,6535,,
MT PROSPECT AVE AT GRAFTON AVE,njt_bus,6536,,
MT PROSPECT AVE AT VERONA AVE,njt_bus,6537,,
MT PROSPECT AVE AT SYLVAN AVE,njt_bus,6538,,
MT PROSPECT AVE AT SYLVAN AVE,njt_bus,6539,,
MT PROSPECT AVE AT GRAFTON AVE,njt_bus,6540,,
MT PROSPECT AVE AT HELLER PKWY,njt_bus,6541,,
MT PROSPECT AVE AT EAST DELAVAN AVE,njt_bus,6542,,
MT PROSPECT AVE AT BALLANTINE PKWY,njt_bus,6543,,
MT PROSPECT AVE AT ABINGTON AVE,njt_bus,6544,,
MT PROSPECT AVE 250'N OF MT. PROSPECT PL.,njt_bus,6545,,
MT PROSPECT AVE AT EAST 2ND AVE,njt_bus,6546,,
MT PROSPECT AVE AT EAST 3RD AVE,njt_bus,6547,,
MT PROSPECT AVE AT BLOOMFIELD AVE,njt_bus,6548,,
MT. VERNON PL AT NORMAN RD,njt_bus,6549,,
MT. VERNON PL AT KERRIGAN BLVD,njt_bus,6550,,
MT. VERNON PL AT SANDFORD AVE,njt_bus,6551,,
MT. VERNON PL AT KERRIGAN BLVD,njt_bus,6552,,
MT. VERNON PL AT NORMAN RD,njt_bus,6553,,
MT. VERNON PL AT MIDLAND PL,njt_bus,6554,,
MT. VERNON PL AT MANOR DR,njt_bus,6555,,
MULBERRY ST AT CLINTON ST,njt_bus,6556,,
MULBERRY ST AT COMMERCE ST,njt_bus,6557,,
NEWARK AIRPORT BUILDING #4 AT BUS HOV LANE LOCAT,njt_bus,6558,,Elizabeth
TERMINAL B,njt_bus,6559,,Elizabeth
TERMINAL C,njt_bus,6560,,Elizabeth
NORFOLK ST AT WEST MARKET ST,njt_bus,6561,,
NORFOLK ST AT WARREN ST,njt_bus,6562,,
NORFOLK ST AT CENTRAL AVE,njt_bus,6563,,
NORFOLK ST AT SUSSEX AVE,njt_bus,6564,,
NORFOLK ST AT ORANGE ST,njt_bus,6565,,
NORFOLK ST AT SUSSEX AVE,njt_bus,6566,,
NORFOLK ST AT WARREN ST,njt_bus,6567,,
NORFOLK ST AT WEST MARKET ST,njt_bus,6568,,
NORTH 14TH ST AT HEDDEN PL. (LAYOVER ONLY),njt_bus,6569,,
ORANGE ST AT S 14TH ST,njt_bus,6570,,
ORANGE ST AT 1ST ST,njt_bus,6571,,
ORANGE ST AT NORFOLK ST,njt_bus,6572,,
ORANGE ST AT NESBITT ST,njt_bus,6573,,
ORANGE ST AT BOYDEN ST,njt_bus,6574,,
ORANGE ST AT D.M.L. KING BLVD,njt_bus,6575,,
ORANGE ST AT BURNETT ST,njt_bus,6576,,
ORANGE ST 100' E OF BOYDEN ST,njt_bus,6577,,
ORANGE ST AT DURYEA ST,njt_bus,6578,,Newark
ORANGE ST AT S 14TH ST,njt_bus,6579,,
PACIFIC ST AT CHESTNUT ST,njt_bus,6580,,
PACIFIC ST AT MALVERN ST,njt_bus,6581,,
PACIFIC ST AT WALNUT ST,njt_bus,6582,,
PARK AVE AT NORTH 11TH ST,njt_bus,6583,,
PARK AVE AT ROSEVILLE AVE,njt_bus,6584,,
PARK AVE AT NORTH 6TH ST,njt_bus,6585,,
PARK AVE STATION,njt_bus,6586,,
PARK AVE AT PARKER ST,njt_bus,6587,,
PARK AVE AT CLIFTON AVE,njt_bus,6588,,
PARK AVE AT PARKER ST,njt_bus,6589,,
PARK AVE STATION,njt_bus,6590,,
PARK AVE AT NORTH 6TH ST,njt_bus,6591,,
PARK AVE AT ROSEVILLE AVE,njt_bus,6592,,
PARK AVE AT NORTH 11TH ST,njt_bus,6593,,
PARK PLACE AT RAYMOND BLVD,njt_bus,6594,,
BUS LANES (RAYMOND BLVD SIDE),njt_bus,6595,,
POINIER ST AT PENNSYLVANIA AVE,njt_bus,6596,,
PULASKI ST AT NEW YORK AVE,njt_bus,6597,,
PULASKI STREET AT NICHOLS STREET,njt_bus,6598,,
PULASKI ST AT CHESTNUT ST,njt_bus,6599,,
PULASKI ST AT DELANCY ST,njt_bus,6600,,
PULASKI ST AT CLIFFORD ST,njt_bus,6601,,
RAYMOND BLVD AT WASHINGTON ST,njt_bus,6602,,Hackensack
RAYMOND BLVD AT BROAD ST,njt_bus,6603,,Livingston Mall
RAYMOND BLVD AT MULBERRY ST,njt_bus,6604,,Elizabeth
RAYMOND BLVD 244' W OF BLANCHARD ST.,njt_bus,6605,,
RAYMOND BLVD AT WAYDELL ST,njt_bus,6606,,
RAYMOND BLVD AT LOCKWOOD ST,njt_bus,6607,,
RAYMOND BLVD AT BRILL ST,njt_bus,6608,,Newark
RAYMOND BLVD AT PROVIDENCE ST,njt_bus,6609,,Newark
RAYMOND BLVD 30'E OF JEFFERSON STREET,njt_bus,6610,,Newark
RAYMOND BLVD AT JERSEY ST,njt_bus,6611,,Newark
RAYMOND BLVD AT RAYMOND PLAZA EAST,njt_bus,6612,,
RAYMOND BLVD 170'W OF MCCARTER HWY,njt_bus,6613,,Newark
RAYMOND BLVD AT COMMERCE CT,njt_bus,6614,,
RAYMOND BLVD AT WASHINGTON ST,njt_bus,6615,,
RAYMOND BLVD AT UNIVERSITY ST,njt_bus,6616,,
ROSEVILLE AVE AT SUSSEX AVE,njt_bus,6617,,
ROSEVILLE AVE AT ORANGE ST,njt_bus,6618,,
ROSEVILLE AVE AT 7TH AVE W,njt_bus,6619,,
ROSEVILLE AVE AT 6TH AVE W,njt_bus,6620,,
ROSEVILLE AVE AT PARK AVE,njt_bus,6621,,
ROSEVILLE AVE AT 4TH AVE,njt_bus,6622,,
ROSEVILLE AVE AT 3RD AVE W,njt_bus,6623,,
ROSEVILLE AVE AT 2ND AVE W,njt_bus,6624,,
ROSEVILLE AVE AT 1ST AVE W,njt_bus,6625,,
ROSEVILLE AVE AT BLOOMFIELD AVE,njt_bus,6626,,
ROSEVILLE AVE AT 2ND AVE W,njt_bus,6627,,
ROSEVILLE AVE AT 3RD AVE W,njt_bus,6628,,
ROSEVILLE AVE AT 4TH AVE,njt_bus,6629,,
ROSEVILLE AVE AT PARK AVE,njt_bus,6630,,
ROSEVILLE AVE AT 6TH AVE W,njt_bus,6631,,
ROSEVILLE AVE AT 7TH AVE W,njt_bus,6632,,
ROSEVILLE AVE AT ORANGE ST,njt_bus,6633,,
ROSEVILLE AVE AT SUSSEX AVE,njt_bus,6634,,
SANFORD AVE AT IVY ST,njt_bus,6635,,
SANFORD AVE AT VARSITY RD,njt_bus,6636,,
SANFORD AVE AT IVY ST,njt_bus,6637,,
SANFORD AVE AT MT VERNON PL,njt_bus,6638,,
SARAH VAUGHAN WAY 90' W OF PARK PL.,njt_bus,6639,,New York
SARAH VAUGHAN WAY (PARK PL) AT RECTOR ST,njt_bus,6640,,Newark
NORTH AREA TRANS CENTER - PORT ST,njt_bus,6641,,New York
SOUTH 8TH ST AT MARKET ST,njt_bus,6642,,
SOUTH 8TH ST AT MARKET ST,njt_bus,6643,,
S 8TH ST AT CENTRAL AVE,njt_bus,6644,,
S 10TH ST AT BLUM ST,njt_bus,6645,,
16TH AVE AT S 10TH ST,njt_bus,6646,,
S 10TH ST AT 15TH AVE,njt_bus,6647,,
S 10TH ST AT SOUTH ORANGE AVE,njt_bus,6648,,
S 10TH ST AT 13TH AVE,njt_bus,6649,,
S 10TH ST AT 12TH AVE,njt_bus,6650,,
S 10TH ST AT 11TH AVE,njt_bus,6651,,
S 10TH ST AT 11TH AVE,njt_bus,6652,,
S 10TH ST AT 12TH AVE,njt_bus,6653,,
S 10TH ST AT 13TH AVE,njt_bus,6654,,
S 10TH ST AT SOUTH ORANGE AVE,njt_bus,6655,,
S 10TH ST AT 15TH AVE,njt_bus,6656,,
16TH AVE AT S 10TH ST,njt_bus,6657,,
S 10TH ST AT BLUM ST,njt_bus,6658,,
S 11TH ST AT 13TH AVE,njt_bus,6659,,
S 12TH ST AT 11TH AVE,njt_bus,6660,,
S 12TH ST AT S ORANGE AVE,njt_bus,6661,,
S 18TH ST AT 15TH AVE,njt_bus,6662,,
S 18TH ST AT 16TH AVE,njt_bus,6663,,
S 18TH ST AT 18TH AVE,njt_bus,6664,,
S 18TH ST AT SPRINGFIELD AVE,njt_bus,6665,,
S 18TH ST AT AVON AVE,njt_bus,6666,,
FABYAN PL AT CLINTON AVE,njt_bus,6667,,
S 19TH ST AT HOPKINS PL,njt_bus,6668,,
S 19TH ST AT AVON AVE,njt_bus,6669,,
S 19TH ST AT SPRINGFIELD AVE,njt_bus,6670,,
S 19TH ST AT 19TH AVE,njt_bus,6671,,
S 19TH ST AT 17TH AVE,njt_bus,6672,,
S 19TH ST AT 16TH AVE,njt_bus,6673,,
S 19TH ST AT 15TH AVE,njt_bus,6674,,
SOUTH ORANGE AVE AT OAKLAND TER,njt_bus,6675,,Newark Penn Station
SOUTH ORANGE AVE AT SANDFORD AVE,njt_bus,6676,,Newark Penn Station
SOUTH ORANGE AVE AT STUYVESANT AVE,njt_bus,6677,,Newark Penn Station
SOUTH ORANGE AVE AT NORWOOD ST,njt_bus,6678,,Newark Penn Station
SOUTH ORANGE AVE AT BOYLAN ST,njt_bus,6679,,Newark Penn Station
SOUTH ORANGE AVE AT ALEXANDER ST,njt_bus,6680,,Newark Penn Station
SOUTH ORANGE AVE AT SOUTH MUNN AVE,njt_bus,6681,,Newark Penn Station
SOUTH ORANGE AVE AT GLADSTONE AVE,njt_bus,6682,,Newark Penn Station
SOUTH ORANGE AVENUE AT GROVE STREET,njt_bus,6683,,Newark Penn Station
SOUTH ORANGE AVE AT SOUTH 19TH ST,njt_bus,6684,,Newark Penn Station
SOUTH ORANGE AVE AT SOUTH 17TH ST,njt_bus,6685,,Newark Penn Station
SOUTH ORANGE AVE AT SOUTH 14TH ST,njt_bus,6686,,Newark Penn Station
SOUTH ORANGE AVE AT ASHLAND ST,njt_bus,6687,,Newark Penn Station
SOUTH ORANGE AVE AT SOUTH 8TH ST,njt_bus,6688,,Newark Penn Station
SOUTH ORANGE AVE AT SOUTH 11TH ST,njt_bus,6689,,Newark Penn Station
SOUTH ORANGE AVE AT SOUTH 6TH ST,njt_bus,6690,,Newark Penn Station
SOUTH ORANGE AVE AT FAIRMOUNT AVE,njt_bus,6691,,Newark Penn Station
SOUTH ORANGE AVE AT BERGEN ST,njt_bus,6692,,Newark Penn Station
SOUTH ORANGE AVE AT HUNTERDON ST,njt_bus,6693,,
SOUTH ORANGE AVE AT BRUCE ST,njt_bus,6694,,Newark Penn Station
S ORANGE AVE AT NORFOLK ST/JONES ST,njt_bus,6695,,Newark Penn Station
SOUTH ORANGE AVE AT HOWARD ST,njt_bus,6696,,Newark Penn Station
S ORANGE AVE AT NORFOLK ST/JONES ST,njt_bus,6697,,South Orange Avenue
SOUTH ORANGE AVE AT BRUCE ST,njt_bus,6698,,South Orange Avenue
SOUTH ORANGE AVE AT HUNTERDON ST,njt_bus,6699,,
SOUTH ORANGE AVE AT BERGEN ST,njt_bus,6700,,South Orange Avenue
SOUTH ORANGE AVE AT LITTLETON AVE,njt_bus,6701,,South Orange Avenue
SOUTH ORANGE AVE AT SOUTH 7TH ST,njt_bus,6702,,South Orange Avenue
SOUTH ORANGE AVE AT SOUTH 9TH ST,njt_bus,6703,,South Orange Avenue
SOUTH ORANGE AVE AT SOUTH 12TH ST,njt_bus,6704,,South Orange Avenue
SOUTH ORANGE AVE AT SOUTH 14TH ST,njt_bus,6705,,South Orange Avenue
SOUTH ORANGE AVE AT SOUTH 16TH ST,njt_bus,6706,,South Orange Avenue
SOUTH ORANGE AVE AT SOUTH 18TH ST,njt_bus,6707,,South Orange Avenue
SOUTH ORANGE AVE AT SOUTH 20TH ST,njt_bus,6708,,South Orange Avenue
SOUTH ORANGE AVENUE AT GROVE STREET,njt_bus,6709,,South Orange Avenue
SOUTH ORANGE AVE AT SPEEDWAY AVE,njt_bus,6710,,South Orange Avenue
SOUTH ORANGE AVE AT NORTH MUNN AVE,njt_bus,6711,,South Orange Avenue
SOUTH ORANGE AVE AT VERMONT AVE,njt_bus,6712,,South Orange Avenue
SOUTH ORANGE AVE AT HALSTEAD ST,njt_bus,6713,,South Orange Avenue
SOUTH ORANGE AVE AT SANDFORD AVE,njt_bus,6714,,South Orange Avenue
SOUTH ORANGE AVE AT POE AVE,njt_bus,6715,,South Orange Avenue
SOUTH ST AT BROAD ST,njt_bus,6716,,Jersey Gardens
SOUTH ST AT HERMON ST,njt_bus,6717,,Jersey Gardens
SOUTH ST AT DAWSON ST,njt_bus,6718,,Jersey Gardens
SOUTH ST AT JEFFERSON ST,njt_bus,6719,,Jersey Gardens
SOUTH ST AT VAN BUREN ST,njt_bus,6720,,Jersey Gardens
SOUTH ST VAN BUREN ST,njt_bus,6721,,
SOUTH ST AT ADAMS ST,njt_bus,6722,,
SOUTH ST AT JEFFERSON ST,njt_bus,6723,,
SOUTH ST AT PACIFIC ST,njt_bus,6724,,
SOUTH ST AT DAWSON ST,njt_bus,6725,,Kearny
SOUTH ST AT BROAD ST,njt_bus,6726,,Kearny
SPRINGFIELD AVE AT SOUTH 20TH ST,njt_bus,6727,,
SPRINGFIELD AVE AT S 18TH ST,njt_bus,6728,,
SPRINGFIELD AVE AT SOUTH 17TH ST,njt_bus,6729,,
SPRINGFIELD AVE AT SOUTH 15TH ST,njt_bus,6730,,
SPRINGFIELD AVE AT PIERCE ST,njt_bus,6731,,
SPRINGFIELD AVE AT S 10TH ST,njt_bus,6732,,
SPRINGFIELD AVE AT JACOB ST,njt_bus,6733,,
SPRINGFIELD AVE AT FAIRMOUNT AVE,njt_bus,6734,,
SPRINGFIELD AVE AT BERGEN ST,njt_bus,6735,,
SPRINGFIELD AVE AT WEST KINNEY ST,njt_bus,6736,,
SPRINGFIELD AVE AT SAYRE ST,njt_bus,6737,,
SPRINGFIELD AVE AT PRINCE ST,njt_bus,6738,,
SPRINGFIELD AVE AT BROOME ST,njt_bus,6739,,
SPRINGFIELD AVE AT MLK JR BLVD,njt_bus,6740,,
SPRINGFIELD AVE AT BRANFORD PL,njt_bus,6741,,
SPRINGFIELD AVE AT MLK JR BLVD,njt_bus,6742,,
SPRINGFIELD AVE AT BROOME ST,njt_bus,6743,,
SPRINGFIELD AVE AT PRINCE ST,njt_bus,6744,,
SPRINGFIELD AVE AT IRVINE TURNER BLVD,njt_bus,6745,,
SPRINGFIELD AVE AT HAYES ST,njt_bus,6746,,
SPRINGFIELD AVE AT BEDFORD ST,njt_bus,6747,,
SPRINGFIELD AVE AT HUNTERDON ST,njt_bus,6748,,
SPRINGFIELD AVE AT BERGEN ST,njt_bus,6749,,
SPRINGFIELD AVE AT SOUTH 6TH ST,njt_bus,6750,,
SPRINGFIELD AVE AT BLUM ST,njt_bus,6751,,
SPRINGFIELD AVE AT S 10TH ST,njt_bus,6752,,
SPRINGFIELD AVE AT SOUTH 13TH ST,njt_bus,6753,,
SPRINGFIELD AVE AT SOUTH 15TH ST,njt_bus,6754,,
SPRINGFIELD AVE AT S 18TH ST,njt_bus,6755,,
SPRINGFIELD AVE AT SOUTH 20TH ST,njt_bus,6756,,
STUYVESANT AVE AT 18TH AVE,njt_bus,6757,,
STUYVESANT AVE AT LINDSLEY AVE,njt_bus,6758,,
STUYVESANT AVE AT ABINGER PL,njt_bus,6759,,
STUYVESANT AVE AT SOUTH ORANGE AVE,njt_bus,6760,,
STUYVESANT AVE AT SOUTH ORANGE AVE,njt_bus,6761,,
STUYVESANT AVE AT ABINGER PL,njt_bus,6762,,
STUYVESANT AVE AT LINDSLEY AVE,njt_bus,6763,,
STUYVESANT AVE AT 18TH AVE,njt_bus,6764,,
STUYVESANT AVE AT UNDERWOOD ST,njt_bus,6765,,
TYLER ST AT PANAMA ST,njt_bus,6766,,Kearny
TYLER ST AT MARITIME ST,njt_bus,6767,,Kearny
TYLER ST 300' E OF CORBIN ST.,njt_bus,6768,,Kearny
UNION ST AT GREEN ST,njt_bus,6769,,
UNION ST AT FERRY ST,njt_bus,6770,,
UNIVERSITY AVE AT LACKAWANNA AVE,njt_bus,6771,,
UNIVERSITY AVE AT ORANGE ST,njt_bus,6772,,Hackensack
UNIVERSITY AVE AT JAMES ST,njt_bus,6773,,Hackensack
UNIVERSITY AVE AT CENTRAL AVE,njt_bus,6774,,Hackensack
UNIVERSITY AVE AT WARREN ST,njt_bus,6775,,Hackensack
UNIVERSITY AVE AT WILLIAM ST,njt_bus,6776,,
UNIVERSITY AVE AT COURT ST,njt_bus,6777,,
VERONA AVE AT MT PROSPECT AVE,njt_bus,6778,,
VERONA AVE AT RIDGE ST,njt_bus,6779,,
VERONA AVE AT HIGHLAND AVE,njt_bus,6780,,
VERONA AVE AT MT PROSPECT AVE,njt_bus,6781,,
WAINWRIGHT ST AT LYONS AVE,njt_bus,6782,,
WALNUT ST AT MCWHORTER ST,njt_bus,6783,,
WALNUT ST AT JEFFERSON ST,njt_bus,6784,,
WALNUT ST AT ADAMS ST,njt_bus,6785,,
WALNUT ST AT VAN BUREN ST,njt_bus,6786,,
WARREN ST AT CORNERSTONE LN,njt_bus,6787,,
WARREN ST AT WILSEY ST,njt_bus,6788,,
WASHINGTON ST AT SPRUCE ST,njt_bus,6789,,Livingston Mall
WASHINGTON ST AT W KINNEY ST,njt_bus,6790,,Livingston Mall
WASHINGTON ST AT HILL ST,njt_bus,6791,,Livingston Mall
WASHINGTON ST AT WILLIAM ST,njt_bus,6792,,Livingston Mall
WASHINGTON ST AT BRANFORD PL,njt_bus,6793,,Livingston Mall
WASHINGTON ST AT MARKET ST,njt_bus,6794,,Livingston Mall
WASHINGTON ST AT MARKET ST,njt_bus,6795,,
WASHINGTON ST AT RAYMOND BLVD,njt_bus,6796,,Livingston Mall
WASHINGTON ST AT BLEEKER ST,njt_bus,6797,,
WASHINGTON ST AT CENTRAL AVE,njt_bus,6798,,
WASHINGTON ST AT WASHINGTON PL,njt_bus,6799,,Newark
WASHINGTON ST AT H TUBMAN SQ,njt_bus,6800,,Newark
WEST 4TH AVE AT NORTH 12TH ST,njt_bus,6801,,
WEST 4TH AVE AT NORTH 9TH ST,njt_bus,6802,,
WEST 4TH AVE AT NORTH 9TH ST,njt_bus,6803,,
WEST 4TH AVE AT NORTH 12TH ST,njt_bus,6804,,
WEST BIGELOW ST AT PESHINE AVE,njt_bus,6805,,Newark
WEST BIGELOW ST AT RIDGEWOOD AVE,njt_bus,6806,,Newark
WEST BIGELOW ST AT HILLSIDE AVE,njt_bus,6807,,Newark
WEST BIGELOW ST AT HILLSIDE AVE,njt_bus,6808,,Irvington
WEST BIGELOW ST AT RIDGEWOOD AVE,njt_bus,6809,,Irvington
WEST BIGELOW ST AT PESHINE AVE,njt_bus,6810,,Irvington
WEST BIGELOW ST AT HUNTERDON ST,njt_bus,6811,,Irvington
WEST KINNEY ST AT PRINCE ST,njt_bus,6812,,
WEST KINNEY ST AT HOWARD ST,njt_bus,6813,,
WEST KINNEY ST AT QUITMAN ST,njt_bus,6814,,
MLK JR BLVD AT KINNEY ST,njt_bus,6815,,
MLK JR BLVD AT KINNEY ST,njt_bus,6816,,
WEST KINNEY ST AT HOWARD ST,njt_bus,6817,,
WEST KINNEY ST AT PRINCE ST,njt_bus,6818,,
W MARKET ST AT 9TH AVE,njt_bus,6819,,
W MARKET ST AT CENTRAL AVE,njt_bus,6820,,
W MARKET ST AT BERGEN ST,njt_bus,6821,,
W MARKET ST AT CABINET ST,njt_bus,6822,,
W MARKET ST AT NORFOLK ST,njt_bus,6823,,
W MARKET ST 165'E OF RICHMOND S,njt_bus,6824,,
W MARKET ST AT MLK JR BLVD,njt_bus,6825,,
W MARKET ST AT MLK JR BLVD,njt_bus,6826,,
W MARKET ST AT WICKLIFFE ST,njt_bus,6827,,
W MARKET ST AT NORFOLK ST,njt_bus,6828,,
W MARKET ST 200'E OF CABINET ST,njt_bus,6829,,
W MARKET ST AT 1ST ST,njt_bus,6830,,
W MARKET ST AT FAIRMOUNT AVE,njt_bus,6831,,
W MARKET ST AT NORTH 6TH ST,njt_bus,6832,,
W MARKET ST AT ROSEVILLE AVE,njt_bus,6833,,
W MARKET ST AT GRAY ST,njt_bus,6834,,
W PEDDIE ST AT BADGER AVE,njt_bus,6835,,
WILSON AVE AT PATTERSON ST,njt_bus,6836,,
WILSON AVE AT ANN ST,njt_bus,6837,,
WILSON AVE AT GARRISON ST,njt_bus,6838,,
WILSON AVE AT JABEZ ST,njt_bus,6839,,
WILSON AVE AT AVENUE K,njt_bus,6840,,
WILSON AVE AT AVENUE L,njt_bus,6841,,
WILSON AVE AT HYATT AVE,njt_bus,6842,,
WILSON AVE AT AVENUE P,njt_bus,6843,,
WILSON AVE AT DOREMUS AVE,njt_bus,6844,,
WILSON AVE AT AVENUE P,njt_bus,6845,,
WILSON AVE 175'E OF HYATT AVE,njt_bus,6846,,
WILSON AVE AT AVENUE L,njt_bus,6847,,
WILSON AVE AT AMSTERDAM AVE,njt_bus,6848,,
WILSON AVE AT ROME ST,njt_bus,6849,,
WILSON AVE AT BARBARA ST,njt_bus,6850,,
WILSON AVE AT MARNE ST,njt_bus,6851,,
WILSON AVE AT HENSLER ST,njt_bus,6852,,
WILSON AVE AT MERCHANT ST,njt_bus,6853,,
1ST AVE AT NORTH 12TH ST,njt_bus,6854,,
1ST AVE AT NORTH 10TH ST,njt_bus,6855,,
1ST AVE AT NORTH 10TH ST,njt_bus,6856,,
1ST AVE AT NORTH 12TH ST,njt_bus,6857,,
1ST AVE AT NORTH 13TH ST,njt_bus,6858,,
9TH AVE AT SOUTH 12TH ST,njt_bus,6859,,
12TH AVE AT SOUTH 11TH ST,njt_bus,6860,,
12TH AVE AT SOUTH 8TH ST,njt_bus,6861,,
12TH AVE AT LITTLETON AVE,njt_bus,6862,,
12TH AVE AT BERGEN ST,njt_bus,6863,,
12TH AVE AT NEWTON ST,njt_bus,6864,,
12TH AVE AT BERGEN ST,njt_bus,6865,,
12TH AVE AT LITTLETON AVE,njt_bus,6866,,
12TH AVE AT SOUTH 8TH ST,njt_bus,6867,,
14TH AVE AT S 18TH ST,njt_bus,6868,,
14TH AVE AT S 15TH ST,njt_bus,6869,,
14TH AVE AT ASHLAND ST,njt_bus,6870,,
14TH AVE AT S 14TH ST,njt_bus,6871,,
14TH AVE AT S 18TH ST,njt_bus,6872,,
15TH AVE AT BEDFORD ST,njt_bus,6873,,
15TH AVE AT BEDFORD ST,njt_bus,6874,,
SOUTH 20TH ST LOOP AT 16TH AVE,njt_bus,6875,,
16TH AVE AT SOUTH 20TH ST,njt_bus,6876,,
16TH AVE AT SOUTH 16TH ST,njt_bus,6877,,
16TH AVE AT SOUTH 13TH ST,njt_bus,6878,,
16TH AVE AT SOUTH 10TH ST,njt_bus,6879,,
16TH AVE AT SOUTH 7TH ST,njt_bus,6880,,
16TH AVE AT BERGEN ST,njt_bus,6881,,
16TH AVE AT CAMDEN ST,njt_bus,6882,,
16TH AVE AT 6TH ST,njt_bus,6883,,
16TH AVE AT SOUTH 7TH ST,njt_bus,6884,,
16TH AVE AT SOUTH 10TH ST,njt_bus,6885,,
16TH AVE AT SOUTH 13TH ST,njt_bus,6886,,
16TH AVE AT SOUTH 16TH ST,njt_bus,6887,,
16TH AVE AT 18TH ST,njt_bus,6888,,
18TH AVE AT MEAD ST,njt_bus,6889,,
18TH AVE AT STUYVESANT AVE,njt_bus,6890,,
18TH AVE AT SUNSET AVE,njt_bus,6891,,
18TH AVE AT SOUTH 19TH ST,njt_bus,6892,,Ivy Hill Express
18TH AVE AT SOUTH 17TH ST,njt_bus,6893,,Ivy Hill Express
18TH AVE AT SOUTH 15TH ST,njt_bus,6894,,Ivy Hill Express
18TH AVE AT SOUTH 13TH ST,njt_bus,6895,,Ivy Hill Express
18TH AVE AT KENT ST,njt_bus,6896,,
18TH AVE AT MUHAMMED ALI BLVD,njt_bus,6897,,
18TH AVE AT BERGEN ST,njt_bus,6898,,
18TH AVE AT HUNTERDON ST,njt_bus,6899,,
18TH AVE AT BOYD ST,njt_bus,6900,,
18TH AVE AT BOYD ST,njt_bus,6901,,
18TH AVE AT NEW FAIRVIEW AVE,njt_bus,6902,,
18TH AVE AT BERGEN ST,njt_bus,6903,,
18TH AVE AT MUHAMMED ALI BLVD,njt_bus,6904,,
18TH AVE AT SOUTH 13TH ST,njt_bus,6905,,Newark
18TH AVE AT SOUTH 15TH ST,njt_bus,6906,,Newark
18TH AVE AT SOUTH 17TH ST,njt_bus,6907,,Newark
18TH AVE AT SOUTH 19TH ST,njt_bus,6908,,Newark
18TH AVE AT WEST END AVE,njt_bus,6909,,
18TH AVE AT ALEXANDER ST,njt_bus,6910,,
18TH AVE AT NORWOOD ST,njt_bus,6911,,
18TH AVE AT SMITH ST,njt_bus,6912,,
GOUVERNOUR ST at RT-21 #,njt_bus,6913,,Newark
MARKET ST AT UNIVERSITY AVE,njt_bus,6914,,
SOUTH 14TH ST AT GOULD AVE#,njt_bus,6915,,
SOUTH 14TH ST AT GOULD AVE#,njt_bus,6916,,
9TH AVE AT SOUTH 14TH ST#,njt_bus,6917,,
9TH AVE AT SOUTH 14TH ST#,njt_bus,6918,,
ROSEVILLE AVE AT 1ST AVE#,njt_bus,6919,,
NORTHERN STATE PRISON#,njt_bus,6920,,Kearny
FIRMENCH WAY AT DOREMUS AVE#,njt_bus,6921,,
FIRMENCH WAY AT G.O.D. WAY/WAREHOUSE PL#,njt_bus,6922,,
PAVILLION APARTMENTS AT TOWER NORTH#,njt_bus,6923,,New York
PAVILLION APARTMENTS AT TOWER SOUTH#,njt_bus,6924,,New York
PAVILLION APARTMENTS AT TOWER SOUTH#,njt_bus,6925,,Newark
PAVILLION APARTMENTS AT TOWER NORTH#,njt_bus,6926,,Newark
DOREMUS AVE & PORT ST#,njt_bus,6927,,Kearny
DOREMUS AVE & PORT ST#,njt_bus,6928,,Jersey Gardens
BLOOMFIELD AVE AT WHITE ROCK RD,njt_bus,6929,,
BLOOMFIELD AVE AT CHESTNUT ST,njt_bus,6930,,Broad Street
BLOOMFIELD AVE AT COEYMAN AVE,njt_bus,6931,,Broad Street
BLOOMFIELD AVE AT SOUTH SPRING GARDEN AVE,njt_bus,6932,,Broad Street
BLOOMFIELD AVE AT HIGH ST,njt_bus,6933,,Broad Street
BLOOMFIELD AVE AT SPRUCE ST,njt_bus,6934,,Broad Street
BLOOMFIELD AVE AT SPRUCE ST,njt_bus,6935,,Clinton Avenue
BLOOMFIELD AVE AT HIGH ST,njt_bus,6936,,Clinton Avenue
BLOOMFIELD AVE AT NORTH SPRING GARDEN AVE,njt_bus,6937,,Clinton Avenue
BLOOMFIELD AVE AT COEYMAN AVE,njt_bus,6938,,Clinton Avenue
BLOOMFIELD AVE AT CHESTNUT ST,njt_bus,6939,,Clinton Avenue
BLOOMFIELD AVE AT CENTRE ST,njt_bus,6940,,Clinton Avenue
CENTRE ST AT PROSPECT ST,njt_bus,6941,,Clinton Avenue
CENTRE ST AT FRANKLIN AVE,njt_bus,6942,,Clinton Avenue
CENTRE ST AT RAVINE AVE,njt_bus,6943,,Clinton Avenue
CENTRE ST AT PASSAIC AVE,njt_bus,6944,,Clinton Avenue
CENTRE ST AT FREEMAN PL,njt_bus,6945,,Clinton Avenue
CENTRE ST AT UNION AVE,njt_bus,6946,,Clinton Avenue
CENTRE ST AT WASHINGTON AVE,njt_bus,6947,,Clinton Avenue
CENTRE ST AT WASHINGTON AVE,njt_bus,6948,,Broad Street
CENTRE ST AT UNION AVE,njt_bus,6949,,Broad Street
CENTRE ST AT FREEMAN PL,njt_bus,6950,,Broad Street
CENTRE ST AT PASSAIC AVE,njt_bus,6951,,Broad Street
CENTRE ST AT PARK DR,njt_bus,6952,,Broad Street
CENTRE ST AT FRANKLIN AVE,njt_bus,6953,,Broad Street
CENTRE ST AT PROSPECT ST,njt_bus,6954,,Broad Street
CENTRE ST AT BLOOMFIELD AVE,njt_bus,6955,,Broad Street
FRANKLIN AVE AT ESSEX ST,njt_bus,6956,,
FRANKLIN AVE AT HARRISON ST,njt_bus,6957,,
FRANKLIN AVE AT CENTRE ST,njt_bus,6958,,
FRANKLIN AVE AT CHURCH ST,njt_bus,6959,,
FRANKLIN AVE AT CHESTNUT ST,njt_bus,6960,,
FRANKLIN AVE AT LLOYD ST,njt_bus,6961,,
FRANKLIN AVE AT VREELAND AVE,njt_bus,6962,,
FRANKLIN AVE AT EAST HIGH ST,njt_bus,6963,,
FRANKLIN AVE AT YANTACAW PL,njt_bus,6964,,
FRANKLIN AVE AT KINGSLAND ST,njt_bus,6965,,
FRANKLIN AVE AT YANTACAW PL,njt_bus,6966,,
FRANKLIN AVE AT EAST HIGH ST,njt_bus,6967,,
FRANKLIN AVE AT VREELAND AVE,njt_bus,6968,,
FRANKLIN AVE AT LLOYD ST,njt_bus,6969,,
FRANKLIN AVE AT CHESTNUT ST,njt_bus,6970,,
FRANKLIN AVE AT CHURCH ST,njt_bus,6971,,
FRANKLIN AVE AT CENTRE ST,njt_bus,6972,,
FRANKLIN AVE AT HARRISON ST,njt_bus,6973,,
FRANKLIN AVE AT TREMONT PL,njt_bus,6974,,
KINGSLAND ST AT JOERG AVE,njt_bus,6975,,New York
KINGSLAND ST AT ALEXANDER AVE,njt_bus,6976,,New York
KINGSLAND ST AT EDISON AVE,njt_bus,6977,,New York
KINGSLAND ST AT BLOOMFIELD AVE,njt_bus,6978,,New York
KINGSLAND ST AT CATHEDRAL AVE,njt_bus,6979,,New York
KINGSLAND ST AT FRANKLIN AVE,njt_bus,6980,,New York
KINGSLAND ST AT PASSAIC AVE,njt_bus,6981,,
KINGSLAND ST AT LAKESIDE DR,njt_bus,6982,,New York
KINGSLAND ST AT PASSAIC AVE,njt_bus,6983,,Clifton
KINGSLAND ST AT FRANKLIN AVE,njt_bus,6984,,
KINGSLAND ST AT TERRACE AVE,njt_bus,6985,,Clifton
KINGSLAND ST 1218' W OF CATHEDRAL AVE.,njt_bus,6986,,Clifton
KINGSLAND ST AT BLOOMFIELD AVE,njt_bus,6987,,Clifton
KINGSLAND ST AT EDISON AVE,njt_bus,6988,,Clifton
KINGSLAND ST AT JOERG AVE,njt_bus,6989,,Clifton
PASSAIC AVE AT JACKSON ST,njt_bus,6990,,
PASSAIC AVE AT KINGSLAND ST,njt_bus,6991,,
RIVER RD AT WHITE TERRACE,njt_bus,6992,,Clifton
RIVER RD 300'S OF KINGSLAND ST,njt_bus,6993,,Clifton
RIVER RD 1100'S OF KINGSLAND ST,njt_bus,6994,,Clifton
RIVER RD 1100'S OF KINGSLAND ST,njt_bus,6995,,New York
RIVER RD AT WHITE TERRACE,njt_bus,6996,,New York
UNION AVE AT KING ST,njt_bus,6997,,
UNION AVE AT CONOVER AVE,njt_bus,6998,,
UNION AVE AT CENTRE ST,njt_bus,6999,,
UNION AVE AT CONOVER AVE,njt_bus,7000,,
UNION AVE AT KING ST,njt_bus,7001,,
WASHINGTON AVE AT BIG TREE GARAGE,njt_bus,7002,,Broad Street
WASHINGTON AVE AT PARK AVE,njt_bus,7003,,Broad Street
WASHINGTON AVE AT GRANT AVE,njt_bus,7004,,Broad Street
WASHINGTON AVE AT HOWE AVE,njt_bus,7005,,Broad Street
WASHINGTON AVE AT ROOSEVELT ST,njt_bus,7006,,Clinton Avenue
WASHINGTON AVE AT GRANT AVE,njt_bus,7007,,Clinton Avenue
WASHINGTON AVE AT PARK AVE,njt_bus,7008,,Clinton Avenue
WASHINGTON AVE AT BIG TREE GARAGE,njt_bus,7009,,Clinton Avenue
PRUDENTIAL CAMPUS,njt_bus,7012,,Newark
PRUDENTIAL DR AT CLOSED DVWY GATE,njt_bus,7013,,Newark
PRUDENTIAL DR AT SCHERING ENTRANCE,njt_bus,7014,,West Caldwell
PRUDENTIAL CAMPUS,njt_bus,7015,,West Caldwell
ROSELAND AVE AT HARRISON AVE#,njt_bus,7016,,Newark
ROSELAND AVE AT HARRISON AVE#,njt_bus,7017,,West Caldwell
EAGLE ROCK AVE AT ROSELAND AVE#,njt_bus,7018,,West Caldwell
EAGLE ROCK AVE AT ROSELAND PL#,njt_bus,7019,,Newark
IRVINGTON AVE AT ACADEMY ST,njt_bus,7020,,New York
IRVINGTON AVE AT PROSPECT ST,njt_bus,7021,,New York
IRVINGTON AVE AT TICHENOR AVE,njt_bus,7022,,New York
IRVINGTON AVE AT SETON PL,njt_bus,7023,,Irvington
IRVINGTON AVE AT RIGGS PL,njt_bus,7024,,Irvington
IRVINGTON AVE AT PROSPECT ST,njt_bus,7025,,Irvington
SCOTLAND RD AT RALSTON AVE,njt_bus,7026,,
SCOTLAND RD AT MONTROSE AVE,njt_bus,7027,,
SCOTLAND RD AT MONTROSE AVE,njt_bus,7028,,
SCOTLAND RD AT RALSTON AVE,njt_bus,7029,,
SLOAN ST AT 2ND ST,njt_bus,7030,,Irvington
SOUTH ORANGE AVE AT COTTAGE ST,njt_bus,7031,,Newark Penn Station
SOUTH ORANGE AVE 250' E OF WARD ST,njt_bus,7032,,Newark Penn Station
SOUTH ORANGE AVE AT KINGMAN RD,njt_bus,7033,,Newark Penn Station
SOUTH ORANGE AVE AT KINGMAN RD,njt_bus,7034,,South Orange Avenue
SOUTH ORANGE AVE AT UNIVERSITY CT,njt_bus,7035,,South Orange Avenue
SOUTH ORANGE AVE AT COTTAGE ST,njt_bus,7036,,South Orange Avenue
SOUTH ORANGE AVE 75'W OF PROSPECT ST,njt_bus,7037,,Irvington
VALLEY ST AT 1ST ST,njt_bus,7038,,New York
VALLEY ST AT 1ST ST,njt_bus,7039,,Irvington
BLOOMFIELD AVE AT FELLS RD,njt_bus,7040,,
BLOOMFIELD AVE AT FOREST AVE,njt_bus,7041,,
BLOOMFIELD AVE AT WEST LINCOLN ST,njt_bus,7042,,
BLOOMFIELD AVE AT EAST LINCOLN ST,njt_bus,7043,,
BLOOMFIELD AVE AT SOUTH PROSPECT ST,njt_bus,7044,,
BLOOMFIELD AVE AT LAKESIDE AVE,njt_bus,7045,,
BLOOMFIELD AVE AT PARK PL,njt_bus,7046,,
BLOOMFIELD AVE AT CUMBERLAND AVE,njt_bus,7047,,
BLOOMFIELD AVE AT PARK AVE,njt_bus,7048,,
BLOOMFIELD AVE 15' W OF MALVERN PL.,njt_bus,7049,,
BLOOMFIELD AVE AT BROOKDALE AVE,njt_bus,7050,,
BLOOMFIELD AVE 15'E OF WESTVIEW RD,njt_bus,7051,,
BLOOMFIELD AVE AT MT PROSPECT AVE,njt_bus,7052,,
BLOOMFIELD AVE AT SUNSET AVE,njt_bus,7053,,
BLOOMFIELD AVE AT POMPTON AVE,njt_bus,7054,,
BLOOMFIELD AVE AT WESTVIEW RD,njt_bus,7055,,
BLOOMFIELD AVE AT HILLCREST TERRACE,njt_bus,7056,,
BLOOMFIELD AVE AT PARK AVE,njt_bus,7057,,
BLOOMFIELD AVE AT CUMBERLAND AVE,njt_bus,7058,,
BLOOMFIELD AVE AT PARK PL,njt_bus,7059,,
BLOOMFIELD AVE AT LAKESIDE AVE,njt_bus,7060,,
BLOOMFIELD AVE AT GROVE AVE,njt_bus,7061,,
BLOOMFIELD AVE AT FAIRVIEW AVE,njt_bus,7062,,
BLOOMFIELD AVE AT FOREST AVE,njt_bus,7063,,
BLOOMFIELD AVE AT LINN DR,njt_bus,7064,,
POMPTON AVE AT LOUISBURG SQ,njt_bus,7065,,Newark
POMPTON AVE AT WESTOVER RD,njt_bus,7066,,Newark
POMPTON AVE AT NASSAU RD,njt_bus,7067,,Newark
POMPTON AVE AT CLAIRIDGE DR,njt_bus,7068,,Newark
POMPTON AVE AT MARTIN RD,njt_bus,7069,,Willowbrook
POMPTON AVE AT CLAREMONT AVE,njt_bus,7070,,Willowbrook
LAKESIDE AVE AT HILLSIDE AVE,njt_bus,7071,,
LAKESIDE AVE AT PEASE AVE,njt_bus,7072,,
LAKESIDE AVE AT WINDEMERE RD#,njt_bus,7073,,
BLOOMFIELD AVE AT KIRKPATRICK LANE,njt_bus,7075,,
BLOOMFIELD AVE 265'E OF PASSAIC AVE,njt_bus,7076,,
BLOOMFIELD AVE AT FAIRFIELD AVE,njt_bus,7077,,
BLOOMFIELD AVE AT MELROSE PL,njt_bus,7078,,
BLOOMFIELD AVE AT LANE AVE,njt_bus,7079,,
BLOOMFIELD AVE 130'E OF GRAY ST,njt_bus,7080,,
BLOOMFIELD AVE AT DODD RD,njt_bus,7081,,
BLOOMFIELD AVE 204'E OF PASSAIC AVE,njt_bus,7082,,
BLOOMFIELD AVE AT KIRKPATRICK LANE,njt_bus,7083,,
ESSEX MALL/CLINTON RD STOP,njt_bus,7086,,
CLINTON RD AT PASSAIC AVE,njt_bus,7087,,
FAIRFIELD CRESCENT AT FAIRFIELD AVE,njt_bus,7088,,Newark
FAIRFIELD CRESCENT AT FAIRFIELD PLACE,njt_bus,7089,,Newark
FAIRFIELD PL 830'S OF FAIRFIELD AVE.,njt_bus,7090,,Newark
FAIRFIELD PL 122'S OF FAIRFIELD AVE.,njt_bus,7091,,Newark
HENDERSON DR AT DEDRICK PL,njt_bus,7092,,West Caldwell
HENDERSON DR 638'W OF DEDRICK PL,njt_bus,7093,,West Caldwell
KIRKPATRICK LANE AT BLOOMFIELD AVE,njt_bus,7097,,
PASSAIC AVE AT DODGE DR,njt_bus,7098,,Newark
PLEASANT VALLEY WAY AT EAGLE ROCK AVE,njt_bus,7099,,West Caldwell
EAGLE ROCK AVE AT MANN AVE,njt_bus,7100,,West Caldwell
EAGLE ROCK AVE AT CONFORTI AVE,njt_bus,7101,,West Caldwell
EAGLE ROCK AVE AT BARRY DR,njt_bus,7102,,West Caldwell
EAGLE ROCK AVE AT FITZRANDOLPH RD,njt_bus,7103,,West Caldwell
EAGLE ROCK AVE AT BLACKBURNE TER,njt_bus,7104,,West Caldwell
EAGLE ROCK AVE AT WOODHULL AVE,njt_bus,7105,,West Caldwell
EAGLE ROCK AVE AT WOODHULL AVE,njt_bus,7106,,Newark
EAGLE ROCK AVE AT ROBERTSON RD,njt_bus,7107,,Newark
EAGLE ROCK AVE AT TERRACE AVE,njt_bus,7108,,Newark
EAGLE ROCK AVE AT PHYLLIS RD,njt_bus,7109,,Newark
EAGLE ROCK AVE AT BARRY DR,njt_bus,7110,,Newark
EAGLE ROCK AVE AT CONFORTI AVE,njt_bus,7111,,Newark
HARRISON AVE AT ELM ST,njt_bus,7112,,Montclair
HARRISON AVE AT MAPLE ST,njt_bus,7113,,Montclair
HARRISON AVE AT KIRK ST,njt_bus,7114,,Montclair
HARRISON AVE AT ELM ST,njt_bus,7115,,East Orange
HARRISON AVE AT KIRK ST,njt_bus,7116,,East Orange
MAIN ST AT LINDSLEY AVE,njt_bus,7117,,
MAIN ST 40'N OF WHITE ST,njt_bus,7118,,
MAIN ST AT PARK AVE,njt_bus,7119,,
MAIN ST AT LAKESIDE AVE,njt_bus,7120,,
MAIN ST AT ALDEN ST,njt_bus,7121,,
MAIN ST AT KLING ST,njt_bus,7122,,
MAIN ST AT FRANKLIN AVE,njt_bus,7123,,
MAIN ST AT MCKINLEY AVE,njt_bus,7124,,
MAIN ST AT ASHWOOD TERRACE,njt_bus,7125,,
MAIN ST AT PARK DR NORTH,njt_bus,7126,,
MAIN ST AT PARK TERRACE,njt_bus,7127,,
MAIN ST AT MCKINLEY AVE,njt_bus,7128,,
MAIN ST AT LLEWELLYN AVE,njt_bus,7129,,
MAIN ST AT ERWIN PL,njt_bus,7130,,
MAIN ST AT EDISONIA TER,njt_bus,7131,,
MAIN ST AT LAKESIDE AVE,njt_bus,7132,,
MAIN ST AT PARK WAY,njt_bus,7133,,
MAIN ST AT LINDSLEY AVE,njt_bus,7134,,
MT PLEASANT AVE AT MERKLIN AVE,njt_bus,7135,,West Caldwell
MT PLEASANT AVE AT ELLISON AVE,njt_bus,7136,,West Caldwell
MT PLEASANT AVE AT SUMMIT ST,njt_bus,7137,,West Caldwell
MT PLEASANT AVE AT SKYLINE DR,njt_bus,7138,,West Caldwell
MT PLEASANT AVE AT RIDGE RD,njt_bus,7139,,West Caldwell
MT PLEASANT AVE AT BYRNE RD,njt_bus,7140,,West Caldwell
MT PLEASANT AVE AT GREGORY AVE,njt_bus,7141,,West Caldwell
MT PLEASANT AVE AT GREENTREE RD,njt_bus,7142,,West Caldwell
MT PLEASANT AVE AT RANDOLPH PL,njt_bus,7143,,West Caldwell
MT PLEASANT AVE AT LONGVIEW ST,njt_bus,7144,,West Caldwell
MT PLEASANT AVE AT GASTON ST,njt_bus,7145,,West Caldwell
MT PLEASANT AVE AT GASTON ST,njt_bus,7146,,Newark
MT PLEASANT AVE AT BROOKSIDE RD,njt_bus,7147,,Newark
MT PLEASANT AVE AT GREENTREE RD,njt_bus,7148,,Newark
MT PLEASANT AVE AT HIGHLAND PL,njt_bus,7149,,Newark
MT PLEASANT AVE AT BYRNE RD,njt_bus,7150,,Newark
MT PLEASANT AVE AT JONES PL,njt_bus,7151,,Newark
MT PLEASANT AVE AT RIDGE RD,njt_bus,7152,,Newark
MT PLEASANT AVE AT CAROLINA AVE,njt_bus,7153,,Newark
MT PLEASANT AVE AT SUMMIT ST,njt_bus,7154,,Newark
MT PLEASANT AVE AT ELLISON AVE,njt_bus,7155,,Newark
MT PLEASANT AVE AT MERKLIN AVE,njt_bus,7156,,Newark
MT PLEASANT AVE AT CRESTMONT RD,njt_bus,7157,,Newark
NORTHFIELD AVE AT DOGWOOD RD,njt_bus,7158,,
NORTHFIELD AVE OPP. VIZCAYA BLVD,njt_bus,7159,,
NORTHFIELD AVE AT ASPEN RD,njt_bus,7160,,
NORTHFIELD AVE AT WARNICK LN,njt_bus,7161,,
NORTHFIELD AVE AT ZOO AND ARENA LOOP,njt_bus,7162,,
NORTHFIELD AVE AT SHERIDAN AVE,njt_bus,7163,,
NORTHFIELD AVE AT ROCK SPRING AVE,njt_bus,7164,,
NORTHFIELD AVE AT RIDGEWAY AVE,njt_bus,7165,,
NORTHFIELD AVE AT PROSPECT AVE,njt_bus,7166,,
NORTHFIELD AVE AT BRANDFORD AVE,njt_bus,7167,,
NORTHFIELD AVE AT COLONY DR,njt_bus,7168,,
NORTHFIELD AVE AT BEVERLY RD,njt_bus,7169,,
NORTHFIELD AVE AT OLD NORTHFIELD RD,njt_bus,7170,,
NORTHFIELD AVE AT WHEELER ST,njt_bus,7171,,
NORTHFIELD AVE AT WHEELER ST,njt_bus,7172,,
NORTHFIELD AVE AT HUTTON AVE,njt_bus,7173,,
NORTHFIELD AVE AT SETON HALL PREP DR,njt_bus,7174,,
NORTHFIELD AVE AT LINDEN AVE,njt_bus,7175,,
NORTHFIELD AVE AT GREGORY AVE,njt_bus,7176,,
NORTHFIELD AVE AT GRANDVIEW AVE,njt_bus,7177,,
NORTHFIELD AVE AT PROSPECT AVE,njt_bus,7178,,
NORTHFIELD AVE AT RIDGEWAY AVE,njt_bus,7179,,
NORTHFIELD AVE AT ROCK SPRING AVE,njt_bus,7180,,
NORTHFIELD AVE AT SHERIDAN AVE,njt_bus,7181,,
NORTHFIELD AVE AT WARNICK LN,njt_bus,7182,,
NORTHFIELD AVE AT WOODS END RD,njt_bus,7183,,
NORTHFIELD AVE AT VIZCAYA BLVD,njt_bus,7184,,
PLEASANT VALLEY WAY AT MT PLEASANT AVE,njt_bus,7185,,West Caldwell
PLEASANT VALLEY WAY AT ELMWOOD AVE,njt_bus,7186,,West Caldwell
PLEASANT VALLEY WAY 335'N OF BUCKINGHAM RD,njt_bus,7187,,West Caldwell
PLEASANT VALLEY WAY AT BELLE TERRE RD,njt_bus,7188,,West Caldwell
PLEASANT VALLEY WAY AT WESSMAN DR,njt_bus,7189,,West Caldwell
PLEASANT VALLEY WAY AT HOOPER AVE,njt_bus,7190,,West Caldwell
PLEASANT VALLEY WAY AT ALISA PL,njt_bus,7191,,West Caldwell
PLEASANT VALLEY WAY AT STANFORD AVE,njt_bus,7192,,West Caldwell
PLEASANT VALLEY WAY AT GREENWOOD AVE,njt_bus,7193,,West Caldwell
PLEASANT VALLEY WAY AT EAGLE ROCK AVE,njt_bus,7194,,Newark
PLEASANT VALLEY WAY AT GREENWOOD AVE,njt_bus,7195,,Newark
PLEASANT VALLEY WAY AT STANFORD AVE,njt_bus,7196,,Newark
PLEASANT VALLEY WAY AT LAKEVIEW DR,njt_bus,7197,,Newark
PLEASANT VALLEY WAY AT SUNNYSIDE RD,njt_bus,7198,,Newark
PLEASANT VALLEY WAY AT DAWSON AVE,njt_bus,7199,,Newark
PLEASANT VALLEY WAY AT BELLE TERRE RD,njt_bus,7200,,Newark
PLEASANT VALLEY WAY AT MT. VERNON AVE,njt_bus,7201,,Newark
PLEASANT VALLEY WAY AT MT. PLEASANT PL,njt_bus,7202,,Newark
PROSPECT AVE 50' N OF MARCELLA AVE.,njt_bus,7203,,Newark
PROSPECT AVE AT GUERINO PL,njt_bus,7204,,Newark
ESSEX GREEN SHOPPING CENTER,njt_bus,7205,,Newark
PROSPECT AVE AT EAGLE ROCK AVE,njt_bus,7206,,West Caldwell
PROSPECT AVE AT HARRINGTON TER,njt_bus,7207,,West Caldwell
ESSEX GREEN SHOPPING CENTER,njt_bus,7208,,West Caldwell
PROSPECT AVE AT MARCELLA AVE,njt_bus,7209,,West Caldwell
WASHINGTON ST AT LIBERTY ST,njt_bus,7210,,East Orange
WASHINGTON ST AT WATCHUNG AVE,njt_bus,7211,,Montclair
MISSISSIPPI AVE LOOP,njt_bus,7212,,
PLEASANT VALLEY WAY AT FAIRWAY AVE,njt_bus,7213,,
PLEASANT VALLEY WAY AT NESTRO RD#,njt_bus,7214,,
MAIN ST AT WHITE ST#,njt_bus,7215,,
NORTHFIELD AVE AT GRANDVIEW AVE#,njt_bus,7216,,
AVE C AT W 2ND ST,njt_bus,7764,,Jersey City
AVE C AT W 3RD ST,njt_bus,7765,,Jersey City
AVE C AT W 5TH ST,njt_bus,7766,,Jersey City
AVE C AT W 12TH ST,njt_bus,7767,,Jersey City
AVE C AT W 14TH ST,njt_bus,7768,,Jersey City
AVE C AT W 16TH ST,njt_bus,7769,,Jersey City
AVE C AT W 18TH ST,njt_bus,7770,,Jersey City
AVE C AT W 20TH ST,njt_bus,7771,,Jersey City
AVE C AT W 22ND ST,njt_bus,7772,,Jersey City
AVE C AT W 24TH ST,njt_bus,7773,,Jersey City
AVE C AT W 26TH ST,njt_bus,7774,,Jersey City
AVE C AT W 28TH ST,njt_bus,7775,,Jersey City
AVE C AT W 30TH ST,njt_bus,7776,,Jersey City
AVE C AT W 31ST ST,njt_bus,7777,,Jersey City
AVE C AT W 32ND ST,njt_bus,7778,,Jersey City
AVE C AT 33RD ST,njt_bus,7779,,Jersey City
AVE C AT W 35TH ST,njt_bus,7780,,Jersey City
AVE C AT W 37TH ST,njt_bus,7781,,Jersey City
AVE C AT W 39TH ST,njt_bus,7782,,Jersey City
AVE C AT W 41ST ST,njt_bus,7783,,Jersey City
AVE C AT W 43RD ST,njt_bus,7784,,Jersey City
AVE C AT W 45TH ST,njt_bus,7785,,Jersey City
AVE C AT W 47TH ST,njt_bus,7786,,Jersey City
AVE C AT W 49TH ST,njt_bus,7787,,Jersey City
AVE C AT W 51ST ST,njt_bus,7788,,Jersey City
AVE C AT W 53RD ST,njt_bus,7789,,Jersey City
AVE C AT 54TH ST,njt_bus,7790,,Jersey City
AVE C AT W 55TH ST,njt_bus,7791,,Jersey City
AVE C AT W 57TH ST,njt_bus,7792,,Jersey City
AVE C AT W 56TH ST,njt_bus,7793,,Bayonne
AVE C AT 54TH ST,njt_bus,7794,,Bayonne
AVE C AT W 52ND ST,njt_bus,7795,,Bayonne
AVE C AT W 50TH ST,njt_bus,7796,,Bayonne
AVE C AT W 48TH ST,njt_bus,7797,,Bayonne
AVE C AT W 46TH ST,njt_bus,7798,,Bayonne
AVE C AT W 44TH ST,njt_bus,7799,,Bayonne
AVE C AT W 42ND ST,njt_bus,7800,,Bayonne
AVE C AT W 40TH ST,njt_bus,7801,,Bayonne
AVE C AT W 38TH ST,njt_bus,7802,,Bayonne
AVE C AT W 36TH ST,njt_bus,7803,,Bayonne
AVE C AT W 34TH ST,njt_bus,7804,,Bayonne
AVE C AT W 33RD ST,njt_bus,7805,,Bayonne
AVE C AT W 32ND ST,njt_bus,7806,,Bayonne
AVE C AT W 31ST ST,njt_bus,7807,,Bayonne
AVE C AT W 30TH ST,njt_bus,7808,,Bayonne
AVE C AT W 28TH ST,njt_bus,7809,,Bayonne
AVE C AT W 26TH ST,njt_bus,7810,,Bayonne
AVE C AT W 25TH ST,njt_bus,7811,,Bayonne
AVE C AT W 24TH ST,njt_bus,7812,,Bayonne
AVE C AT W 22ND ST,njt_bus,7813,,Bayonne
AVE C AT W 20TH ST,njt_bus,7814,,Bayonne
AVE C AT W 18TH ST,njt_bus,7815,,Bayonne
AVE C AT ANDREW ST,njt_bus,7816,,Bayonne
AVE C AT W 16TH ST,njt_bus,7817,,Bayonne
AVE C AT W 14TH ST,njt_bus,7818,,Bayonne
AVE C AT W 11TH ST,njt_bus,7819,,Bayonne
BROADWAY AT 5TH ST,njt_bus,7820,,
BROADWAY AT SILVER ST,njt_bus,7821,,Jersey City
BROADWAY AT COTTAGE ST,njt_bus,7822,,Jersey City
BROADWAY AT AVE. E,njt_bus,7823,,
BROADWAY AT 10TH ST,njt_bus,7824,,
BROADWAY AT 12TH ST,njt_bus,7825,,
BROADWAY AT 14TH ST,njt_bus,7826,,
BROADWAY AT 16TH ST,njt_bus,7827,,
BROADWAY AT 18TH ST,njt_bus,7828,,
BROADWAY AT 19TH ST,njt_bus,7829,,
BROADWAY AT 21ST ST,njt_bus,7830,,
BROADWAY AT 23RD ST,njt_bus,7831,,
BROADWAY AT 25TH ST,njt_bus,7832,,
BROADWAY AT EAST/WEST 27TH STREET,njt_bus,7833,,
BROADWAY AT 29TH ST,njt_bus,7834,,
BROADWAY AT 30TH ST,njt_bus,7835,,
BROADWAY AT 32ND ST,njt_bus,7836,,
BROADWAY AT 33RD ST,njt_bus,7837,,
BROADWAY AT 35TH ST,njt_bus,7838,,
BROADWAY AT 37TH ST,njt_bus,7839,,
BROADWAY AT 39TH ST,njt_bus,7840,,
BROADWAY AT 41ST ST,njt_bus,7841,,
BROADWAY AT 43RD ST,njt_bus,7842,,
BROADWAY AT 45TH ST,njt_bus,7843,,
BROADWAY AT 47TH ST,njt_bus,7844,,
BROADWAY AT 49TH ST,njt_bus,7845,,
BROADWAY AT 50TH ST,njt_bus,7846,,
BROADWAY AT 52ND ST,njt_bus,7847,,
BROADWAY AT 54TH STREET,njt_bus,7848,,
BROADWAY AT 52ND ST,njt_bus,7849,,
BROADWAY AT 50TH ST,njt_bus,7850,,
BROADWAY AT 48TH ST,njt_bus,7851,,
BROADWAY AT 46TH ST,njt_bus,7852,,
BROADWAY AT 44TH ST,njt_bus,7853,,
BROADWAY AT 42ND ST,njt_bus,7854,,
BROADWAY AT 40TH ST,njt_bus,7855,,
BROADWAY AT 38TH ST,njt_bus,7856,,
BROADWAY AT 36TH ST,njt_bus,7857,,
BROADWAY AT 34TH ST,njt_bus,7858,,
BROADWAY AT 33RD ST,njt_bus,7859,,
BROADWAY AT 32ND ST,njt_bus,7860,,
BROADWAY AT 31ST ST,njt_bus,7861,,
BROADWAY AT 30TH ST,njt_bus,7862,,
BROADWAY AT 29TH ST,njt_bus,7863,,
BROADWAY AT EAST/WEST 27TH STREET,njt_bus,7864,,
BROADWAY AT 26TH ST,njt_bus,7865,,
BROADWAY AT 24TH ST,njt_bus,7866,,
BROADWAY AT 22ND ST,njt_bus,7867,,
BROADWAY AT 20TH ST,njt_bus,7868,,
BROADWAY AT 18TH ST,njt_bus,7869,,
BROADWAY AT 16TH ST,njt_bus,7870,,
BROADWAY AT 14TH ST,njt_bus,7871,,
BROADWAY AT 12TH ST,njt_bus,7872,,
BROADWAY AT 10TH ST,njt_bus,7873,,
BROADWAY AT 9TH ST,njt_bus,7874,,
BROADWAY AT 7TH ST,njt_bus,7875,,
BROADWAY AT 5TH ST,njt_bus,7876,,
BROADWAY AT 4TH ST,njt_bus,7877,,Bayonne
BROADWAY AT 3RD ST,njt_bus,7878,,Bayonne
BROADWAY AT 2ND ST,njt_bus,7879,,Bayonne
BROADWAY AT 1ST ST,njt_bus,7880,,Bayonne
1ST ST AT AVE C,njt_bus,7881,,Bayonne
4TH ST AT BROADWAY,njt_bus,7882,,
5TH ST AT BROADWAY,njt_bus,7883,,Bayonne
55TH ST AT AVE C,njt_bus,7884,,Bayonne
JFK BLVD AT 3RD ST,njt_bus,7885,,Jersey City
JFK BLVD AT 4TH ST,njt_bus,7886,,Jersey City
JFK BLVD AT 8TH ST,njt_bus,7887,,Jersey City
JFK BLVD AT 10TH ST,njt_bus,7888,,Jersey City
JFK BLVD AT 12TH ST,njt_bus,7889,,Jersey City
JFK BLVD AT 14TH ST,njt_bus,7890,,Jersey City
JFK BLVD AT 16TH ST,njt_bus,7891,,Jersey City
JFK BLVD AT ANDREW ST,njt_bus,7892,,Jersey City
JFK BLVD AT 19TH ST,njt_bus,7893,,Jersey City
JFK BLVD AT 21ST ST,njt_bus,7894,,Jersey City
JFK BLVD AT 23RD ST,njt_bus,7895,,Jersey City
JFK BLVD AT 27TH ST,njt_bus,7896,,Jersey City
JFK BLVD AT 30TH ST,njt_bus,7897,,Jersey City
JFK BLVD AT 32ND ST,njt_bus,7898,,Jersey City
JFK BLVD AT 34TH ST,njt_bus,7899,,Jersey City
JFK BLVD AT 39TH ST,njt_bus,7900,,Jersey City
JFK BLVD AT DELVIN DR,njt_bus,7901,,Jersey City
JFK BLVD AT 48TH ST,njt_bus,7902,,Jersey City
JFK BLVD AT 50TH ST,njt_bus,7903,,Jersey City
JFK BLVD AT 52ND ST,njt_bus,7904,,Jersey City
JFK BLVD AT 54TH ST,njt_bus,7905,,Jersey City
JFK BLVD AT 57TH ST,njt_bus,7906,,Jersey City
JFK BLVD AT 58TH ST,njt_bus,7907,,Jersey City
JFK BLVD AT 63RD ST,njt_bus,7908,,Jersey City
JFK BLVD AT 63RD ST,njt_bus,7909,,Bayonne
JFK BLVD AT 57TH ST,njt_bus,7910,,Bayonne
JFK BLVD AT 54TH ST,njt_bus,7911,,Bayonne
JFK BLVD AT 52ND ST,njt_bus,7912,,Bayonne
JFK BLVD AT 48TH ST,njt_bus,7913,,Bayonne
JFK BLVD AT 46TH ST,njt_bus,7914,,Bayonne
JFK BLVD AT 44TH ST,njt_bus,7915,,Bayonne
JFK BLVD AT 42ND ST,njt_bus,7916,,Bayonne
JFK BLVD AT DILLON DR,njt_bus,7917,,Bayonne
JFK BLVD AT 37TH ST,njt_bus,7918,,Bayonne
JFK BLVD AT 35TH ST,njt_bus,7919,,Bayonne
JFK BLVD AT 33RD ST,njt_bus,7920,,Bayonne
JFK BLVD AT 30TH ST,njt_bus,7921,,Bayonne
JFK BLVD AT 27TH ST,njt_bus,7922,,Bayonne
JFK BLVD AT W 25TH ST,njt_bus,7923,,Bayonne
JFK BLVD AT 23RD ST,njt_bus,7924,,Bayonne
JFK BLVD AT 19TH ST,njt_bus,7925,,Bayonne
JFK BLVD AT 16TH ST,njt_bus,7926,,Bayonne
JFK BLVD AT 12TH ST,njt_bus,7927,,Bayonne
JFK BLVD AT 10TH ST,njt_bus,7928,,Bayonne
JFK BLVD AT 8TH ST,njt_bus,7929,,Bayonne
JFK BLVD AT 2ND ST,njt_bus,7930,,Bayonne
PASSAIC AVE AT CENTRAL AVE,njt_bus,7931,,Newark
PASSAIC AVE AT CENTRAL AVE,njt_bus,7932,,Hackensack
DAVIS AVE AT HARRISON AVE,njt_bus,7950,,Jersey Gardens
FRANK E. RODGERS BLVD AT JERSEY ST#,njt_bus,7951,,Kearny
HARRISON AVE AT FE RODGERS BLVD#,njt_bus,7952,,Kearny
HARRISON AVE AT 6TH ST#,njt_bus,7953,,Kearny
DAVIS AVE AT HARRISON AVE#,njt_bus,7954,,Kearny
DAVIS AVE AT WILLIAM ST#,njt_bus,7955,,Kearny
FRANK E. RODGERS BLVD AT CENTRAL AVE#,njt_bus,7956,,
FRANK RODGERS BLVD AT CLEVELAND AVE#,njt_bus,7957,,
HARRISON AVE AT 3RD ST#,njt_bus,7958,,
HARRISON AVE AT NORTH 2ND ST#,njt_bus,7959,,
HARRISON AVE AT NORTH 2ND ST#,njt_bus,7960,,
HARRISON AVE AT 3RD ST#,njt_bus,7961,,
FRANK RODGERS BLVD AT CLEVELAND AVE#,njt_bus,7962,,
FRANK E. RODGERS BLVD AT WILLIAM ST#,njt_bus,7963,,
DAVIS AVE AT CROSS ST#,njt_bus,7964,,Jersey Gardens
HARRISON AVE AT 5TH ST#,njt_bus,7965,,Jersey Gardens
FRANK E. RODGERS BLVD AT SUSSEX ST#,njt_bus,7966,,Jersey Gardens
FRANK E. RODGERS BLVD AT ANGELO CIFELLI DR#,njt_bus,7967,,Jersey Gardens
FRANK E. RODGERS BLVD AT CAPE MAY ST#,njt_bus,7968,,Jersey Gardens
FRANK E. RODGERS BLVD AT CAPE MAY ST#,njt_bus,7969,,Kearny
FRANK E. RODGERS BLVD AT ANGELO CIFELLI DR#,njt_bus,7970,,Kearny
FRANK E. RODGERS BLVD AT SUSSEX ST#,njt_bus,7971,,Kearny
BALDWIN AVE AT CLIFTON PL,njt_bus,8008,,Journal Square
BALDWIN AVE AT CLIFTON PL,njt_bus,8009,,Ocean Avenue
BERGEN AVE AT VAN NOSTRAND AVE,njt_bus,8010,,
BERGEN AVE AT WOODLAWN AVE,njt_bus,8011,,
BERGEN AVE AT DWIGHT ST,njt_bus,8012,,
BERGEN AVE AT STEGMAN ST,njt_bus,8013,,
BERGEN AVE AT WEGMAN PKWY,njt_bus,8014,,
BERGEN AVE AT BIDWELL AVE,njt_bus,8015,,
BERGEN AVE AT BAYVIEW AVE,njt_bus,8016,,
BERGEN AVE AT WILKINSON AVE,njt_bus,8017,,
BERGEN AVE AT GRANT AVE,njt_bus,8018,,
BERGEN AVE AT ORIENT AVE,njt_bus,8019,,
BERGEN AVE AT VIRGINIA AVE,njt_bus,8020,,
BERGEN AVE AT BRAMHALL AVE,njt_bus,8021,,
BERGEN AVE AT CLINTON AVE,njt_bus,8022,,
BERGEN AVE AT COMMUNIPAW AVE,njt_bus,8023,,
BERGEN AVE AT BRINKERHOFF ST,njt_bus,8024,,
BERGEN AVE AT EMORY ST,njt_bus,8025,,
BERGEN AVE AT BELMONT AVE,njt_bus,8026,,
BERGEN AVE AT JEWETT AVE,njt_bus,8027,,
BERGEN AVE AT FAIRVIEW AVE,njt_bus,8028,,
BERGEN AVE AT FAIRMOUNT AVE,njt_bus,8029,,
BERGEN AVE 70'N OF MONTGOMERY ST,njt_bus,8030,,Hoboken
BERGEN AVE AT MERCER ST,njt_bus,8031,,Hoboken
BERGEN AVE AT NEWKIRK ST,njt_bus,8032,,Hoboken
BERGEN AVE AT ACADEMY ST,njt_bus,8033,,Hoboken
BERGEN AVE AT VROOM ST,njt_bus,8034,,Jersey City
BERGEN AVE AT HIGHLAND AVE,njt_bus,8035,,Jersey City
BERGEN AVE 115'S OF GLENWOOD AVE,njt_bus,8036,,Jersey City
BERGEN AVE AT FAIRMOUNT AVE,njt_bus,8037,,
BERGEN AVE AT FAIRVIEW AVE,njt_bus,8038,,
BERGEN AVE AT JEWETT AVE,njt_bus,8039,,
BERGEN AVE AT KENSINGTON AVE,njt_bus,8040,,
BERGEN AVE AT BELMONT AVE,njt_bus,8041,,
BERGEN AVE AT GIFFORD AVE,njt_bus,8042,,
BERGEN AVE AT BENTLEY AVE,njt_bus,8043,,
BERGEN AVE AT HARRISON AVE,njt_bus,8044,,
BERGEN AVE AT COMMUNIPAW AVE,njt_bus,8045,,
BERGEN AVE AT CLINTON AVE,njt_bus,8046,,
BERGEN AVE AT LEXINGTON AVE,njt_bus,8047,,
BERGEN AVE AT UNION ST,njt_bus,8048,,
BERGEN AVE AT BOYD AVE,njt_bus,8049,,
BERGEN AVE AT VIRGINIA AVE,njt_bus,8050,,
BERGEN AVE AT EGE AVE,njt_bus,8051,,
BERGEN AVE AT MORTON PL,njt_bus,8052,,
BERGEN AVE AT CLAREMONT AVE,njt_bus,8053,,
BERGEN AVE AT WILKINSON AVE,njt_bus,8054,,
BERGEN AVE AT AUDUBON AVE,njt_bus,8055,,
BERGEN AVE AT STEGMAN ST,njt_bus,8056,,
BERGEN AVE AT FULTON AVE,njt_bus,8057,,
BERGEN AVE AT WOODLAWN AVE,njt_bus,8058,,
CENTRAL AVE AT SAINT PAULS AVE,njt_bus,8059,,Hoboken
CENTRAL AVE AT BEACON AVE,njt_bus,8060,,Hoboken
CENTRAL AVE AT WAVERLY ST,njt_bus,8061,,Hoboken
CENTRAL AVE AT RESERVOIR AVE,njt_bus,8062,,Hoboken
CENTRAL AVE AT MANHATTAN AVE,njt_bus,8063,,
CENTRAL AVE AT HUTTON ST,njt_bus,8064,,
CENTRAL AVE AT SHERMAN PL,njt_bus,8075,,
CENTRAL AVE AT MANHATTAN AVE,njt_bus,8076,,Jersey City
CENTRAL AVE AT BOORAEM AVE,njt_bus,8077,,Jersey City
CENTRAL AVE AT PERSHING PLAZA,njt_bus,8078,,Jersey City
CENTRAL AVE AT WAVERLY ST,njt_bus,8079,,Jersey City
CENTRAL AVE AT LAIDLAW AVE,njt_bus,8080,,Jersey City
CENTRAL AVE AT BEACON AVE,njt_bus,8081,,Jersey City
CENTRAL AVE AT SAINT PAULS AVE,njt_bus,8082,,Jersey City
CENTRAL AVE AT HOBOKEN AVE,njt_bus,8083,,Jersey City
COMMUNIPAW AVE AT MARCY AVE,njt_bus,8087,,
COMMUNIPAW AVE AT MALLORY AVE,njt_bus,8088,,
COMMUNIPAW AVE AT WEST SIDE AVE,njt_bus,8089,,
COMMUNIPAW AVE AT J.F. KENNEDY BLVD,njt_bus,8090,,
COMMUNIPAW AVE AT BERGEN AVE,njt_bus,8091,,
COMMUNIPAW AVE AT MARTIN LUTHER KING DR,njt_bus,8092,,
COMMUNIPAW AVE AT CRESCENT AVE,njt_bus,8093,,
COMMUNIPAW AVE AT VAN HORNE ST,njt_bus,8094,,
COMMUNIPAW AVE AT GARFIELD AVE,njt_bus,8095,,
COMMUNIPAW AVE AT GRAND ST,njt_bus,8096,,
COMMUNIPAW AVE AT CRESCENT AVE,njt_bus,8097,,
COMMUNIPAW AVE AT MONTICELLO AVE,njt_bus,8098,,
COMMUNIPAW AVE AT BERGEN AVE,njt_bus,8099,,
COMMUNIPAW AVE AT J.F. KENNEDY BLVD,njt_bus,8100,,
COMMUNIPAW AVE AT WEST SIDE AVE,njt_bus,8101,,
COMMUNIPAW AVE AT MALLORY AVE,njt_bus,8102,,
COMMUNIPAW AVE AT MARCY AVE,njt_bus,8103,,
DANFORTH AVE AT FOWLER AVE,njt_bus,8110,,
DANFORTH AVE AT SULLIVAN DR,njt_bus,8111,,
DANFORTH AVE AT WEST SIDE AVE,njt_bus,8112,,
MARTIN LUTHER KING JR DR AT WARNER AVE,njt_bus,8113,,Hoboken
MARTIN LUTHER KING JR DR AT STEVENS AVE,njt_bus,8114,,Hoboken
MARTIN LUTHER KING JR DR AT ARMSTRONG AVE,njt_bus,8115,,Hoboken
MARTIN LUTHER KING JR DR AT FULTON AVE,njt_bus,8116,,Hoboken
MARTIN LUTHER KING JR DR AT STEGMAN ST,njt_bus,8117,,Hoboken
MARTIN LUTHER KING JR DR AT BIDWELL AVE,njt_bus,8118,,Hoboken
MARTIN LUTHER KING JR DR AT WILKINSON AVE,njt_bus,8119,,Hoboken
MARTIN LUTHER KING JR DR AT MYRTLE AVE,njt_bus,8120,,Hoboken
MARTIN LUTHER KING JR DR AT CLAREMONT AVE,njt_bus,8121,,Hoboken
MARTIN LUTHER KING JR DR AT KEARNEY AVE,njt_bus,8122,,Hoboken
MARTIN LUTHER KING JR DR AT VIRGINIA AVE,njt_bus,8123,,Hoboken
MARTIN LUTHER KING JR DR AT FORREST ST,njt_bus,8124,,Hoboken
MARTIN LUTHER KING JR DR AT UNION ST,njt_bus,8125,,Hoboken
MARTIN LUTHER KING JR DR AT BRAMHALL AVE,njt_bus,8126,,Hoboken
MARTIN LUTHER KING JR DR AT BRAMHALL AVE,njt_bus,8127,,Jersey City
MARTIN LUTHER KING JR DR AT UNION ST,njt_bus,8128,,Jersey City
MARTIN LUTHER KING JR DR AT FORREST ST,njt_bus,8129,,Jersey City
MARTIN LUTHER KING JR DR AT KEARNEY AVE,njt_bus,8130,,Jersey City
MARTIN LUTHER KING JR DR AT CLAREMONT AVE,njt_bus,8131,,Jersey City
MARTIN LUTHER KING JR DR AT MYRTLE AVE,njt_bus,8132,,Jersey City
MARTIN LUTHER KING JR DR AT WILKINSON AVE,njt_bus,8133,,Jersey City
MARTIN LUTHER KING JR DR AT BIDWELL AVE,njt_bus,8134,,Jersey City
MARTIN LUTHER KING JR DR AT STEGMAN ST,njt_bus,8135,,Jersey City
MARTIN LUTHER KING JR DR AT FULTON AVE,njt_bus,8136,,Jersey City
MARTIN LUTHER KING JR DR AT ARMSTRONG AVE,njt_bus,8137,,Jersey City
MARTIN LUTHER KING JR DR AT STEVENS AVE,njt_bus,8138,,Jersey City
MARTIN LUTHER KING JR DR AT WARNER AVE,njt_bus,8139,,Jersey City
MARTIN LUTHER KING JR DR AT MCADOO AVE,njt_bus,8140,,Jersey City
DUNCAN AVE AT ENTERANCE TO PARK,njt_bus,8141,,
DUNCAN AVE AT MALLORY AVE,njt_bus,8142,,
DUNCAN AVE AT DELAWARE AVE,njt_bus,8143,,
DUNCAN AVE AT OPPOSITE ENTRANCE TO PARK,njt_bus,8144,,
FAIRMOUNT AVE AT BERGEN AVE,njt_bus,8145,,Jersey City
FAIRMOUNT AVE AT MONTICELLO AVE,njt_bus,8146,,Jersey City
FAIRMOUNT AVE 70'E OF BERGEN AVE,njt_bus,8147,,Hoboken
FERRY ST AT CENTRAL AVE,njt_bus,8148,,Hoboken
GARFIELD AVE 225'N OF 55TH ST W,njt_bus,8153,,Journal Square
GARFIELD AVE AT UNION ST,njt_bus,8154,,Newport Mall
GARFIELD AVE AT HARMON ST,njt_bus,8155,,Journal Square
GARFIELD AVE AT BRAMHALL AVE,njt_bus,8156,,Journal Square
GARFIELD AVE AT UNION ST,njt_bus,8157,,Journal Square
GARFIELD AVE AT CLAREMONT AVE,njt_bus,8158,,Journal Square
GARFIELD AVE AT MERRITT ST,njt_bus,8159,,
GRAND ST AT CLINTON AVE,njt_bus,8160,,Jersey City
GRAND ST AT ARLINGTON AVE,njt_bus,8161,,Jersey City
GRAND ST AT STATE ST,njt_bus,8162,,Jersey City
GRAND ST AT JOHNSTON AVE,njt_bus,8163,,Jersey City
GRAND ST AT BARBARA PL,njt_bus,8164,,Jersey City
GRAND ST AT PACIFIC AVE,njt_bus,8165,,Jersey City
GRAND ST AT PRIOR ST,njt_bus,8166,,Jersey City
GRAND ST AT MONMOUTH ST,njt_bus,8167,,Jersey City
GRAND ST AT JERSEY AVE,njt_bus,8175,,Bayonne
GRAND ST AT MONMOUTH ST,njt_bus,8176,,Bayonne
GRAND ST AT BATES ST,njt_bus,8177,,Bayonne
GRAND ST AT PRIOR ST,njt_bus,8178,,Bayonne
GRAND ST AT FAIRMOUNT AVE,njt_bus,8179,,Bayonne
GRAND ST AT JOHNSTON AVE,njt_bus,8180,,Bayonne
GRAND ST AT STATE ST,njt_bus,8181,,Bayonne
GRAND ST AT SUMMIT AVE,njt_bus,8182,,Bayonne
GRAND ST AT COMMUNIPAW AVE,njt_bus,8183,,Bayonne
GRAND ST AT CLINTON AVE,njt_bus,8184,,Bayonne
GRAND ST AT BRAMHALL AVE,njt_bus,8185,,Bayonne
HOBOKEN AVE AT SUMMIT AVE,njt_bus,8186,,Hoboken
HOBOKEN AVE AT SUMMIT AVE,njt_bus,8187,,Jersey City
JFK BLVD AT PAMRAPO AVE,njt_bus,8191,,Jersey City
JFK BLVD AT GATES AVE,njt_bus,8192,,Jersey City
JFK BLVD AT PEARSALL AVE,njt_bus,8193,,Jersey City
JFK BLVD AT GREENVILLE AVE,njt_bus,8194,,Jersey City
JFK BLVD AT DANFORTH AVE,njt_bus,8195,,Jersey City
JFK BLVD AT MCADOO AVE,njt_bus,8196,,Jersey City
JFK BLVD AT WADE ST,njt_bus,8197,,Jersey City
JFK BLVD AT FOWLER AVE,njt_bus,8198,,Jersey City
JFK BLVD AT WOODLAWN AVE,njt_bus,8199,,Jersey City
JFK BLVD AT DWIGHT ST,njt_bus,8200,,Jersey City
JFK BLVD AT AUDUBON AVE,njt_bus,8201,,Jersey City
JFK BLVD AT BROADMAN PKWY,njt_bus,8202,,Jersey City
JFK BLVD AT CLAREMONT AVE,njt_bus,8203,,Jersey City
JFK BLVD AT MORTON PL,njt_bus,8204,,Jersey City
JFK BLVD AT EGE AVE,njt_bus,8205,,Jersey City
JFK BLVD AT BOYD AVE,njt_bus,8206,,Jersey City
JFK BLVD AT CLENDENNY AVE,njt_bus,8207,,Jersey City
JFK BLVD AT CLINTON AVE,njt_bus,8208,,Jersey City
JFK BLVD AT COMMUNIPAW AVE,njt_bus,8209,,Jersey City
JFK BLVD AT BENTLEY AVE,njt_bus,8210,,Jersey City
JFK BLVD AT KENSINGTON AVE,njt_bus,8211,,Jersey City
JFK BLVD AT JEWETT AVE,njt_bus,8212,,Jersey City
JFK BLVD AT DUNCAN AVE,njt_bus,8213,,Jersey City
JFK BLVD AT MONTGOMERY ST,njt_bus,8214,,Jersey City
JFK BLVD AT GLENWOOD AVE,njt_bus,8215,,Jersey City
JFK BLVD AT STUYVESANT AVE,njt_bus,8216,,Jersey City
JFK BLVD AT SIP AVE,njt_bus,8217,,Jersey City
JFK BLVD EAST OF TONNELLE AVE,njt_bus,8218,,
JFK BLVD AT VAN WINKLE AVE,njt_bus,8219,,
JFK BLVD 75' N OF SAINT PAULS AVE,njt_bus,8220,,
JFK BLVD AT BEACON AVE,njt_bus,8221,,
JFK BLVD AT SPRUCE ST,njt_bus,8222,,
JFK BLVD AT CLIFF ST,njt_bus,8223,,
JFK BLVD AT CARLTON AVE,njt_bus,8224,,
JFK BLVD AT MANHATTAN AVE,njt_bus,8225,,
JFK BLVD AT HUTTON ST,njt_bus,8226,,
JFK BLVD AT LINCOLN ST,njt_bus,8227,,
JFK BLVD AT THORNE ST,njt_bus,8228,,
JFK BLVD AT BLEEKER ST,njt_bus,8229,,
JFK BLVD AT CONGRESS ST,njt_bus,8230,,
JFK BLVD AT CONGRESS ST,njt_bus,8237,,
JFK BLVD AT BLEEKER ST,njt_bus,8238,,
JFK BLVD AT THORNE ST,njt_bus,8239,,
JFK BLVD AT LINCOLN ST,njt_bus,8240,,
JFK BLVD AT HUTTON ST,njt_bus,8241,,
JFK BLVD AT MANHATTAN AVE,njt_bus,8242,,
JFK BLVD AT CARLTON AVE,njt_bus,8243,,
JFK BLVD AT CLIFF ST,njt_bus,8244,,
JFK BLVD AT SPRUCE ST,njt_bus,8245,,
JFK BLVD AT SAINT PAULS AVE,njt_bus,8246,,
JFK BLVD AT VAN WINKLE AVE,njt_bus,8247,,
JFK BLVD AT COTTAGE ST,njt_bus,8248,,
JFK BLVD AT SIP AVE,njt_bus,8249,,Bayonne
JFK BLVD AT STUYVESANT AVE,njt_bus,8250,,Bayonne
JFK BLVD AT HIGHLAND AVE,njt_bus,8251,,Bayonne
JFK BLVD AT MONTGOMERY ST,njt_bus,8252,,Bayonne
JFK BLVD AT DUNCAN AVE,njt_bus,8253,,Bayonne
JFK BLVD AT KENSINGTON AVE,njt_bus,8254,,Bayonne
JFK BLVD AT BELMONT AVENUE,njt_bus,8255,,Bayonne
JFK BLVD AT BENTLEY AVE,njt_bus,8256,,Bayonne
JFK BLVD AT COMMUNIPAW AVE,njt_bus,8257,,Bayonne
JFK BLVD AT OXFORD AVE,njt_bus,8258,,Bayonne
JFK BLVD AT CLENDENNY AVE,njt_bus,8259,,Bayonne
JFK BLVD AT BOYD AVE,njt_bus,8260,,Bayonne
JFK BLVD AT EGE AVE,njt_bus,8261,,Bayonne
JFK BLVD AT MORTON PL,njt_bus,8262,,Bayonne
JFK BLVD AT CLAREMONT AVE,njt_bus,8263,,Bayonne
JFK BLVD AT BROADMAN PKWY,njt_bus,8264,,Bayonne
JFK BLVD AT AUDUBON AVE,njt_bus,8265,,Bayonne
JFK BLVD AT STEGMAN PKWY,njt_bus,8266,,Bayonne
JFK BLVD AT VAN HOUTEN AVE,njt_bus,8267,,Bayonne
JFK BLVD AT WOODLAWN AVE,njt_bus,8268,,Bayonne
JFK BLVD AT VAN NOSTRAND AVE,njt_bus,8269,,Bayonne
JFK BLVD AT STEVENS AVE,njt_bus,8270,,Bayonne
JFK BLVD AT MCADOO AVE,njt_bus,8271,,Bayonne
JFK BLVD AT DANFORTH AVE,njt_bus,8272,,Bayonne
JFK BLVD AT GREENVILLE AVE,njt_bus,8273,,Bayonne
JFK BLVD AT PEARSALL AVE,njt_bus,8274,,Bayonne
JFK BLVD AT WINFIELD AVE,njt_bus,8275,,Bayonne
JFK BLVD AT GATES AVE,njt_bus,8276,,Bayonne
JFK BLVD AT PAMRAPO AVE,njt_bus,8277,,Bayonne
JOURNAL SQUARE TRANSPORTATION CENTER,njt_bus,8278,,
LIBERTY STATE PARK - PARK & RIDE,njt_bus,8279,,Journal Square
MANHATTAN AVE AT JFK BLVD,njt_bus,8281,,
MONTGOMERY ST AT JFK BLVD,njt_bus,8284,,
MONTGOMERY ST AT BRITTON ST,njt_bus,8285,,
MONTGOMERY ST AT BOLAND ST,njt_bus,8286,,
MONTGOMERY ST AT BERGEN AVE,njt_bus,8287,,West Side Avenue
MONTGOMERY ST AT JORDAN AVE,njt_bus,8288,,West Side Avenue
MONTGOMERY ST AT BALDWIN AVE,njt_bus,8289,,West Side Avenue
MONTGOMERY ST AT MILL RD,njt_bus,8290,,Journal Square
MONTGOMERY ST AT FLORENCE ST,njt_bus,8291,,West Side Avenue
MONTGOMERY ST AT RISTAINO DR,njt_bus,8292,,West Side Avenue
MONTGOMERY ST AT MERSELES ST,njt_bus,8293,,West Side Avenue
MONTGOMERY ST AT BRUNSWICK ST,njt_bus,8294,,West Side Avenue
MONTGOMERY ST AT MONMOUTH ST,njt_bus,8295,,West Side Avenue
MONTGOMERY ST AT MONMOUTH ST,njt_bus,8304,,Montgomery St
MONTGOMERY ST AT BRUNSWICK ST,njt_bus,8305,,Montgomery St
MONTGOMERY ST AT COLGATE ST,njt_bus,8306,,Montgomery St
MONTGOMERY ST AT CHOPIN ST,njt_bus,8307,,Montgomery St
MONTGOMERY ST AT RISTAINO DR,njt_bus,8308,,Montgomery St
MONTGOMERY ST AT FLORENCE ST,njt_bus,8309,,Montgomery St
MONTGOMERY ST AT MILL RD,njt_bus,8310,,Ocean Avenue
MONTGOMERY ST AT JORDAN AVE,njt_bus,8311,,Montgomery St
MONTGOMERY ST AT BOLAND ST,njt_bus,8312,,
MONTGOMERY ST AT JFK BLVD,njt_bus,8313,,
MONTICELLO AVE AT COMMUNIPAW AVE,njt_bus,8314,,Hoboken
MONTICELLO AVE AT ASTOR PL,njt_bus,8315,,Hoboken
MONTICELLO AVE AT BELMONT AVE,njt_bus,8316,,Jersey City
MONTICELLO AVE AT JEWETT AVE,njt_bus,8317,,Hoboken
MONTICELLO AVE AT FAIRMOUNT AVE,njt_bus,8318,,Hoboken
MONTICELLO AVE AT FAIRVIEW AVE,njt_bus,8319,,Jersey City
MONTICELLO AVE AT JEWETT AVE,njt_bus,8320,,Jersey City
MONTICELLO AVE AT BRINKERHOFF ST,njt_bus,8321,,Jersey City
MONTICELLO AVE AT HARRISON AVE,njt_bus,8322,,Jersey City
NEPTUNE AVE AT OLD BERGEN RD,njt_bus,8323,,
NEPTUNE AVE AT OCEAN AVE,njt_bus,8324,,
NEPTUNE AVE AT GARFIELD AVE,njt_bus,8325,,
NEPTUNE AVE AT GARFIELD AVE,njt_bus,8326,,
NEPTUNE AVE AT OCEAN AVE,njt_bus,8327,,
NEPTUNE AVE AT OLD BERGEN RD,njt_bus,8328,,
NEWARK AVE AT JFK BLVD,njt_bus,8329,,
NEWARK AVE AT SUMMIT AVE,njt_bus,8330,,
NEWARK AVE AT CHESTNUT AVE,njt_bus,8331,,
NEWARK AVE AT WALDO AVE,njt_bus,8332,,
NEWARK AVE AT MERSELES ST,njt_bus,8333,,
NEWARK AVE AT FOURTH ST,njt_bus,8334,,
NEWARK AVE AT BRUNSWICK ST,njt_bus,8338,,
NEWARK AVE AT 6TH ST,njt_bus,8339,,
NEWARK AVE 350'E OF PALISADE AVE,njt_bus,8340,,
NEWARK AVE AT BALDWIN AVE,njt_bus,8341,,
NEWARK AVE AT OAKLAND AVE COUNTY BUILDING,njt_bus,8342,,
OCEAN AVE AT MERRIT ST,njt_bus,8343,,Jersey City
OCEAN AVE AT SEAVIEW AVE,njt_bus,8344,,Journal Square
OCEAN AVE AT NEPTUNE AVE,njt_bus,8345,,Jersey City
OCEAN AVE AT WINFIELD AVE,njt_bus,8346,,Jersey City
OCEAN AVE AT LEMBECK AVE,njt_bus,8347,,Jersey City
OCEAN AVE AT LINDEN AVE,njt_bus,8348,,Jersey City
OCEAN AVE AT DANFORTH AVE,njt_bus,8349,,Jersey City
OCEAN AVE AT NEW ST,njt_bus,8350,,Jersey City
OCEAN AVE AT CHAPEL AVE,njt_bus,8351,,Jersey City
OCEAN AVE AT WARNER AVE,njt_bus,8352,,Jersey City
OCEAN AVE AT EASTERN PKWY,njt_bus,8353,,Jersey City
OCEAN AVE AT VAN NOSTRAND AVE,njt_bus,8354,,Jersey City
OCEAN AVE AT ARMSTRONG AVE,njt_bus,8355,,Jersey City
OCEAN AVE AT FULTON AVE,njt_bus,8356,,Jersey City
OCEAN AVE AT STEGMAN ST,njt_bus,8357,,Jersey City
OCEAN AVE AT WEGMAN PKWY,njt_bus,8358,,Jersey City
OCEAN AVE AT BAYVIEW AVE,njt_bus,8359,,Jersey City
OCEAN AVE AT WILKINSON AVE,njt_bus,8360,,Jersey City
OCEAN AVE AT MYRTLE AVE,njt_bus,8361,,Jersey City
OCEAN AVE AT CLAREMONT AVE,njt_bus,8362,,Jersey City
OCEAN AVE AT VIRGINIA AVE,njt_bus,8363,,Jersey City
OCEAN AVE AT FORREST ST,njt_bus,8364,,Jersey City
OCEAN AVE AT UNION ST,njt_bus,8365,,Jersey City
OCEAN AVE AT BRAMHALL AVE,njt_bus,8366,,Jersey City
OCEAN AVE AT UNION ST,njt_bus,8367,,Bayonne
OCEAN AVE AT FORREST ST,njt_bus,8368,,Bayonne
OCEAN AVE AT VIRGINIA AVE,njt_bus,8369,,Bayonne
OCEAN AVE AT CLAREMONT AVE,njt_bus,8370,,Bayonne
OCEAN AVE AT MYRTLE AVE,njt_bus,8371,,Bayonne
OCEAN AVE AT WILKINSON AVE,njt_bus,8372,,Bayonne
OCEAN AVE AT BIDWELL AVE,njt_bus,8373,,Bayonne
OCEAN AVE AT STEGMAN ST,njt_bus,8374,,Bayonne
OCEAN AVE AT DWIGHT ST,njt_bus,8375,,Bayonne
OCEAN AVE AT FULTON AVE,njt_bus,8376,,Bayonne
OCEAN AVE AT ARMSTRONG AVE,njt_bus,8377,,Bayonne
OCEAN AVE AT VAN NOSTRAND AVE,njt_bus,8378,,Bayonne
OCEAN AVE AT WADE ST,njt_bus,8379,,Bayonne
OCEAN AVE AT WARNER AVE,njt_bus,8380,,Bayonne
OCEAN AVE AT SHEFFIELD ST,njt_bus,8381,,Bayonne
OCEAN AVE AT NEW ST,njt_bus,8382,,Bayonne
OCEAN AVE AT DANFORTH AVE,njt_bus,8383,,Bayonne
OCEAN AVE AT LINDEN AVE,njt_bus,8384,,Bayonne
OCEAN AVE AT LEMBECK AVE,njt_bus,8385,,Bayonne
OCEAN AVE AT PEARSALL AVE,njt_bus,8386,,Bayonne
OCEAN AVE AT WINFIELD AVE,njt_bus,8387,,Bayonne
OCEAN AVE AT NEPTUNE AVE,njt_bus,8388,,Bayonne
OCEAN AVE AT GATES AVE,njt_bus,8389,,Bayonne
OCEAN AVE AT MERRIT ST,njt_bus,8390,,Ocean Avenue
OLD BERGEN RD AT GATES AVE,njt_bus,8391,,Hoboken
OLD BERGEN RD AT WINFIELD AVE,njt_bus,8392,,Hoboken
OLD BERGEN RD AT BARTHOLDI ST,njt_bus,8393,,Hoboken
OLD BERGEN RD AT LEMBECK AVE,njt_bus,8394,,Hoboken
OLD BERGEN RD AT LINDEN AVE,njt_bus,8395,,Hoboken
OLD BERGEN RD AT DANFORTH AVE,njt_bus,8396,,Hoboken
OLD BERGEN RD AT CATOR AVE,njt_bus,8397,,
OLD BERGEN RD AT MACADOO AVE,njt_bus,8398,,
OLD BERGEN RD AT MACADOO AVE,njt_bus,8399,,
OLD BERGEN RD AT CATOR AVE,njt_bus,8400,,
OLD BERGEN RD AT DANFORTH AVE,njt_bus,8401,,
OLD BERGEN RD AT LINDEN AVE,njt_bus,8402,,Jersey City
OLD BERGEN RD AT GREENVILLE AVE,njt_bus,8403,,Jersey City
OLD BERGEN RD AT PEARSALL AVE,njt_bus,8404,,Jersey City
OLD BERGEN RD AT BARTHOLDI AVE,njt_bus,8405,,Jersey City
OLD BERGEN RD AT WINFIELD AVE,njt_bus,8406,,Jersey City
OLD BERGEN RD AT SEAVIEW AVE,njt_bus,8407,,Jersey City
OLD BERGEN RD AT GATES AVE,njt_bus,8408,,Jersey City
OLD BERGEN RD AT GATES AVE,njt_bus,8409,,Bayonne
OLD BERGEN RD AT PAMRAPO AVE,njt_bus,8410,,Bayonne
OLD BERGEN RD AT MERRITT ST,njt_bus,8411,,Bayonne
PACIFIC AVE AT COMMUNIPAW AVE,njt_bus,8412,,
PALISADE AVE AT ST. PAUL'S AVE,njt_bus,8413,,
PALISADE AVE AT NEWARK AVE,njt_bus,8414,,
PALISADE AVE AT BEACON AVE CHRIST HOSPITAL,njt_bus,8415,,
PALISADE AVE AT BEACON AVE OPP. CHRIST HOSPITAL,njt_bus,8437,,
PALISADE AVE AT ST. PAUL'S AVE,njt_bus,8438,,
PALISADE AVE AT NEWARK AVE,njt_bus,8439,,
PALISADE AVE AT NEWARK AVE,njt_bus,8440,,
ROMAR AVE AT NEPTUNE AVE,njt_bus,8443,,
ROMAR AVE AT PEARSALL AVE,njt_bus,8444,,
ROMAR AVE AT GREENVILLE AVE,njt_bus,8445,,
ROMAR AVE AT BARTHOLDI AVE,njt_bus,8446,,
ROMAR AVE AT NEPTUNE AVE,njt_bus,8447,,
ROSE AVE AT CATOR AVE,njt_bus,8448,,Hoboken
SEAVIEW AVE AT KENNEDY BLVD,njt_bus,8449,,
SEAVIEW AVE AT KENNEDY BLVD,njt_bus,8450,,
SEAVIEW AVE AT ROMAR AVE,njt_bus,8451,,
SIP AVE AT CORBIN AVE,njt_bus,8452,,
SIP AVE AT ROMAINE AVE,njt_bus,8453,,
SIP AVE AT TONNELLE AVE,njt_bus,8454,,Jersey City
SIP AVE AT TONNELLE AVE,njt_bus,8455,,
SIP AVE AT GARRISON AVE,njt_bus,8456,,
SIP AVE AT VAN WAGENEN AVE,njt_bus,8457,,
SIP AVE AT CORBIN AVE,njt_bus,8458,,
SUMMIT AVE AT CLIFTON PL,njt_bus,8459,,Journal Square
SUMMIT AVE 130'N OF ACADEMY ST,njt_bus,8460,,Journal Square
SUMMIT AVE AT NEWARK AVE,njt_bus,8461,,
SUMMIT AVE AT HOPKINS AVE,njt_bus,8462,,
SUMMIT AVE 255'N OF JEFFERSON AVE,njt_bus,8463,,
SUMMIT AVE AT CARLTON AVE,njt_bus,8464,,
SUMMIT AVE AT MANHATTAN AVE,njt_bus,8465,,
SUMMIT AVE AT HUTTON ST,njt_bus,8466,,
SUMMIT AVE AT GRIFFITH ST,njt_bus,8467,,
SUMMIT AVE AT BOWERS ST,njt_bus,8468,,
SUMMIT AVE AT THORNE ST,njt_bus,8477,,
SUMMIT AVE AT BOWERS ST,njt_bus,8478,,
SUMMIT AVE AT HUTTON ST,njt_bus,8479,,
SUMMIT AVE AT MANHATTAN AVE,njt_bus,8480,,
SUMMIT AVE AT CARLTON AVE,njt_bus,8481,,
SUMMIT AVE 240'N OF TROY ST,njt_bus,8482,,
SUMMIT AVE AT BEACON AVE,njt_bus,8483,,
SUMMIT AVE AT NEWARK AVE,njt_bus,8484,,
SUMMIT AVE AT PAVONIA AVE,njt_bus,8485,,Jersey City
SUMMIT AVE AT NEWKIRK ST,njt_bus,8486,,Ocean Avenue
SUMMIT AVE AT FAIRMOUNT AVE,njt_bus,8487,,Ocean Avenue
SUMMIT AVE AT BELMONT AVE,njt_bus,8488,,Ocean Avenue
WEST SIDE AVE AT CATOR AVE,njt_bus,8497,,
WEST SIDE AVE AT VAN NOSTRAND AVE,njt_bus,8498,,
WEST SIDE AVE AT WOODLAWN AVE,njt_bus,8499,,
WEST SIDE AVE AT STEGMAN PKWY,njt_bus,8500,,
WEST SIDE AVE AT AUDUBON AVE,njt_bus,8501,,
WEST SIDE AVE AT FISK ST,njt_bus,8502,,
WEST SIDE AVE AT POLLOCK AVE,njt_bus,8503,,
WEST SIDE AVE AT CLAREMONT AVE - HBLR,njt_bus,8504,,
WEST SIDE AVE AT EGE AVE,njt_bus,8505,,
WEST SIDE AVE AT VIRGINIA AVE,njt_bus,8506,,
WEST SIDE AVE AT BOYD AVE,njt_bus,8507,,
WEST SIDE AVE AT UNION ST,njt_bus,8508,,
WEST SIDE AVE AT LEXINGTON AVE,njt_bus,8509,,
WEST SIDE AVE AT COMMUNIPAW AVE,njt_bus,8510,,
WEST SIDE AVE AT HARRISON AVE,njt_bus,8511,,
WEST SIDE AVE AT GIFFORD AVE,njt_bus,8512,,
WEST SIDE AVE AT KENSINGTON AVE,njt_bus,8513,,
WEST SIDE AVE AT FAIRVIEW AVE,njt_bus,8514,,
WEST SIDE AVE AT FAIRMOUNT AVE,njt_bus,8515,,
WEST SIDE AVE AT GLENWOOD AVE,njt_bus,8516,,
WEST SIDE AVE AT STUYVESANT AVE,njt_bus,8517,,
WEST SIDE AVE AT HIGHLAND AVE,njt_bus,8518,,
WEST SIDE AVE AT FAIRMOUNT AVE,njt_bus,8519,,
WEST SIDE AVE AT GAUTIER AVE,njt_bus,8520,,
WEST SIDE AVE AT KENSINGTON AVE,njt_bus,8521,,
WEST SIDE AVE AT GIFFORD AVE,njt_bus,8522,,
WEST SIDE AVE AT HARRISON AVE,njt_bus,8523,,
WEST SIDE AVE AT COMMUNIPAW AVE,njt_bus,8524,,
WEST SIDE AVE AT CLENDENNY AVE,njt_bus,8525,,
WEST SIDE AVE AT UNION ST,njt_bus,8526,,
WEST SIDE AVE AT BOYD AVE,njt_bus,8527,,
WEST SIDE AVE AT CLARKE AVE,njt_bus,8528,,
WEST SIDE AVE AT GRANT AVE,njt_bus,8529,,
WEST SIDE AVE AT POLLOCK AVE,njt_bus,8530,,
WEST SIDE AVE AT FISK ST,njt_bus,8531,,
WEST SIDE AVE AT CARBON PL,njt_bus,8532,,
WEST SIDE AVE AT STEGMAN PKWY,njt_bus,8533,,
WEST SIDE AVE AT WOODLAWN AVE,njt_bus,8534,,
WEST SIDE AVE AT VAN NOSTRAND AVE,njt_bus,8535,,
WEST SIDE AVE AT MCADOO AVE,njt_bus,8536,,
WEST SIDE AVE AT CATOR AVE,njt_bus,8537,,
PALISADE AVE AT FLEET ST#,njt_bus,8542,,
COMMUNIPAW AVE AT WHITON ST,njt_bus,8545,,Newport Mall
JFK BLVD AT ELM ST#,njt_bus,8546,,
COMMUNIPAW AVE at RT-440 #,njt_bus,8548,,
SECAUCUS RD 1800' S OF PENHORN AVE.#,njt_bus,8549,,
NJ INTERNATIONAL & BULK MAIL CENTER,njt_bus,8550,,
U.S. POSTAL FACILITY AT BULK DOOR,njt_bus,8551,,
BELGROVE DR AT WOODLAND AVE,njt_bus,8552,,Newark
BELGROVE DR AT BERGEN AVE,njt_bus,8553,,Newark
BELGROVE DR AT BERGEN AVE,njt_bus,8554,,Hackensack
BELGROVE DR AT WOODLAND AVE,njt_bus,8555,,Hackensack
CENTRAL AVE 574' N OF HACKENSACK AVE.,njt_bus,8556,,
RIVER TERMINAL (CENTRAL AVE),njt_bus,8557,,
HUDSON COUNTY CORRECTIONAL FACILITY,njt_bus,8558,,
KEARNY AVE AT HOYT ST,njt_bus,8559,,
KEARNY AVE AT BERGEN AVE,njt_bus,8560,,
KEARNY AVE AT MIDLAND AVE,njt_bus,8561,,Newark
KEARNY AVE AT STUYVESANT AVE,njt_bus,8562,,Newark
KEARNY AVE AT STEWART AVE,njt_bus,8563,,Hackensack
KEARNY AVE AT MIDLAND AVE,njt_bus,8564,,
KEARNY AVE AT QUINCY AVE,njt_bus,8565,,
KEARNY AVE AT BERGEN AVE,njt_bus,8566,,
KEARNY AVE AT JOHNSTON AVE,njt_bus,8567,,
LINCOLN HWY AT HACKENSACK AVE,njt_bus,8568,,
LINCOLN HWY AT HACKENSACK AVE,njt_bus,8569,,
KEARNY AVE AT STEWART AVE#,njt_bus,8570,,Newark
KEARNY AVE AT SEELEY AVE#,njt_bus,8571,,Newark
BELLEVILLE TPKE AT KEARNY AVE#,njt_bus,8572,,Jersey Gardens
BELLEVILLE TPKE AT RUTHERFORD PL#,njt_bus,8573,,Jersey Gardens
BELLEVILLE TPKE AT CHESTNUT ST#,njt_bus,8574,,Jersey Gardens
ELM ST AT STUYVESANT AVE#,njt_bus,8575,,Jersey Gardens
ELM ST AT LAUREL AVE#,njt_bus,8576,,Jersey Gardens
DAVIS AVE AT OAKWOOD AVE#,njt_bus,8577,,Jersey Gardens
DAVIS AVE AT QUINCY AVE#,njt_bus,8578,,Jersey Gardens
DAVIS AVE AT KING AVE#,njt_bus,8579,,Jersey Gardens
ELM ST AT SEELEY AVE#,njt_bus,8580,,Kearny
ELM ST AT SEELEY AVE#,njt_bus,8581,,Jersey Gardens
ELM ST AT STEWART AVE#,njt_bus,8582,,Jersey Gardens
DAVIS AVE AT GARFIELD AVE#,njt_bus,8583,,Jersey Gardens
KEARNY AVE AT HALSTEAD ST#,njt_bus,8584,,
BELGROVE DR AT LINCOLN AVE#,njt_bus,8585,,Hackensack
BELGROVE DR AT HALSTEAD ST#,njt_bus,8586,,Newark
KEARNY AVE AT BENNETT AVE#,njt_bus,8587,,Hackensack
MIDLAND AVE AT FOREST ST#,njt_bus,8588,,Kearny
BELGROVE DR AT OAKWOOD AVE#,njt_bus,8589,,Hackensack
BELGROVE DR AT QUINCY AVE#,njt_bus,8590,,Hackensack
BELGROVE DR AT PEDEN TERRACE#,njt_bus,8591,,Hackensack
BELGROVE DR AT WILSON AVE#,njt_bus,8592,,Hackensack
KEARNY AVE AT SEELEY AVE#,njt_bus,8593,,Hackensack
KEARNY AVE AT MAGNOLIA AVE#,njt_bus,8594,,Hackensack
KEARNY AVE AT LAUREL AVE#,njt_bus,8595,,Hackensack
KEARNY AVE AT COLUMBIA AVE#,njt_bus,8596,,Hackensack
KEARNY AVE AT LOCUST AVE#,njt_bus,8597,,Hackensack
KEARNY AVE AT NEW LAWN TERRACE#,njt_bus,8598,,
KEARNY AVE AT OAKWOOD AVE#,njt_bus,8599,,
KEARNY AVE AT PAVONIA AVE#,njt_bus,8600,,
KEARNY AVE AT GROVE ST#,njt_bus,8601,,
KEARNY AVE AT LIBERTY ST#,njt_bus,8602,,
KEARNY AVE AT HALSTEAD ST#,njt_bus,8603,,
KEARNY AVE AT AFTON ST#,njt_bus,8604,,
KEARNY AVE AT BOYD ST#,njt_bus,8605,,
KEARNY AVE AT WILSON AVE#,njt_bus,8606,,
KEARNY AVE AT PATERSON ST#,njt_bus,8607,,
KEARNY AVE AT ROSE ST#,njt_bus,8608,,
KEARNY AVE AT WOODLAND AVE#,njt_bus,8609,,
KEARNY AVE AT JOHNSTON AVE#,njt_bus,8610,,
KEARNY AVE AT WOODLAND AVE#,njt_bus,8611,,
KEARNY AVE AT DUKES ST#,njt_bus,8612,,
KEARNY AVE AT WILSON AVE#,njt_bus,8613,,
KEARNY AVE AT BOYD ST#,njt_bus,8614,,
KEARNY AVE AT GARFIELD AVE#,njt_bus,8615,,
KEARNY AVE AT LIBERTY ST#,njt_bus,8616,,
KEARNY AVE AT GROVE ST#,njt_bus,8617,,
KEARNY AVE AT QUINCY AVE#,njt_bus,8618,,
KEARNY AVE AT PAVONIA AVE#,njt_bus,8619,,
KEARNY AVE AT OAKWOOD AVE#,njt_bus,8620,,
KEARNY AVE AT COLUMBIA AVE#,njt_bus,8621,,Newark
KEARNY AVE AT WASHINGTON AVE#,njt_bus,8622,,Newark
KEARNY AVE AT MAGNOLIA AVE#,njt_bus,8623,,Newark
DAVIS AVE AT BERGEN AVE#,njt_bus,8624,,Jersey Gardens
DAVIS AVE AT TAPPAN ST#,njt_bus,8625,,Kearny
DAVIS AVE AT BERGEN AVE#,njt_bus,8626,,Kearny
DAVIS AVE AT KING ST#,njt_bus,8627,,Kearny
DAVIS AVE AT QUINCY AVE#,njt_bus,8628,,Kearny
DAVIS AVE AT OAKWOOD AVE#,njt_bus,8629,,Kearny
ELM ST AT COLUMBIA AVE#,njt_bus,8630,,Kearny
ELM ST AT LAUREL AVE#,njt_bus,8631,,Kearny
ELM ST AT STUYVESANT AVE#,njt_bus,8632,,Kearny
ELM ST AT BELLVILLE TPKE#,njt_bus,8633,,Kearny
BELGROVE DR AT LINCOLN AVE#,njt_bus,8634,,Newark
BELGROVE DR AT WILSON AVE#,njt_bus,8635,,Newark
BELGROVE DR AT QUINCY AVE#,njt_bus,8636,,Newark
BELGROVE DR AT OAKWOOD AVE#,njt_bus,8637,,Newark
BELGROVE DR AT MIDLAND AVE#,njt_bus,8638,,Newark
SECAUCUS RD AT 16TH ST,njt_bus,8725,,
SECAUCUS RD 1310'E OF 16TH ST.,njt_bus,8727,,
AMERICAN WAY 225' W OF HARTZ WAY,njt_bus,8775,,
AMERICAN WAY AT HARTZ WAY,njt_bus,8776,,
AMERICAN WAY 674'W OF HARTZ WAY,njt_bus,8777,,
CASTLE RD AT MEADOWLANDS PARKWAY,njt_bus,8778,,
CASTLE RD 1330' E OF MEADOWLANDS PKWY.,njt_bus,8779,,
CASTLE RD 2470'W OF NEW COUNTY RD,njt_bus,8780,,
CASTLE RD 903'W OF NEW COUNTY RD,njt_bus,8781,,
CASTLE RD 1589' W OF NEW COUNTY RD.,njt_bus,8782,,
CASTLE RD 1637'W OF NEW COUNTY RD,njt_bus,8783,,
CASTLE RD 2465'W OF NEW COUNTY RD,njt_bus,8784,,
CASTLE RD 1330'E OF MEADOWLANDS PKWY,njt_bus,8785,,
CASTLE RD AT MEADOWLANDS PARKWAY,njt_bus,8786,,
COUNTY AVE AT COUNTY RD,njt_bus,8787,,
COUNTY AVE 190' S OF METRO WAY,njt_bus,8788,,
COUNTY AVE AT LOUIS ST,njt_bus,8789,,
COUNTY AVE AT JEFFERSON AVE,njt_bus,8790,,
COUNTY AVE AT SECAUCUS RD,njt_bus,8791,,
COUNTY AVE OPPOSITE UPS DRIVE,njt_bus,8792,,
COUNTY AVE 493'S OF DORIGO LN,njt_bus,8793,,
COUNTY AVE AT DORIGO LN,njt_bus,8794,,
COUNTY AVE AT CENTER AVE,njt_bus,8795,,
COUNTY AVE AT CENTER AVE,njt_bus,8796,,
COUNTY AVE AT DORIGO LN,njt_bus,8797,,
COUNTY AVE 493'S OF DORIGO LN,njt_bus,8798,,
COUNTY AVE 856'N OF UPS DRIVE,njt_bus,8799,,
COUNTY AVE AT UPS DRIVE,njt_bus,8800,,
COUNTY AVE AT SECAUCUS RD,njt_bus,8801,,
COUNTY AVE AT JEFFERSON AVE,njt_bus,8802,,
COUNTY AVE AT CHARLES ST,njt_bus,8803,,
COUNTY AVE AT HELEN ST,njt_bus,8804,,
COUNTY AVE 190' S OF METRO WAY,njt_bus,8805,,
COUNTY AVE AT COUNTY RD,njt_bus,8806,,
ENTERPRISE AVE AT SECAUCUS RD,njt_bus,8807,,
ENTERPRISE AVE N AT AMERICAN WAY,njt_bus,8808,,
ENTERPRISE AVE N AT AMERICAN WAY,njt_bus,8809,,
ENTERPRISE AVE AT SECAUCUS RD,njt_bus,8810,,
ENTERPRISE AVE SOUTH 466'S OF SECAUCUS RD,njt_bus,8811,,Secaucus
ENTERPRISE AVE SOUTH 396' N OF METRO WAY,njt_bus,8812,,Secaucus
ENTERPRISE AVE SOUTH 260' N OF METRO WAY,njt_bus,8813,,Secaucus
ENTERPRISE AVE SOUTH 466' S OF SECAUCUS RD.,njt_bus,8814,,Secaucus
FRONT ST AT NINTH ST,njt_bus,8815,,
FRONT ST AT HUDSON AVE,njt_bus,8816,,
FRONT ST AT FIFTH ST,njt_bus,8817,,
FRONT ST AT THIRD ST,njt_bus,8818,,
FRONT ST AT FIRST ST,njt_bus,8819,,
FRONT ST AT GOLDEN AVE,njt_bus,8820,,
FRONT ST AT MINNIE PL,njt_bus,8821,,
FRONT ST AT FIRST ST,njt_bus,8822,,
FRONT ST AT THIRD ST,njt_bus,8823,,
FRONT ST AT FIFTH ST,njt_bus,8824,,
FRONT ST AT HUDSON AVE,njt_bus,8825,,
FRONT ST AT NINTH ST,njt_bus,8826,,
HARTZ WAY 343' S OF AMERICAN WAY,njt_bus,8827,,
MEADOWLANDS PKWY 1056'S OF SEAVIEW DR,njt_bus,8830,,
MEADOWLANDS PKWY AT SEAVIEW DR,njt_bus,8831,,
MEADOWLANDS PKWY 373'N OF AMERICAN WAY,njt_bus,8832,,
MEADOWLANDS PARKWAY AT COVE COURT (NB),njt_bus,8833,,
MEADOWLANDS PKWY 265'S OF TENTH ST,njt_bus,8834,,
MEADOWLANDS PKWY AT EXTENDED STAY HOTEL,njt_bus,8835,,
MEADOWLANDS PKWY AT WOOD AVE. @ RED ROOF INN,njt_bus,8836,,
MEADOWLANDS PKWY AT HARMON PLZ(OUTLETS),njt_bus,8837,,
MEADOWLANDS PKWY 425'N OF COVE CT,njt_bus,8838,,
MEADOWLANDS PARKWAY AT COVE COURT (SB),njt_bus,8839,,
HARMON COVE TOWERS (UNDER BUILDING),njt_bus,8840,,
MEADOWLANDS PKWY AT SEAVIEW DR,njt_bus,8841,,
MEADOWLANDS PKWY 1056'S OF SEAVIEW DR,njt_bus,8842,,
55 METRO WAY CUL-DE-SAC,njt_bus,8843,,Secaucus
METRO WAY 212' E OF ENTERPRISE AVE.,njt_bus,8844,,Secaucus
METRO WAY 253'E OF ENTERPRISE (BLDG 10-16),njt_bus,8845,,Secaucus
55 METRO WAY CUL-DE-SAC,njt_bus,8846,,Secaucus
METRO WAY 600'W OF COUNTY AVE (BLDG 50-52),njt_bus,8847,,Secaucus
NEW COUNTY RD AT SEAVIEW DR. EXTENSION,njt_bus,8849,,
NEW COUNTY RD AT CASTLE RD,njt_bus,8850,,
PATERSON PLANK RD CUL-DE-SAC,njt_bus,8851,,New York
PATERSON PLANK RD AT SCHOPMANN DR,njt_bus,8852,,New York
PATERSON PLANK RD 255' E OF HAGEN PL.,njt_bus,8853,,New York
PATERSON PLANK RD AT BORN ST,njt_bus,8854,,New York
PATERSON PLANK RD AT MAPLE ST,njt_bus,8855,,New York
PATERSON PLANK RD AT FIRST ST,njt_bus,8856,,New York
PATERSON PLANK RD AT POST PL,njt_bus,8857,,
PATERSON PLANK RD AT TOWN HALL/ROOSEVELT,njt_bus,8858,,
PATERSON PLANK RD AT NJ TPKE EXIT 16E,njt_bus,8859,,
PATERSON PLANK RD AT CEDAR LANE,njt_bus,8861,,
PATERSON PLANK RD AT TOWN HALL/ROOSEVELT,njt_bus,8862,,
PATERSON PLANK RD AT PLAZA CENTRE,njt_bus,8863,,
PATERSON PLANK RD AT FIRST ST,njt_bus,8864,,
PATERSON PLANK RD AT RT. 3 ENTRY RAMP,njt_bus,8865,,
PATERSON PLANK RD AT MAPLE ST,njt_bus,8866,,Secaucus
PATERSON PLANK RD AT FAIRVIEW AVE,njt_bus,8867,,Secaucus
PATERSON PLANK RD AT HUBER ST,njt_bus,8868,,Secaucus
PATERSON PLANK RD AT HOPS LANE,njt_bus,8869,,Secaucus
PATERSON PLANK RD CUL-DE-SAC,njt_bus,8870,,Secaucus
PLAZA CENTER 125' N OF PATERSON PLANK RD.,njt_bus,8871,,
SEAVIEW DR AT MEADOWLANDS PKWY,njt_bus,8879,,
SEAVIEW DR AT VENTURE WAY,njt_bus,8880,,
SEAVIEW DR 250' E OF VENTURE WAY,njt_bus,8881,,
SEAVIEW DR 728' E OF VENTURE WAY,njt_bus,8882,,
SEAVIEW DR 1256' E OF VENTURE WAY,njt_bus,8883,,
SEAVIEW DR 1256' E OF VENTURE WAY,njt_bus,8884,,
SEAVIEW DR 728' E OF VENTURE WAY,njt_bus,8885,,
SEAVIEW DR 250' E OF VENTURE WAY,njt_bus,8886,,
SEAVIEW DR AT VENTURE WAY,njt_bus,8887,,
SEAVIEW DR 493' E OF MEADOWLANDS PK,njt_bus,8888,,
SEAVIEW DR AT MEADOWLANDS PKWY,njt_bus,8889,,
SECAUCUS RD AT HARTZ WAY,njt_bus,8890,,
SECAUCUS RD AT ENTERPRISE AVE NORTH,njt_bus,8891,,
ENTERPRISE AVE AT SECAUCUS RD,njt_bus,8892,,
SECAUCUS RD AT SINVALCO RD,njt_bus,8893,,
SECAUCUS RD AT COUNTY AVE,njt_bus,8894,,
SECAUCUS RD AT COUNTY AVE,njt_bus,8895,,Secaucus
SECAUCUS RD AT SINVALCO RD,njt_bus,8896,,Secaucus
SECAUCUS RD 310'E OF ENTERPRISE AVE SOUTH,njt_bus,8897,,Secaucus
ENTERPRISE AVE AT SECAUCUS RD,njt_bus,8898,,
SECAUCUS ROAD AT HARTZ WAY,njt_bus,8899,,
RT-153 (FLANAGAN WAY) AT 4TH ST,njt_bus,8900,,New York
RT-153 (FLANAGAN WAY) AT 4TH ST,njt_bus,8901,,Secaucus
CASTLE RD 938'W OF NEW COUNTY RD,njt_bus,8902,,
SEAVIEW DR. EXTENSION AT NEW COUNTY RD,njt_bus,8904,,
MEADOWLANDS PKWY 250'N OF CASTLE RD,njt_bus,8905,,
HARMON COVE TOWNHOUSES (CLUB HOUSE)#,njt_bus,8906,,
MEADOWLANDS PKWY AT AMERICAN WAY,njt_bus,8907,,
SEAVIEW DR. EXTENSION AT NEW COUNTY RD,njt_bus,8908,,
ALLWOOD PARK & RIDE,njt_bus,12292,,
ALLWOOD RD AT RICHFIELD TERRACE,njt_bus,12293,,New York
ALLWOOD RD AT HEPBURN RD,njt_bus,12294,,New York
ALLWOOD RD AT CHAMPLIN CT,njt_bus,12295,,New York
ALLWOOD RD AT NEW BRIER LANE,njt_bus,12296,,New York
ALLWOOD RD AT WINDSOR RD,njt_bus,12297,,New York
ALLWOOD RD AT BURLINGTON RD,njt_bus,12298,,New York
ALLWOOD RD AT ORCHARD DR,njt_bus,12299,,New York
ALLWOOD RD AT COTTAGE LANE,njt_bus,12300,,Clifton
ALLWOOD RD AT BURLINGTON RD,njt_bus,12301,,Clifton
ALLWOOD RD AT CHELSEA RD,njt_bus,12302,,Clifton
ALLWOOD RD AT MT. PROSPECT AVE,njt_bus,12303,,Clifton
ALLWOOD RD AT BROOKWOOD RD,njt_bus,12304,,Clifton
ALLWOOD RD AT RICHFIELD TERRACE,njt_bus,12305,,Clifton
ALLWOOD PARK & RIDE,njt_bus,12306,,
BLOOMFIELD AVE 48'S OF ISABELLA ST,njt_bus,12307,,Clifton
BLOOMFIELD AVE AT ALLWOOD RD,njt_bus,12308,,Clifton
BLOOMFIELD AVE AT INDUSTRIAL DR EAST,njt_bus,12309,,
BLOOMFIELD AVE AT SOMERSET PL,njt_bus,12310,,
BLOOMFIELD AVE AT LORRAINE DR,njt_bus,12311,,
BLOOMFIELD AVE AT LORRAINE DR,njt_bus,12312,,
BLOOMFIELD AVE AT SOMERSET PL,njt_bus,12313,,
BLOOMFIELD AVE AT INDUSTRIAL DR. EAST,njt_bus,12314,,
BLOOMFIELD AVE AT ALLWOOD RD,njt_bus,12315,,New York
BLOOMFIELD AVE AT SYLVAN RD,njt_bus,12316,,New York
BROAD ST 248'S OF ANDERSON RD,njt_bus,12317,,
BROAD ST AT HADDONFIELD RD,njt_bus,12318,,
BROAD ST AT ALLWOOD RD,njt_bus,12319,,Clifton
BROAD ST 200'S OF NOTCH RD,njt_bus,12320,,Clifton
BROAD ST AT VAN HOUTEN AVE,njt_bus,12321,,
BROAD ST AT TREMONT PL,njt_bus,12322,,
BROAD ST AT COLFAX AVE,njt_bus,12323,,
BROAD ST AT LIVINGSTON ST,njt_bus,12324,,
BROAD ST AT CONCORD ST,njt_bus,12325,,
BROAD ST AT WARREN ST,njt_bus,12326,,
BROAD ST AT FENNER AVE,njt_bus,12327,,
BROAD ST AT HAZEL ST,njt_bus,12328,,
BROAD ST AT FENNER AVE,njt_bus,12329,,
BROAD ST AT IVY CT,njt_bus,12330,,
BROAD ST AT CONCORD ST,njt_bus,12331,,
BROAD ST 150'N OF EDISON ST,njt_bus,12332,,
BROAD ST AT COLFAX AVE,njt_bus,12333,,
BROAD ST AT VAN HOUTEN AVE,njt_bus,12334,,
BROAD ST AT GREGLAWN DR,njt_bus,12335,,New York
BROAD ST AT GREEN LAWN AVE,njt_bus,12336,,New York
BROAD ST AT NOTCH RD,njt_bus,12337,,New York
BROAD ST AT HIGHVIEW DR,njt_bus,12338,,New York
BROAD ST 233'S OF ALLWOOD RD,njt_bus,12339,,New York
BROAD ST AT HADDONFIELD RD,njt_bus,12340,,
BROAD ST AT CHITTENDEN RD,njt_bus,12341,,
CLIFTON AVE AT RICHLAND CT,njt_bus,12342,,Willowbrook Mall
CLIFTON AVE AT SAINT ANDREWS BLVD,njt_bus,12343,,Willowbrook Mall
CLIFTON AVE AT SAINT JAMES PL,njt_bus,12344,,Willowbrook Mall
CLIFTON AVE AT KOWAL ST,njt_bus,12345,,Willowbrook Mall
CLIFTON AVE AT VAN HOUTEN AVE,njt_bus,12346,,Willowbrook Mall
CLIFTON AVE AT COLFAX AVE,njt_bus,12347,,Willowbrook Mall
CLIFTON AVE AT FORNELIUS AVE,njt_bus,12348,,Willowbrook Mall
CLIFTON AVE AT PAULISON AVE,njt_bus,12349,,Willowbrook Mall
CLIFTON AVE AT HAWTHORNE AVE,njt_bus,12350,,Willowbrook Mall
CLIFTON AVE AT JEWETT AVE,njt_bus,12351,,Willowbrook Mall
CLIFTON AVE AT WESTERVELT AVE,njt_bus,12352,,Willowbrook Mall
CLIFTON AVE AT FOURTH ST,njt_bus,12353,,Willowbrook Mall
CLIFTON AVE AT THIRD ST,njt_bus,12354,,Willowbrook Mall
CLIFTON AVE AT SECOND ST,njt_bus,12355,,Willowbrook Mall
CLIFTON AVE AT FIRST ST,njt_bus,12356,,Willowbrook Mall
CLIFTON AVE AT MAIN AVE,njt_bus,12357,,Willowbrook Mall
CLIFTON AVE AT GETTY AVE,njt_bus,12358,,Willowbrook Mall
CLIFTON AVE AT CENTRAL AVE,njt_bus,12359,,Willowbrook Mall
CLIFTON AVE AT LEXINGTON AVE,njt_bus,12360,,Paterson
CLIFTON AVE 118'E OF LAKEVIEW AVE.,njt_bus,12361,,
CLIFTON AVE AT GETTY AVE,njt_bus,12362,,Passaic
CLIFTON AVE AT MAIN AVE,njt_bus,12363,,Passaic
CLIFTON AVE AT SECOND ST,njt_bus,12364,,Passaic
CLIFTON AVE AT THIRD ST,njt_bus,12365,,Passaic
CLIFTON AVE AT FOURTH ST,njt_bus,12366,,Passaic
CLIFTON AVE AT FIFTH ST,njt_bus,12367,,Passaic
CLIFTON AVE AT SIXTH ST,njt_bus,12368,,Passaic
CLIFTON AVE AT PAULISON AVE,njt_bus,12369,,Passaic
CLIFTON AVE AT FORNELIUS AVE,njt_bus,12370,,Passaic
CLIFTON AVE AT CLIFTON BLVD,njt_bus,12371,,Passaic
CLIFTON AVE AT COLFAX AVE,njt_bus,12372,,Passaic
CLIFTON AVE AT VAN HOUTEN AVE,njt_bus,12373,,Passaic
CLIFTON AVE AT SUNNY CREST AVE,njt_bus,12374,,Passaic
CLIFTON AVE AT SAINT JAMES PL,njt_bus,12375,,Passaic
CLIFTON AVE AT GODWIN PL,njt_bus,12376,,Passaic
CLIFTON AVE AT BROOKSIDE DR,njt_bus,12377,,Passaic
CLIFTON AVE AT RICHLAND CT,njt_bus,12378,,Passaic
DELAWANNA AVE AT BEECH ST,njt_bus,12379,,
DELAWANNA AVE AT DELAWANNA STATION,njt_bus,12380,,
DELAWANNA AVE AT BOLL ST,njt_bus,12381,,
DELAWANNA AVE AT BOLL ST,njt_bus,12382,,
DELAWANNA AVE AT DELAWANNA STATION,njt_bus,12383,,
DELAWANNA AVE AT CEDAR PL,njt_bus,12384,,
HAZEL ST AT HAZELVIEW AVE,njt_bus,12385,,Paramus
HAZEL ST AT PARK SLOPE,njt_bus,12386,,Paramus
HAZEL ST AT WEST 7TH ST,njt_bus,12387,,Paramus
HAZEL ST AT FLORENCE DR,njt_bus,12388,,Paramus
HAZEL ST AT CROOKS AVE,njt_bus,12389,,Paramus
HAZEL ST AT KULLER RD,njt_bus,12390,,Paterson
HAZEL ST AT MONTCLAIR ST,njt_bus,12391,,Paterson
HAZEL ST AT ADAMS ST,njt_bus,12392,,Paterson
HAZEL ST AT CHESTNUT ST,njt_bus,12393,,Paterson
HAZEL ST AT CROOKS AVE,njt_bus,12394,,Paterson
HAZEL ST AT FLORENCE DR,njt_bus,12395,,Paterson
HAZEL ST AT WEST 7TH ST,njt_bus,12396,,Paterson
HAZEL ST AT VAN ORDEN PL,njt_bus,12397,,Paterson
INDUSTRIAL WAY WEST,njt_bus,12398,,Broad Street
KINGSLAND RD AT WALNUT ST,njt_bus,12399,,New York
KINGSLAND RD AT TARGET DRIVE,njt_bus,12400,,New York
KINGSLAND RD 250' W OF RIVER RD,njt_bus,12401,,New York
KINGSLAND RD AT RIVER RD,njt_bus,12402,,Clifton
KINGSLAND RD AT TARGET DRIVE,njt_bus,12403,,Clifton
KINGSLAND RD AT WALNUT ST,njt_bus,12404,,Clifton
LAKEVIEW AVE AT ALYEA TERRACE,njt_bus,12405,,
LAKEVIEW AVE AT ROSALIE AVE,njt_bus,12406,,
LAKEVIEW AVE AT ARLINGTON AVE,njt_bus,12407,,
LAKEVIEW AVE AT TRIMBLE AVE,njt_bus,12408,,
LAKEVIEW AVE AT MERSELIS AVE,njt_bus,12409,,
LAKEVIEW AVE AT EAST 6TH ST,njt_bus,12410,,
LAKEVIEW AVE AT CROOKS AVE,njt_bus,12411,,
LAKEVIEW AVE AT CROOKS AVE,njt_bus,12412,,
LAKEVIEW AVE AT EAST 6TH ST,njt_bus,12413,,
LAKEVIEW AVE AT EAST 8TH ST,njt_bus,12414,,
LAKEVIEW AVE AT MERSELIS AVE,njt_bus,12415,,
LAKEVIEW AVE AT TRIMBLE AVE,njt_bus,12416,,
LAKEVIEW AVE AT ARLINGTON AVE,njt_bus,12417,,
LAKEVIEW AVE AT ROSALIE AVE,njt_bus,12418,,
LAKEVIEW AVE AT ALYEA TERRACE,njt_bus,12419,,
LEXINGTON AVE AT CENTER ST,njt_bus,12420,,
LEXINGTON AVE AT ACKERMAN AVE,njt_bus,12421,,
LEXINGTON AVE AT CLIFTON AVE,njt_bus,12422,,Passaic
LEXINGTON AVE AT SEGER AVE,njt_bus,12423,,Passaic
LEXINGTON AVE AT ARLINGTON AVE,njt_bus,12424,,Paterson
LEXINGTON AVE AT ALYEA TERRACE,njt_bus,12425,,Paterson
LEXINGTON AVE AT CLIFTON AVE,njt_bus,12426,,
LEXINGTON AVE AT KULIK ST,njt_bus,12427,,
LEXINGTON AVE AT PORTLAND AVE,njt_bus,12428,,
MAIN AVE AT CLAY ST,njt_bus,12429,,
MAIN AVE AT BRIDEWELL PL,njt_bus,12430,,
MAIN AVE AT DELAWANNA AVE,njt_bus,12431,,
MAIN AVE AT DELAWANNA AVE,njt_bus,12432,,
MAIN AVE AT RUTHERFORD BLVD,njt_bus,12433,,
MAIN AVE AT SOUTH PARKWAY,njt_bus,12434,,
MAIN AVE AT HADLEY AVE,njt_bus,12435,,
MAIN AVE AT PRESCOTT AVE,njt_bus,12436,,
MAIN AVE AT CLIFTON AVE,njt_bus,12437,,
MAIN AVE AT UNION AVE,njt_bus,12438,,
MAIN AVE AT WASHINGTON AVE,njt_bus,12439,,
MAIN AVE AT HILTON ST,njt_bus,12440,,
MAIN AVE AT PIAGET AVE,njt_bus,12441,,
MAIN AVE AT SEWELL AVE,njt_bus,12442,,
MAIN AVE AT PARK SLOPE,njt_bus,12443,,
MAIN AVE AT COLUMBIA ST,njt_bus,12444,,
MAIN AVE AT WEST 5TH ST,njt_bus,12445,,
MAIN AVE AT WEST 3RD ST,njt_bus,12446,,
MAIN AVE AT CROOKS AVE,njt_bus,12447,,
MAIN AVE AT CROOKS AVE,njt_bus,12448,,
MAIN AVE AT WEST 3RD ST,njt_bus,12449,,
MAIN AVE AT MADELINE AVE,njt_bus,12450,,
MAIN AVE AT VREELAND PL,njt_bus,12451,,
MAIN AVE AT PARK SLOPE,njt_bus,12452,,
MAIN AVE AT SEWELL AVE,njt_bus,12453,,
MAIN AVE AT PIAGET AVE,njt_bus,12454,,
MAIN AVE AT LUDDINGTON AVE,njt_bus,12455,,
MAIN AVE AT WASHINGTON AVE,njt_bus,12456,,
MAIN AVE AT UNION AVE,njt_bus,12457,,
MAIN AVE AT HARDING AVE,njt_bus,12458,,
MAIN AVE AT CLIFTON AVE,njt_bus,12459,,
MAIN AVE AT DEMOTT AVE,njt_bus,12460,,
MAIN AVE AT HADLEY AVE,njt_bus,12461,,
MAIN AVE AT SHERIDAN AVE,njt_bus,12462,,
MAIN AVE AT FENLON BLVD,njt_bus,12463,,
MAIN AVE AT TOTH CT,njt_bus,12464,,
MAIN AVE AT DELAWANNA AVE,njt_bus,12465,,
MAIN AVE AT CLAY ST,njt_bus,12466,,
MARKET ST 463' S OF BRIGHTON RD.,njt_bus,12467,,
PARKER AVE AT DURANT AVE,njt_bus,12468,,Paterson
PARKER AVE AT LAKE AVE,njt_bus,12469,,Paterson
PAULISON AVE AT SUMMER ST,njt_bus,12470,,Paramus
PAULISON AVE AT HIGHLAND AVE,njt_bus,12471,,Paramus
PAULISON AVE AT DE MOTT AVE,njt_bus,12472,,Paramus
PAULISON AVE AT CLIFTON AVE,njt_bus,12473,,Paramus
PAULISON AVE AT HARDING AVE,njt_bus,12474,,Paramus
PAULISON AVE AT WASHINGTON AVE,njt_bus,12475,,Paramus
PAULISON AVE AT WASHINGTON AVE,njt_bus,12476,,Paterson
PAULISON AVE AT HARDING AVE,njt_bus,12477,,Paterson
PAULISON AVE AT CLIFTON AVE,njt_bus,12478,,Paterson
PAULISON AVE AT MADISON AVE,njt_bus,12479,,Paterson
PAULISON AVE AT HIGHLAND AVE,njt_bus,12480,,Paterson
PAULISON AVE AT HELEN PL,njt_bus,12481,,Paterson
PIAGET AVE AT LEXINGTON AVE,njt_bus,12482,,Paterson
PIAGET AVE AT LEXINGTON AVE,njt_bus,12483,,Passaic
RANDOLPH AVE AT DURANT AVE,njt_bus,12484,,Passaic
RIVER RD AT MYRTLE AVE,njt_bus,12485,,
DELAWANNA AVE & RIVER RD,njt_bus,12486,,
RIVER RD AT MYRTLE AVE,njt_bus,12487,,
RT-3 AT GROVE ST,njt_bus,12488,,
RT-3 AT BROAD ST,njt_bus,12489,,
RT-3 AT BLOOMFIELD AVE,njt_bus,12490,,
RT-3 2264'W OF PASSAIC AVE,njt_bus,12491,,New York
RT-3 AT PASSAIC AVE,njt_bus,12492,,New York
RT-3 AT CLIFTON COMMONS ENTRANCE,njt_bus,12493,,New York
RT 3 AT CLIFTON COMMONS ENTRANCE,njt_bus,12494,,Clifton
RT-3 AT PASSAIC AVE,njt_bus,12495,,Clifton
RT-3 1740'W OF PASSAIC AVE,njt_bus,12496,,Clifton
RT-3 AT BLOOMFIELD AVE,njt_bus,12497,,
RT-3 AT BROAD ST,njt_bus,12498,,
RT-3 AT GROVE ST,njt_bus,12499,,
VALLEY RD AT HIBBEN PL,njt_bus,12500,,
VALLEY RD AT MACLEAN RD,njt_bus,12501,,
VALLEY RD AT ROBIN HOOD RD,njt_bus,12502,,
VALLEY RD AT MT. WASHINGTON DR,njt_bus,12503,,Clifton
VALLEY RD AT CLAVERACK RD,njt_bus,12504,,Clifton
VALLEY RD AT EDISON ST,njt_bus,12505,,Clifton
VALLEY RD AT ELMWOOD DR,njt_bus,12506,,Clifton
VALLEY RD AT GOULD ST,njt_bus,12507,,Clifton
VALLEY RD AT FENNER AVE,njt_bus,12508,,New York
VALLEY RD AT GILLIES ST,njt_bus,12509,,New York
VALLEY RD AT DEWEY AVE,njt_bus,12510,,New York
VALLEY RD AT CLAVERACK RD,njt_bus,12511,,New York
VALLEY RD AT JAY ST,njt_bus,12512,,New York
VALLEY RD AT ADAMS TERRACE,njt_bus,12513,,
VALLEY RD 528' S OF MACLEAN RD.,njt_bus,12514,,
VALLEY RD 1056' S OF MACLEAN RD.,njt_bus,12515,,
VAN HOUTEN AVE AT STONY HILL RD,njt_bus,12516,,New York
VAN HOUTEN AVE AT GOSS PL,njt_bus,12517,,New York
VAN HOUTEN AVE AT MAPLE HILL RD,njt_bus,12518,,New York
VAN HOUTEN AVE AT RT. 46 RAMP,njt_bus,12519,,New York
VAN HOUTEN AVE AT BARBARA DR,njt_bus,12520,,New York
VAN HOUTEN AVE AT PRISCILLA ST,njt_bus,12521,,New York
VAN HOUTEN AVE WEST OF BROAD ST,njt_bus,12522,,New York
VAN HOUTEN AVE AT URMA AVE,njt_bus,12523,,Paterson
VAN HOUTEN AVE AT CLIFTON AVE,njt_bus,12524,,Paterson
VAN HOUTEN AVE AT BARNSDALE RD,njt_bus,12525,,Paterson
VAN HOUTEN AVE AT MT PROSPECT AVE,njt_bus,12526,,Paterson
VAN HOUTEN AVE AT SAMUEL AVE,njt_bus,12527,,Paterson
VAN HOUTEN AVE AT SPENCER AVE,njt_bus,12528,,Paterson
VAN HOUTEN AVE AT HURON AVE,njt_bus,12529,,Paterson
VAN HOUTEN AVE AT MARCONI ST,njt_bus,12530,,Paterson
VAN HOUTEN AVE AT ALTHEA ST,njt_bus,12531,,Paterson
VAN HOUTEN AVE AT PLEASANT AVE,njt_bus,12532,,Elmwood Park
VAN HOUTEN AVE AT SADE ST,njt_bus,12533,,Elmwood Park
VAN HOUTEN AVE AT HURON AVE,njt_bus,12534,,Elmwood Park
VAN HOUTEN AVE AT BOWDOIN ST,njt_bus,12535,,Elmwood Park
VAN HOUTEN AVE AT LISBON ST,njt_bus,12536,,Elmwood Park
VAN HOUTEN AVE AT MONHEGAN ST,njt_bus,12537,,Elmwood Park
VAN HOUTEN AVE AT MT PROSPECT AVE,njt_bus,12538,,Elmwood Park
VAN HOUTEN AVE AT CLIFTON AVE,njt_bus,12539,,Elmwood Park
VAN HOUTEN AVE AT HILLCREST AVE,njt_bus,12540,,Elmwood Park
VAN HOUTEN AVE AT KATHRYN ST,njt_bus,12541,,Elmwood Park
VAN HOUTEN AVE WEST OF BROAD ST,njt_bus,12542,,Clifton
VAN HOUTEN AVE AT WOODROW WILSON DRIVEWAY,njt_bus,12543,,Clifton
VAN HOUTEN AVE AT ABBE LANE,njt_bus,12544,,Clifton
VAN HOUTEN AVE AT HENOCH  AVE,njt_bus,12545,,Clifton
RT-3 AT HEPBURN RD#,njt_bus,12546,,
BROAD ST AT PLYMOUTH RD#,njt_bus,12547,,New York
BROAD ST AT HUEMMER TERRACE#,njt_bus,12548,,New York
BROAD ST AT HUEMMER TERRACE#,njt_bus,12549,,Clifton
BROAD ST AT HIGHVIEW DR#,njt_bus,12550,,Clifton
BROAD ST AT WARREN ST#,njt_bus,12551,,
BROAD ST AT ELMWOOD DR#,njt_bus,12552,,
BROAD ST AT GROVE ST#,njt_bus,12553,,
VAN HOUTEN AVE AT PERSHING RD#,njt_bus,12554,,Paterson
RT-3 400' E OF HEPBURN RD#,njt_bus,12555,,
BROWERTOWN RD AT LONG HILL RD,njt_bus,12618,,Paterson
BROWERTOWN RD AT STEWART AVE,njt_bus,12619,,Paterson
BROWERTOWN RD AT ROSE ST. (SHOP RITE PLAZA),njt_bus,12620,,Paterson
BROWERTOWN RD AT ROSE ST. (SHOP RITE PLAZA),njt_bus,12621,,Willowbrook Mall
BROWERTOWN RD AT STEWART AVE,njt_bus,12622,,Willowbrook Mall
BROWERTOWN RD AT LONG HILL RD,njt_bus,12623,,Willowbrook Mall
EAST MAIN ST AT VAN NESS AVE,njt_bus,12624,,
EAST MAIN ST 528'E OF VAN NESS AVE,njt_bus,12625,,
EAST MAIN ST AT CEDAR GROVE RD,njt_bus,12626,,
E MAIN ST AT BROWERTOWN RD,njt_bus,12627,,
EAST MAIN ST AT HOPSON AVE,njt_bus,12628,,
EAST MAIN ST AT TURNBURY RD,njt_bus,12629,,
EAST MAIN ST AT VAN NESS AVE,njt_bus,12630,,
LONG HILL RD AT DE YOUNG DR,njt_bus,12631,,
LONG HILL RD AT HILLCREST DR,njt_bus,12632,,
LONG HILL RD AT JACOBUS AVE,njt_bus,12633,,
LONG HILL RD AT TANGLEWOOD DR,njt_bus,12634,,
LONG HILL RD AT STEPHEN PL,njt_bus,12635,,
LONG HILL RD AT WOODS RD,njt_bus,12636,,
LONG HILL RD AT TANGLEWOOD DR,njt_bus,12637,,
LONG HILL RD AT JACOBUS AVE,njt_bus,12638,,
LONG HILL RD AT HILLCREST DR,njt_bus,12639,,
E MAIN ST AT BROWERTOWN RD,njt_bus,12640,,
MAIN ST AT RT-23,njt_bus,12641,,Willowbrook
MAIN ST AT DEWEY AVE,njt_bus,12642,,Willowbrook
MAIN ST AT SOUTH GREY ROCK AVE,njt_bus,12643,,Willowbrook
MAIN ST AT BROOKSIDE AVE,njt_bus,12644,,Willowbrook
MAIN ST AT MONTCLAIR AVE,njt_bus,12645,,Willowbrook
MAIN ST AT SHADY LANE,njt_bus,12646,,Willowbrook
MAIN ST AT CENTER AVE,njt_bus,12647,,Willowbrook
MAIN ST AT MAPLE ST,njt_bus,12648,,
MAIN ST AT CENTER AVE,njt_bus,12649,,Newark
MAIN ST AT SHADY LANE,njt_bus,12650,,Newark
MAIN ST AT MONTCLAIR AVE,njt_bus,12651,,Newark
MAIN ST AT WOODSIDE AVE,njt_bus,12652,,Newark
MAIN ST AT WEST END AVE,njt_bus,12653,,Newark
MAIN ST AT ZELIFF AVE,njt_bus,12654,,Newark
MAIN ST AT RT-23,njt_bus,12655,,Newark
MAPLE ST AT PATERSON AVE,njt_bus,12656,,Paterson
MAPLE ST AT MAIN ST,njt_bus,12657,,Willowbrook Mall
NOTCH RD AT LONG HILL RD,njt_bus,12658,,
NOTCH RD AT RUSTIC RIDGE RD,njt_bus,12659,,
NOTCH RD AT RUSTIC RIDGE RD,njt_bus,12660,,
LONG HILL RD AT TANGLEWOOD DR,njt_bus,12661,,
PATERSON AVE AT CHERYL CT,njt_bus,12662,,Paterson
PATERSON AVE AT SINDLE AVE,njt_bus,12663,,Paterson
PATERSON AVE AT JACKSON AVE,njt_bus,12664,,Paterson
PATERSON AVE AT MADISON AVE,njt_bus,12665,,Paterson
PATERSON AVE AT MADISON AVE,njt_bus,12666,,Willowbrook Mall
PATERSON AVE AT JACKSON AVE,njt_bus,12667,,Willowbrook Mall
PATERSON AVE AT CARDINAL DR,njt_bus,12668,,Willowbrook Mall
PATERSON AVE AT CHERYL CT,njt_bus,12669,,Willowbrook Mall
RIDGE RD AT FRANCISCO AVE,njt_bus,12670,,
RIDGE RD AT FRANCISCO AVE,njt_bus,12671,,
RT-23 AT THIRD ST,njt_bus,12672,,
RT-23 AT MAIN ST,njt_bus,12673,,
RT-23 AT MAIN ST,njt_bus,12674,,Willowbrook
RT-23 AT GRAY ST,njt_bus,12675,,
RT-23 AT WEAVER ST,njt_bus,12676,,
STEVENS AVE AT CRANE ST,njt_bus,12677,,Newark
STEVENS AVE AT STANLEY ST,njt_bus,12678,,Newark
STEVENS AVE AT WARREN ST,njt_bus,12679,,Willowbrook
STEVENS AVE 200'S OF CRANE ST,njt_bus,12680,,Willowbrook
LONG HILL RD AT GLENROCK RD#,njt_bus,12681,,Passaic
LONG HILL RD AT GLENROCK RD#,njt_bus,12682,,Willowbrook Mall
BROADWAY AT BROOK AVE,njt_bus,12683,,
BROADWAY AT VAN HOUTEN AVE,njt_bus,12684,,
BROADWAY AT PAULISON AVE,njt_bus,12685,,
BROADWAY AT GREGORY AVE,njt_bus,12686,,
BROADWAY AT GROVE ST,njt_bus,12687,,
BROADWAY AT GREGORY AVE,njt_bus,12688,,
BROADWAY AT PAULISON AVE,njt_bus,12689,,
BROADWAY AT BOULEVARD,njt_bus,12690,,
BROADWAY AT VAN HOUTEN AVE,njt_bus,12691,,
BROADWAY AT DAWSON AVE,njt_bus,12692,,
DAYTON AVE 295' N OF MONROE ST.,njt_bus,12693,,Passaic
DAYTON AVE 314' N OF SHERMAN ST.,njt_bus,12694,,Passaic
DAYTON AVE AT PRESIDENT ST,njt_bus,12695,,Paterson
DAYTON AVE 314' S OF PRESIDENT ST.,njt_bus,12696,,Paterson
DAYTON AVE AT SHERMAN ST,njt_bus,12697,,Paterson
DAYTON AVE AT MONROE ST,njt_bus,12698,,Paterson
HOOVER AVE AT MADISON ST,njt_bus,12699,,Paterson
HOOVER AVE AT WASHINGTON PL,njt_bus,12700,,Passaic
LEXINGTON AVE AT JACKSON ST,njt_bus,12701,,
LEXINGTON AVE AT HARRISON ST,njt_bus,12702,,
LEXINGTON AVE AT SUMMER ST,njt_bus,12703,,
LEXINGTON AVE AT HARRISON ST,njt_bus,12704,,
LEXINGTON AVE AT JACKSON ST,njt_bus,12705,,
MAIN AVE AT BROOK AVE,njt_bus,12706,,
MAIN AVE AT MASS CT,njt_bus,12707,,
MAIN AVE AT UNION AVE,njt_bus,12708,,
MAIN AVE AT CARLTON PL,njt_bus,12709,,
MAIN AVE AT AYCRIGG AVE,njt_bus,12710,,
MAIN AVE AT PAULISON AVE,njt_bus,12711,,
MAIN AVE AT GREGORY AVE,njt_bus,12712,,
MAIN AVE AT PROSPECT ST,njt_bus,12713,,
MAIN AVE AT WASHINGTON PL,njt_bus,12714,,
MAIN AVE TERMINAL,njt_bus,12715,,
MAIN AVE AT MONROE ST,njt_bus,12716,,
MAIN AVE AT CHESTNUT ST,njt_bus,12717,,
MAIN AVE AT HARRISON ST,njt_bus,12718,,
MAIN AVE AT SUMMER ST,njt_bus,12719,,
MAIN AVE AT BURGESS PL,njt_bus,12720,,
MAIN AVE AT BURGESS PL,njt_bus,12721,,
MAIN AVE AT SUMMER ST,njt_bus,12722,,
MAIN AVE AT HARRISON ST,njt_bus,12723,,
MAIN AVE AT CHESTNUT ST,njt_bus,12724,,
MAIN AVE AT MONROE ST,njt_bus,12725,,
MAIN AVE AT HENRY ST,njt_bus,12726,,
MAIN AVE AT PROSPECT ST,njt_bus,12727,,
MAIN AVE AT BROADWAY,njt_bus,12728,,
MAIN AVE AT PASSAIC AVE,njt_bus,12729,,
MAIN AVE AT PARK PL,njt_bus,12730,,
MAIN AVE AT HIGH ST,njt_bus,12731,,
MAIN AVE AT PAULISON AVE,njt_bus,12732,,
MAIN AVE AT TEMPLE PL,njt_bus,12733,,
MAIN AVE AT AYCRIGG AVE,njt_bus,12734,,
MAIN AVE AT CARLTON PL,njt_bus,12735,,
MAIN AVE AT BOND ST,njt_bus,12736,,
MAIN AVE AT TENNYSON PL,njt_bus,12737,,
MAIN AVE AT BROOK AVE,njt_bus,12738,,
MARKET ST AT MERCER ST,njt_bus,12739,,Paramus
MARKET ST AT MERCER ST,njt_bus,12740,,Paterson
MONROE ST AT HAMILTON AVE,njt_bus,12741,,Passaic
MONROE ST AT HOPE AVE,njt_bus,12742,,Passaic
MONROE ST AT PARKER AVE,njt_bus,12743,,Passaic
MONROE ST AT MARKET ST,njt_bus,12744,,Paterson
MONROE ST AT 4TH ST,njt_bus,12745,,Paterson
MONROE ST AT 4TH ST,njt_bus,12746,,Elmwood Park
MONROE ST AT MARKET ST,njt_bus,12747,,Paramus
MONROE ST AT PARKER AVE,njt_bus,12748,,Paterson
MONROE ST AT HOPE AVE,njt_bus,12749,,Paterson
MONROE ST AT HOOVER AVE,njt_bus,12750,,Paterson
PASSAIC AVE AT ASCENSION PL,njt_bus,12751,,
PASSAIC AVE AT AYCRIGG AVE,njt_bus,12752,,
PASSAIC AVE AT PAULISON AVE,njt_bus,12753,,
PASSAIC AVE AT GREGORY AVE,njt_bus,12754,,
PASSAIC AVE AT GROVE ST,njt_bus,12755,,
PASSAIC AVE AT GROVE ST,njt_bus,12756,,
PASSAIC AVE AT PAULISON AVE,njt_bus,12757,,
PASSAIC AVE AT PAULISON AVE,njt_bus,12758,,
PASSAIC AVE AT AYCRIGG AVE,njt_bus,12759,,
PASSAIC AVE AT ASCENSION PL,njt_bus,12760,,
PASSAIC ST AT STATE ST,njt_bus,12761,,
PASSAIC ST AT COLUMBIA AVE,njt_bus,12762,,
PASSAIC ST AT MARKET ST,njt_bus,12763,,
PASSAIC ST AT 4TH ST,njt_bus,12764,,
PASSAIC ST AT MARKET ST,njt_bus,12765,,
PASSAIC ST AT COLUMBIA AVE,njt_bus,12766,,
PASSAIC ST AT MAIN AVE,njt_bus,12767,,
PAULISON AVE AT PEACH ST,njt_bus,12768,,Paramus
PAULISON AVE AT PEACH ST,njt_bus,12769,,Paterson
PAULISON AVE AT BROADWAY,njt_bus,12770,,Paterson
PROSPECT ST AT BROADWAY,njt_bus,12771,,
RIVER DR AT UNION AVE,njt_bus,12772,,
VAN HOUTEN AVE AT RIVER DR,njt_bus,12773,,
VAN HOUTEN AVE AT MAIN AVE,njt_bus,12774,,
VAN HOUTEN AVE AT PENNINGTON AVE,njt_bus,12775,,
VAN HOUTEN AVE AT BARRY PL,njt_bus,12776,,
VAN HOUTEN AVE AT BROADWAY,njt_bus,12777,,Elmwood Park
VAN HOUTEN AVE AT ALFRED ST,njt_bus,12778,,Elmwood Park
VAN HOUTEN AVE AT WESLEY ST,njt_bus,12779,,Paterson
VAN HOUTEN AVE AT BROADWAY,njt_bus,12780,,Paterson
VAN HOUTEN AVE AT BARRY PL,njt_bus,12781,,
VAN HOUTEN AVE AT MAIN AVE,njt_bus,12782,,
VAN HOUTEN AVE AT RIVER DR,njt_bus,12783,,
WALL ST AT 8TH ST,njt_bus,12784,,
WALL ST AT 8TH ST,njt_bus,12785,,
WALL ST AT PASSAIC ST,njt_bus,12786,,
WASHINGTON PL AT MAIN AVE,njt_bus,12787,,
WASHINGTON PL AT WILLIAM ST,njt_bus,12788,,
LEXINGTON AVE AT SHERMAN ST#,njt_bus,12789,,
LEXINGTON AVE AT SHERMAN ST#,njt_bus,12790,,Willowbrook Mall
BROADWAY AT PARKVIEW PL#,njt_bus,12791,,
BROADWAY AT PARKVIEW PL#,njt_bus,12792,,
BOTANY VILLAGE#,njt_bus,12793,,Passaic
VAN HOUTEN AVE AT ALBION ST#,njt_bus,12794,,Paterson
CROOKS AVE AT LAKEVIEW AVE,njt_bus,12862,,
CROOKS AVE AT TRENTON AVE,njt_bus,12863,,
HAZEL ST AT KNICKERBOCKER AVE,njt_bus,12892,,Paramus
HAZEL ST AT BUFFALO AVE,njt_bus,12893,,Paramus
HAZEL ST AT GOULD AVE,njt_bus,12894,,Paramus
HAZEL ST AT MONTCLAIR AVE,njt_bus,12895,,Paramus
HAZEL ST AT BLOOMFIELD AVE,njt_bus,12896,,Paramus
LAKEVIEW AVE AT DUNDEE AVE,njt_bus,12901,,Passaic
LAKEVIEW AVE AT DELAWARE AVE,njt_bus,12902,,Passaic
LAKEVIEW AVE AT ILLINOIS AVE,njt_bus,12903,,Passaic
LAKEVIEW AVE AT ILLINOIS AVE,njt_bus,12906,,Paterson
LAKEVIEW AVE AT DELAWARE AVE,njt_bus,12907,,Paterson
LEVINE ST AT PACIFIC ST,njt_bus,12908,,
LEVINE ST AT PACIFIC ST,njt_bus,12911,,
MAIN ST AT MICHIGAN AVE,njt_bus,12912,,
MAIN ST AT GOULD AVE,njt_bus,12913,,
MAIN ST AT THOMAS ST,njt_bus,12914,,
MAIN ST AT BLOOMFIELD AVE,njt_bus,12915,,
MAIN ST AT MADISON AVE,njt_bus,12916,,
MAIN ST AT NEWARK AVE,njt_bus,12931,,
MAIN ST AT BLOOMFIELD AVE,njt_bus,12932,,
MAIN ST AT MONTCLAIR AVE,njt_bus,12933,,
MAIN ST AT GOULD AVE,njt_bus,12934,,
MAIN ST AT DEY ST,njt_bus,12935,,
MARSHALL ST AT PAXTON ST,njt_bus,12987,,
MARSHALL ST AT DAKOTA ST,njt_bus,12988,,
TRENTON AVE AT DUNDEE AVE,njt_bus,13035,,
TRENTON AVE AT FLORIDA AVE,njt_bus,13036,,
TRENTON AVE AT FLORIDA AVE,njt_bus,13042,,
TRENTON AVE AT DELAWARE AVE,njt_bus,13043,,
TRENTON AVE AT DUNDEE AVE,njt_bus,13044,,
TRENTON AVE AT CROOKS AVE,njt_bus,13045,,
GETTY AVE AT MADISON AVE#,njt_bus,13088,,Paterson
GETTY AVE AT THOMAS ST#,njt_bus,13089,,Paterson
GETTY AVE AT MICHIGAN AVE#,njt_bus,13090,,Paterson
GETTY AVE AT CROOKS AVE#,njt_bus,13091,,Paterson
GETTY AVE AT CROOKS AVE#,njt_bus,13092,,Paramus Park
GETTY AVE AT MICHIGAN AVE#,njt_bus,13093,,Paramus Park
GETTY AVE AT THOMAS ST#,njt_bus,13094,,Paramus Park
GETTY AVE AT MADISON AVE#,njt_bus,13095,,Paramus Park
CROOKS AVE AT MAIN AVE#,njt_bus,13100,,Paramus Park
FURLER ST AT MINNISINK RD,njt_bus,13142,,
FURLER ST 1056' W OF UNION BLVD,njt_bus,13143,,
FURLER ST AT UNION BLVD,njt_bus,13144,,
FURLER ST AT UNION BLVD,njt_bus,13145,,
FURLER ST AT MINNISINK RD,njt_bus,13146,,
RIVERVIEW DR AT RT 46,njt_bus,13153,,
RIVERVIEW DR AT RT 46,njt_bus,13154,,
US-46 405' W of RIVERVIEW DR,njt_bus,13157,,
UNION BLVD 320'S OF WILSON AVE,njt_bus,13168,,
UNION BLVD 320'S OF WILSON AVE,njt_bus,13182,,
NORTH LEG 207'N OF WILLOWBROOK BLVD,njt_bus,13268,,Willowbrook
NORTH LEG 140'N OF WILLOWBROOK BLVD,njt_bus,13269,,Newark
US-46 SERVICE RD AT OVERPASS BRIDGE,njt_bus,13382,,
WILLOWBROOK PARK & RIDE,njt_bus,13386,,
WILLOWBROOK MALL SHOPPERS STOP,njt_bus,13387,,
WILLOWBROOK MALL SHOPPERS STOP,njt_bus,13388,,
WILLOWBROOK MALL SHOPPERS STOP,njt_bus,13389,,
BROWERTOWN RD AT BRIARWOOD CT,njt_bus,13433,,Paterson
BROWERTOWN RD AT LACKAWANNA AVE,njt_bus,13434,,Paterson
BROWERTOWN RD AT LACKAWANNA AVE,njt_bus,13435,,Willowbrook Mall
MCBRIDE AVE AT LACKAWANNA AVE,njt_bus,13436,,Paterson
MCBRIDE AVE AT RYLE PARK AVE,njt_bus,13437,,Paterson
MCBRIDE AVE AT DOWLING PKWY,njt_bus,13438,,Paterson
MCBRIDE AVE AT ROSE PL,njt_bus,13439,,Paterson
MCBRIDE AVE AT WHIPPANY AVE,njt_bus,13445,,Willowbrook Mall
MCBRIDE AVE 200' S OF BERGEN BLVD,njt_bus,13446,,Willowbrook Mall
MCBRIDE AVE AT HUGHES PL,njt_bus,13447,,Willowbrook Mall
MCBRIDE AVE AT LACKAWANNA AVE,njt_bus,13448,,Willowbrook Mall
MCBRIDE AVE 75' S OF ROSE PL/NESSER LN#,njt_bus,13449,,Willowbrook Mall
RARITAN RD AT JAMES AVE,njt_bus,13713,,New York
NORTH AVE AT FOREST ST,njt_bus,13728,,New York
NORTH AVE 250' W OF JOHN ST.,njt_bus,13729,,New York
NORTH AVE AT JOHN ST,njt_bus,13730,,Dunellen
NORTH AVE AT FOREST ST,njt_bus,13731,,Dunellen
SOUTH AVE AT LINCOLN AVE. EAST,njt_bus,13737,,Newark
SOUTH AVE AT LINCOLN AVE. EAST,njt_bus,13738,,Plainfield
COMMERCE DR AT JACKSON DR. SOUTH,njt_bus,13742,,Winfield
COMMERCE DR AT MOEN AVE,njt_bus,13743,,Winfield
COMMERCE DR AT JACKSON DR. NORTH,njt_bus,13744,,Winfield
COMMERCE DR AT MYRTLE ST,njt_bus,13745,,Winfield
COMMERCE DR AT MYRTLE ST,njt_bus,13746,,Elizabeth
COMMERCE DR AT JACKSON DR. NORTH,njt_bus,13747,,Elizabeth
COMMERCE DR AT MOEN AVE,njt_bus,13748,,Elizabeth
COMMERCE DR AT JACKSON DR. SOUTH,njt_bus,13749,,Elizabeth
RARITAN RD AT MOEN AVE,njt_bus,13750,,Clark
RARITAN RD AT COLEMAN AVE,njt_bus,13751,,Clark
RARITAN RD AT MOHAWK DR,njt_bus,13752,,Clark
RARITAN RD AT ORATON DR,njt_bus,13753,,Clark
ANNA ST AT DIVISION ST,njt_bus,13756,,Elizabeth
ANNA ST AT DIVISION ST,njt_bus,13757,,Newark
ANNA ST AT HENRY ST,njt_bus,13758,,Newark
BAYWAY AVE AT TRENTON AVE,njt_bus,13759,,Elizabeth
BAYWAY AVE AT MCKINLEY ST,njt_bus,13760,,Rahway
BAYWAY AVE AT POLONIA AVE,njt_bus,13761,,Rahway
BAYWAY AVE AT CLARKSON AVE,njt_bus,13762,,Rahway
BAYWAY AVE AT MAPLE AVE,njt_bus,13763,,Rahway
BAYWAY AVE AT BONNETT ST,njt_bus,13764,,Rahway
BAYWAY AVE AT GRIER AVE,njt_bus,13765,,Rahway
BAYWAY AVE AT GRIER AVE,njt_bus,13766,,New York
BAYWAY AVE AT BONNETT ST,njt_bus,13767,,New York
BAYWAY AVE AT OGDEN ST,njt_bus,13768,,New York
BAYWAY AVE AT CLARKSON AVE,njt_bus,13769,,New York
BAYWAY AVE AT MCKINLEY ST,njt_bus,13770,,New York
BOND ST AT HENRY ST,njt_bus,13771,,Elizabeth
BOND ST AT HENRY ST,njt_bus,13772,,Newark
BROAD ST AT ELIZABETH AVE,njt_bus,13773,,
BROAD ST AT CALDWELL PL,njt_bus,13774,,
BROAD ST AT JERSEY ST,njt_bus,13775,,
ELIZABETH ARCH,njt_bus,13776,,
BROAD ST AT WESTFIELD AVE,njt_bus,13777,,
BROAD ST AT JERSEY ST,njt_bus,13778,,Plainfield
BROAD ST AT JERSEY ST,njt_bus,13779,,
BROAD ST AT DICKINSON ST,njt_bus,13780,,
ARNETT ST AT CLIFTON ST,njt_bus,13781,,Kenilworth
CLARKSON AVE AT CARTERET ST,njt_bus,13782,,Elizabeth
DIVISION ST AT JULIA ST,njt_bus,13783,,Elizabeth
DIVISION ST AT FAIRMOUNT AVE,njt_bus,13784,,Elizabeth
DIVISION ST 250' S OF DOWD AVE,njt_bus,13785,,Elizabeth
DIVISION ST 300' S OF DOWD AVE,njt_bus,13786,,Newark
DIVISION ST AT FAIRMOUNT AVE,njt_bus,13787,,Newark
DIVISION ST AT JULIA ST,njt_bus,13788,,Newark
E JERSEY ST AT BROAD ST,njt_bus,13789,,Elizabeth
E JERSEY ST AT JEFFERSON AVE,njt_bus,13790,,Elizabeth
E JERSEY ST AT EAST SCOTT PL,njt_bus,13791,,Elizabeth
E JERSEY ST AT CATHERINE ST,njt_bus,13792,,Elizabeth
E JERSEY ST AT SPRING ST,njt_bus,13793,,
E JERSEY ST AT REID ST,njt_bus,13794,,
E JERSEY ST AT SMITH ST,njt_bus,13795,,
E JERSEY ST AT DIVISION ST,njt_bus,13796,,
E JERSEY ST AT 7TH ST,njt_bus,13797,,
E JERSEY ST AT NEW POINT RD,njt_bus,13798,,
E JERSEY ST AT 6TH ST,njt_bus,13799,,
E JERSEY ST AT 5TH ST,njt_bus,13800,,
E JERSEY ST AT 4TH ST,njt_bus,13801,,
3RD ST AT E JERSEY ST,njt_bus,13802,,
E JERSEY ST AT 4TH ST,njt_bus,13803,,
E JERSEY ST AT 5TH ST,njt_bus,13804,,
E JERSEY ST AT 6TH ST,njt_bus,13805,,
E JERSEY ST AT NEW POINT RD,njt_bus,13806,,
E JERSEY ST AT 7TH ST,njt_bus,13807,,
E JERSEY ST AT DIVISION ST,njt_bus,13808,,
E JERSEY ST AT SMITH ST,njt_bus,13809,,
E JERSEY ST AT JAQUES ST,njt_bus,13810,,
E JERSEY ST AT US-1 & 9,njt_bus,13811,,Newark
E JERSEY ST AT CATHERINE ST,njt_bus,13812,,Newark
E JERSEY ST AT MADISON AVE,njt_bus,13813,,Newark
E JERSEY ST AT JEFFERSON AVE,njt_bus,13814,,Newark
EDGAR RD AT GIBBONS CT,njt_bus,13815,,
EDGAR RD AT GARDEN ST,njt_bus,13816,,
EDGAR RD AT LIDGERWOOD AVE,njt_bus,13817,,
EDGAR RD AT GARDEN ST,njt_bus,13818,,Elizabeth
EDGAR RD AT SOUTH ELMORA AVE,njt_bus,13819,,Elizabeth
EDGAR RD AT KENNETH AVE,njt_bus,13820,,Elizabeth
ELMORA AVE AT LIVINGSTON RD,njt_bus,13821,,New York
ELMORA AVE AT MAGIE AVE,njt_bus,13822,,New York
ELMORA AVE AT BAILEY AVE,njt_bus,13823,,New York
ELMORA AVE AT MAGIE AVE,njt_bus,13824,,Dunellen
ELMORA AVE AT LIVINGSTON RD,njt_bus,13825,,Dunellen
ELIZABETH AVE AT SOUTH BROAD ST,njt_bus,13826,,
ELIZABETH AVE AT JEFFERSON AVE,njt_bus,13827,,
ELIZABETH AVE AT BRIDGE ST,njt_bus,13828,,
ELIZABETH AVE AT PROSPECT ST,njt_bus,13829,,
ELIZABETH AVE AT SOUTH ST,njt_bus,13830,,
ELIZABETH AVE AT HIGH ST,njt_bus,13831,,
ELIZABETH AVE AT 6TH ST,njt_bus,13832,,
ELIZABETH AVE AT 5TH ST,njt_bus,13833,,
ELIZABETH AVE AT 4TH ST,njt_bus,13834,,
ELIZABETH AVE AT 3RD ST,njt_bus,13835,,
ELIZABETH AVE AT FLORIDA ST,njt_bus,13836,,
ELIZABETH AVE AT 2ND ST,njt_bus,13837,,
ELIZABETH AVE AT 1ST ST,njt_bus,13838,,
ELIZABETH AVE AT 2ND ST,njt_bus,13839,,
ELIZABETH AVE AT 3RD ST,njt_bus,13840,,
ELIZABETH AVE AT 4TH ST,njt_bus,13841,,
ELIZABETH AVE AT 5TH ST,njt_bus,13842,,
ELIZABETH AVE AT 6TH ST,njt_bus,13843,,
ELIZABETH AVE AT HIGH ST,njt_bus,13844,,
ELIZABETH AVE AT JAQUES ST,njt_bus,13845,,
ELIZABETH AVE AT S. SPRING ST,njt_bus,13846,,
ELIZABETH AVE AT CATHERINE ST,njt_bus,13847,,
ELIZABETH AVE AT JEFFERSON AVE,njt_bus,13848,,
FAIRMOUNT AVE AT PENNSYLVANIA AVE,njt_bus,13849,,New York
FAIRMOUNT AVE AT JEFFERSON AVE,njt_bus,13850,,New York
FAIRMOUNT AVE AT JEFFERSON AVE,njt_bus,13851,,Clark
FAIRMOUNT AVE AT PENNSYLVANIA AVE,njt_bus,13852,,Clark
ELIZABETH AVE AT 1ST ST,njt_bus,13853,,
1ST ST AT FRANKLIN ST,njt_bus,13854,,
1ST ST AT EAST JERSEY ST,njt_bus,13855,,
1ST ST AT BROADWAY,njt_bus,13856,,
1ST ST AT MAGNOLIA AVE,njt_bus,13857,,
1ST ST AT PINE ST,njt_bus,13858,,
1ST ST AT CLARK PL,njt_bus,13859,,
1ST ST AT RIPLEY PL,njt_bus,13860,,
1ST ST AT RIPLEY PL,njt_bus,13861,,
1ST ST AT CLARK PL,njt_bus,13862,,
1ST ST AT PINE ST,njt_bus,13863,,
1ST ST AT MAGNOLIA AVE,njt_bus,13864,,
1ST ST AT BROADWAY,njt_bus,13865,,
1ST ST AT EAST JERSEY ST,njt_bus,13866,,
1ST ST AT FRANKLIN ST,njt_bus,13867,,
HENRY ST AT ANNA ST,njt_bus,13868,,Elizabeth
JERSEY AVE AT STANDISH ST,njt_bus,13869,,Newark
JERSEY AVE AT ACME ST,njt_bus,13870,,Newark
JERSEY AVE AT ELMORA AVE,njt_bus,13871,,Newark
JERSEY AVE AT GROVE ST,njt_bus,13872,,Newark
JERSEY AVE AT GROVE ST,njt_bus,13873,,Plainfield
JERSEY AVE AT ELMORA AVE,njt_bus,13874,,Plainfield
JERSEY AVE AT BELLEVUE ST,njt_bus,13875,,Plainfield
JERSEY AVE AT STANDISH ST,njt_bus,13876,,Plainfield
LIDGERWOOD AVE AT SPOFFORD AVE,njt_bus,13877,,
LIDGERWOOD AVE AT SOUTH ELMORA AVE,njt_bus,13878,,
LIDGERWOOD AVE AT STEWART PL,njt_bus,13879,,
LIDGERWOOD AVE AT ROSEHILL PL,njt_bus,13880,,
LIDGERWOOD AVE AT SPOFFORD AVE,njt_bus,13881,,
MADISON AVE AT LOUISA ST,njt_bus,13882,,New York
MADISON AVE AT NORTH AVE,njt_bus,13883,,Clark
MADISON AVE AT LOUISA ST,njt_bus,13884,,Clark
MAGIE AVE AT BROWNING/SHEARER,njt_bus,13885,,
MAGIE AVE AT SHELLEY AVE,njt_bus,13886,,
MAGIE AVE AT HALSTEAD RD,njt_bus,13887,,
MAGIE AVE AT SUMMIT RD,njt_bus,13888,,
MAGIE AVE AT PRINCETON RD,njt_bus,13889,,
MAGIE AVE AT SPRINGFIELD RD,njt_bus,13890,,
MAGIE AVE AT ELMORA AVE,njt_bus,13891,,
MAGIE AVE AT STILES ST,njt_bus,13892,,
MAGIE AVE AT STILES ST,njt_bus,13893,,
MAGIE AVE AT ELMORA AVE,njt_bus,13894,,
MAGIE AVE AT SPRINGFIELD RD,njt_bus,13895,,
MAGIE AVE AT VERONA AVE,njt_bus,13896,,
MORRIS AVE AT UNION AVE,njt_bus,13897,,Irvington
MORRIS AVE AT IRVINGTON AVE,njt_bus,13898,,Irvington
MORRIS AVE AT STILES ST,njt_bus,13899,,Irvington
MORRIS AVE AT CHERRY ST,njt_bus,13900,,Irvington
MORRIS AVE AT CHERRY ST,njt_bus,13901,,Elizabeth
MORRIS AVE AT STILES ST,njt_bus,13902,,Elizabeth
MORRIS AVE AT ORCHARD ST,njt_bus,13903,,Elizabeth
MORRIS AVE AT WESTFIELD AVE,njt_bus,13904,,Kenilworth
NEWARK AVE AT FAIRMOUNT AVE,njt_bus,13905,,
NEWARK AVE AT WAVERLY PL,njt_bus,13906,,
NEWARK AVE AT NORTH AVE,njt_bus,13907,,
NEWARK AVE AT DURANT ST,njt_bus,13908,,
NEWARK AVE AT ALINA ST,njt_bus,13909,,
NEWARK AVE AT ALINA ST,njt_bus,13910,,
NEWARK AVE AT DURANT ST,njt_bus,13911,,
NEWARK AVE AT NORTH AVE,njt_bus,13912,,
NEWARK AVE AT WAVERLY PL,njt_bus,13913,,
NEWARK AVE AT FAIRMOUNT AVE,njt_bus,13914,,
NORTH AVE AT MELROSE TER,njt_bus,13915,,New York
NORTH AVE AT DECKER AVE,njt_bus,13916,,New York
NORTH AVE AT N BROAD ST,njt_bus,13917,,New York
NORTH AVE AT MONROE AVE,njt_bus,13918,,New York
NORTH AVE AT VAN BUREN AVE,njt_bus,13919,,New York
NORTH & DOWD AVES,njt_bus,13920,,New York
NORTH & DOWD AVES,njt_bus,13921,,Clark
NORTH AVE AT VAN BUREN AVE,njt_bus,13922,,Clark
NORTH AVE AT MONROE AVE,njt_bus,13923,,Clark
NORTH AVE AT NEWARK AVE,njt_bus,13924,,Clark
NORTH AVE AT CROSS AVE,njt_bus,13925,,Clark
NORTH AVE 180'E OF SALEM AVE,njt_bus,13926,,Dunellen
NORTH AVE AT EMERSON AVE,njt_bus,13927,,Dunellen
NORTH BROAD ST AT CHESTNUT ST,njt_bus,13928,,
NORTH BROAD ST AT MAGNOLIA AVE,njt_bus,13929,,
NORTH BROAD ST AT MARY ST,njt_bus,13930,,
NORTH BROAD ST AT FAIRMOUNT AVE,njt_bus,13931,,Newark
NORTH BROAD ST AT WAVERLY PL,njt_bus,13932,,Newark
NORTH BROAD ST AT NORTH AVE,njt_bus,13933,,Newark
NORTH BROAD ST AT COUNTRY CLUB LANE,njt_bus,13934,,Newark
NORTH BROAD ST AT KING ST,njt_bus,13935,,Newark
NORTH BROAD ST AT CONCORD PL,njt_bus,13936,,Newark
NORTH BROAD ST AT KING ST,njt_bus,13937,,Plainfield
NORTH BROAD ST AT WILDER ST,njt_bus,13938,,Plainfield
N BROAD ST AT NORTH AVE,njt_bus,13939,,Plainfield
NORTH BROAD ST AT DEWITT RD,njt_bus,13940,,Plainfield
NORTH BROAD ST AT SALEM AVE,njt_bus,13941,,Plainfield
NORTH BROAD ST AT PARKER RD,njt_bus,13942,,
NORTH BROAD ST AT PRINCE ST,njt_bus,13943,,
PEARL ST AT WASHINGTON AVE,njt_bus,13944,,
RAHWAY AVE AT SEIB AVE,njt_bus,13945,,
RAHWAY AVE AT ELMORA AVE,njt_bus,13946,,
RAHWAY AVE AT DEWEY PL,njt_bus,13947,,
RAHWAY AVE AT GROVE ST,njt_bus,13948,,
RAHWAY AVE AT SOUTH ST,njt_bus,13949,,
RAHWAY AVE AT BROAD ST,njt_bus,13950,,
RAHWAY AVE AT CHERRY ST,njt_bus,13951,,
RAHWAY AVE AT CHILTON ST,njt_bus,13952,,
RAHWAY AVE AT DE HART PL,njt_bus,13953,,
RAHWAY AVE AT GROVE ST,njt_bus,13954,,
RAHWAY AVE AT CLOVER ST,njt_bus,13955,,
RAHWAY AVE AT S ELMORA AVE,njt_bus,13956,,
RAHWAY AVE AT BELLEVUE ST,njt_bus,13957,,
US-1 & 9 AT EAST JERSEY ST,njt_bus,13958,,Elizabeth
US-1 & 9 AT WILLIAM ST,njt_bus,13959,,Elizabeth
US-1 & 9 AT ANNA ST,njt_bus,13960,,Elizabeth
US-1 & 9 AT OLIVE ST,njt_bus,13961,,Elizabeth
US-1 & 9 200'S OF FAIRMOUNT AVE,njt_bus,13962,,Elizabeth
US-1 & 9 AT NORTH AVE,njt_bus,13963,,Elizabeth
US-1 & 9 AT NECK LN,njt_bus,13964,,Newark
US-1 & 9 AT NORTH AVE,njt_bus,13965,,Newark
US-1 & 9 AT FAIRMOUNT AVE,njt_bus,13966,,Newark
US-1 & 9 AT JULIA ST,njt_bus,13967,,Newark
US-1 & 9 AT OLIVE ST,njt_bus,13968,,Newark
US-1 & 9 AT ANNA ST,njt_bus,13969,,Newark
US-1 & 9 AT LAFAYETTE ST,njt_bus,13970,,Newark
S BROAD ST AT BAYWAY AVE,njt_bus,13971,,Elizabeth
SOUTH BROAD ST AT SUMMER ST,njt_bus,13972,,Elizabeth
SOUTH BROAD ST AT GARDEN ST,njt_bus,13973,,Elizabeth
SOUTH BROAD ST AT GROVE ST,njt_bus,13974,,Elizabeth
SOUTH BROAD ST AT SOUTH ST,njt_bus,13975,,Elizabeth
S BROAD ST AT PEARL ST,njt_bus,13976,,Elizabeth
S BROAD ST AT PEARL ST,njt_bus,13977,,
SOUTH BROAD ST AT RAHWAY AVE,njt_bus,13978,,Kenilworth
S BROAD ST AT PEARL ST,njt_bus,13979,,Kenilworth
SOUTH BROAD ST AT SOUTH ST,njt_bus,13980,,Kenilworth
SOUTH BROAD ST AT GROVE ST,njt_bus,13981,,Kenilworth
SOUTH BROAD ST AT GARDEN ST,njt_bus,13982,,Kenilworth
SOUTH BROAD ST AT SUMMER ST,njt_bus,13983,,Kenilworth
S BROAD ST AT BAYWAY AVE,njt_bus,13984,,Kenilworth
SOUTH ELMORA AVE AT LIDGERWOOD AVE,njt_bus,13985,,Rahway
SOUTH ELMORA AVE AT ERICO AVE,njt_bus,13986,,Rahway
SOUTH ELMORA AVE AT FAY AVE,njt_bus,13987,,Rahway
SOUTH ELMORA AVE AT CEDAR AVE,njt_bus,13988,,Rahway
S ELMORA AVE AT RAHWAY AVE,njt_bus,13989,,New York
SOUTH ELMORA AVE AT CEDAR AVE,njt_bus,13990,,New York
SOUTH ELMORA AVE AT FAY AVE,njt_bus,13991,,New York
SOUTH ELMORA AVE AT ERICO AVE,njt_bus,13992,,New York
SOUTH ELMORA AVE AT LIDGERWOOD AVE,njt_bus,13993,,New York
3RD ST AT E JERSEY ST,njt_bus,13994,,
3RD ST AT BROADWAY,njt_bus,13995,,
3RD ST AT COURT ST,njt_bus,13996,,
3RD ST AT PINE ST,njt_bus,13997,,
3RD ST AT RIPLEY PL,njt_bus,13998,,
3RD ST AT RIPLEY PL,njt_bus,13999,,
3RD ST AT PINE ST,njt_bus,14000,,
3RD ST AT COURT ST,njt_bus,14001,,
3RD ST AT BROADWAY,njt_bus,14002,,
TRUMBULL ST AT MONSIGNOR KEMEZIS PL,njt_bus,14003,,
TRUMBULL ST AT 1ST ST,njt_bus,14004,,
TRUMBULL ST AT 1ST ST,njt_bus,14005,,
TRUMBULL ST AT 2ND ST,njt_bus,14006,,
WASHINGTON AVE AT GROVE ST,njt_bus,14007,,
WASHINGTON AVE AT SOUTH ST,njt_bus,14008,,
WASHINGTON AVE AT PEARL ST,njt_bus,14009,,
WASHINGTON AVE AT PEARL ST,njt_bus,14010,,
WASHINGTON AVE AT SOUTH ST,njt_bus,14011,,
WASHINGTON AVE AT GROVE ST,njt_bus,14012,,
WESTFIELD AVE AT CITY LINE,njt_bus,14013,,Kenilworth
WESTFIELD AVE AT COLONIA RD,njt_bus,14014,,Kenilworth
WESTFIELD AVE AT SPRINGFIELD RD,njt_bus,14015,,Kenilworth
WESTFIELD AVE AT ELMORA AVE,njt_bus,14016,,Kenilworth
WESTFIELD AVE AT STILES ST,njt_bus,14017,,Kenilworth
WESTFIELD AVE AT MAGIE AVE,njt_bus,14018,,Kenilworth
WESTFIELD AVE AT CHILTON ST,njt_bus,14019,,Kenilworth
WESTFIELD AVE AT CHERRY ST,njt_bus,14020,,Kenilworth
WESTFIELD AVE AT LOWDEN ST,njt_bus,14021,,Kenilworth
WESTFIELD AVE AT MORRIS AVE,njt_bus,14022,,Elizabeth
WESTFIELD AVE AT LOWDEN ST,njt_bus,14023,,Elizabeth
WESTFIELD AVE AT CHERRY ST,njt_bus,14024,,Elizabeth
WESTFIELD AVE AT CHILTON ST,njt_bus,14025,,Elizabeth
WESTFIELD AVE AT MAGIE AVE,njt_bus,14026,,Elizabeth
WESTFIELD AVE AT STILES ST,njt_bus,14027,,Elizabeth
WESTFIELD AVE AT ELMORA AVE,njt_bus,14028,,Elizabeth
WESTFIELD AVE AT SPRINGFIELD RD,njt_bus,14029,,Elizabeth
WESTFIELD AVE AT COLONIA RD,njt_bus,14030,,Elizabeth
WESTFIELD AVE AT CITY LINE,njt_bus,14031,,Elizabeth
W JERSEY ST AT DE HART PL,njt_bus,14032,,Newark
W JERSEY ST AT CHILTON ST,njt_bus,14033,,Newark
W JERSEY ST AT CHERRY ST,njt_bus,14034,,Newark
W JERSEY ST AT PRICE ST,njt_bus,14035,,Newark
W JERSEY ST AT PRICE ST,njt_bus,14036,,Plainfield
W JERSEY ST AT CHERRY ST,njt_bus,14037,,Plainfield
W JERSEY ST AT CHILTON ST,njt_bus,14038,,Plainfield
W JERSEY ST AT DE HART PL,njt_bus,14039,,Plainfield
IKEA DR 2000'N OF NORTH AVE,njt_bus,14040,,Elizabeth
IKEA DR AT IKEA,njt_bus,14041,,Elizabeth
IKEA DR 200'N OF BIG LOTS STORE,njt_bus,14042,,Elizabeth
CORBIN ST 1000' S OF NORTH FLEET ST.,njt_bus,14043,,Kearny
EARHART DR AT METROPLEX RD,njt_bus,14044,,Elizabeth
EARHART DR AT METROPLEX RD,njt_bus,14045,,Newark
GLIMCHER REALTY WAY AT MARRIOTT,njt_bus,14046,,
GLIMCHER REALTY WAY AT MARRIOTT,njt_bus,14047,,
JERSEY GARDENS - MAIN ENTRANCE,njt_bus,14048,,
JERSEY GARDENS - CINEMA BUS STOP,njt_bus,14049,,
LYLE KING ST 400' W OF MCLESTER ST#,njt_bus,14050,,Kearny
CLIFTON ST AT PULASKI ST#,njt_bus,14051,,Kenilworth
AMBOY AVE AT BAYWAY AVE#,njt_bus,14052,,Kenilworth
BLOY ST AT RUTGERS AVE,njt_bus,14096,,New York
BLOY ST AT MUNDET PL,njt_bus,14097,,Irvington
BLOY ST AT CHAPMAN ST,njt_bus,14098,,Bridgewater
BLOY ST AT RUTGERS AVE,njt_bus,14099,,Dunellen
LONG AVE AT BLOY ST,njt_bus,14100,,New York
LONG AVENUE AT NEW YORK PLACE,njt_bus,14101,,Elizabeth
LONG AVENUE AT NEW YORK PLACE,njt_bus,14102,,Irvington
LONG AVE AT BLOY ST,njt_bus,14103,,Irvington
MAPLE AVE 313' N OF HILLSIDE AVE.,njt_bus,14104,,
MAPLE AVE AT CLARK ST,njt_bus,14105,,
MAPLE AVE AT SUMMER AVE,njt_bus,14106,,
MAPLE AVE AT CONKLIN AVE,njt_bus,14107,,
MAPLE AVE AT CLARK ST,njt_bus,14108,,
MAPLE AVE AT HILLSIDE AVE,njt_bus,14109,,
CHESTNUT AVE AT HILLSIDE AVE,njt_bus,14110,,
CHESTNUT AVE AT RAMSEY AVE,njt_bus,14111,,
CHESTNUT AVE AT RAMSEY AVE,njt_bus,14112,,Elizabeth
HILLSIDE AVE AT BLOY ST,njt_bus,14113,,
HILLSIDE AVE AT FLORENCE AVE,njt_bus,14114,,
HILLSIDE AVE 105' W OF HIAWATHA AVE,njt_bus,14115,,
HILLSIDE AVE AT HIGHLAND AVE,njt_bus,14116,,New York
HILLSIDE AVE AT BOA PL,njt_bus,14117,,New York
HILLSIDE AVE AT MUNN AVE,njt_bus,14118,,New York
HILLSIDE AVE AT MUNN AVE,njt_bus,14119,,Bridgewater
HILLSIDE AVE AT BOA PL,njt_bus,14120,,Bridgewater
HILLSIDE AVE AT HIGHLAND AVE,njt_bus,14121,,Bridgewater
HILLSIDE AVE AT HIAWATHA AVE,njt_bus,14122,,Bridgewater
HILLSIDE AVE AT MONTGOMERY ST,njt_bus,14123,,Elizabeth
HILLSIDE AVE 335' E OF BLOY ST.,njt_bus,14124,,Elizabeth
LIBERTY AVE AT LIVINGSTON RD,njt_bus,14125,,Mountainside
LIBERTY AVE AT FITZPATRICK ST,njt_bus,14126,,Mountainside
LIBERTY AVE AT BLOY ST,njt_bus,14127,,Mountainside
LIBERTY AVE AT MILLARD AVE,njt_bus,14128,,Mountainside
LIBERTY AVE AT LONG AVE,njt_bus,14129,,Mountainside
LIBERTY AVE AT FLORENCE AVE,njt_bus,14130,,New York
LIBERTY AVE AT FLORENCE AVE,njt_bus,14131,,Newark
LIBERTY AVE AT LONG AVE,njt_bus,14132,,Newark
LIBERTY AVE AT RUTGERS AVE,njt_bus,14133,,Newark
LIBERTY AVE AT BLOY ST,njt_bus,14134,,Newark
LIBERTY AVE AT FITZPATRICK ST,njt_bus,14135,,Newark
LIBERTY AVE AT CONANT ST,njt_bus,14136,,Newark
N BROAD ST AT COE AVE,njt_bus,14137,,Newark
N BROAD ST AT HOLLYWOOD AVE,njt_bus,14138,,Newark
N BROAD ST AT MERTZ AVE,njt_bus,14139,,Newark
N BROAD ST AT MERTZ AVE,njt_bus,14140,,Plainfield
N BROAD ST AT RIDGEWAY AVE,njt_bus,14141,,Plainfield
N BROAD ST AT COE AVE,njt_bus,14142,,Plainfield
N BROAD ST AT HURDEN ST,njt_bus,14143,,Plainfield
NORTH AVE AT IRVINGTON AVE,njt_bus,14144,,New York
NORTH AVE AT WESTMINSTER AVE,njt_bus,14145,,New York
NORTH AVE AT WESTMINSTER AVE,njt_bus,14146,,Dunellen
NORTH AVE AT IRVINGTON AVE,njt_bus,14147,,Dunellen
RAMSEY AVE AT BLOY ST,njt_bus,14148,,
US-22 AT BLOY ST,njt_bus,14149,,Somerville
US-22 AT BLOY ST,njt_bus,14150,,Newark
BOULEVARD AT N. 12TH ST,njt_bus,14152,,Kenilworth
BOULEVARD AT COOLIDGE DR,njt_bus,14153,,Kenilworth
KENILWORTH BLVD AT 21ST ST,njt_bus,14154,,Kenilworth
BOULEVARD AT S. 23RD ST,njt_bus,14155,,Kenilworth
BOULEVARD 60' W OF MICHIGAN AVE,njt_bus,14156,,Kenilworth
BOULEVARD AT MICHIGAN AVE,njt_bus,14157,,Elizabeth
BOULEVARD AT N. 23RD ST,njt_bus,14158,,Elizabeth
KENILWORTH BLVD AT 21ST ST,njt_bus,14159,,Elizabeth
BOULEVARD AT N. 19TH ST,njt_bus,14160,,Elizabeth
BOULEVARD AT N. 14TH ST,njt_bus,14161,,Elizabeth
BOULEVARD AT N. 12TH ST,njt_bus,14162,,Elizabeth
MICHIGAN AVE AT LEXINGTON AVE,njt_bus,14165,,Elizabeth
MICHIGAN AVE AT FAIRFIELD AVE,njt_bus,14166,,Elizabeth
MICHIGAN AVE AT VERNON AVE,njt_bus,14167,,Elizabeth
MICHIGAN AVE AT SUMMIT AVE,njt_bus,14168,,Elizabeth
MICHIGAN AVE AT NEWARK AVE,njt_bus,14169,,Elizabeth
MICHIGAN AVE AT CLINTON AVE,njt_bus,14170,,Elizabeth
MICHIGAN AVE AT CLINTON AVE,njt_bus,14171,,Kenilworth
MICHIGAN AVE AT NEWARK AVE,njt_bus,14172,,Kenilworth
MICHIGAN AVE AT TRENTON AVE,njt_bus,14173,,Kenilworth
MICHIGAN AVE AT VERNON AVE,njt_bus,14174,,Kenilworth
MICHIGAN AVE AT FAIRFIELD AVE,njt_bus,14175,,Kenilworth
MICHIGAN AVE AT FAITOUTE AVE,njt_bus,14176,,Kenilworth
MONROE AVE AT N. 14TH ST,njt_bus,14177,,Elizabeth
N. 20TH ST AT BOULEVARD,njt_bus,14181,,Elizabeth
N. 20TH ST AT MONROE AVE,njt_bus,14182,,Elizabeth
US-22 AT MICHIGAN AVE,njt_bus,14183,,New York
20TH ST AT WOOD AVE,njt_bus,14184,,
DRAPKIN AVE AT RARITAN RD,njt_bus,14185,,New York
EDGAR RD AT CLINTON ST,njt_bus,14186,,Winfield
EDGAR RD AT WOODLAWN AVE,njt_bus,14187,,Winfield
EDGAR RD AT WEST BROOK DR,njt_bus,14188,,Winfield
EDGAR RD AT GILCHRIST AVE,njt_bus,14189,,Winfield
US 1 & 9 AT PARK AVE,njt_bus,14190,,Winfield
EDGAR RD AT BACHELLER AVE,njt_bus,14191,,Elizabeth
US 1 & 9 AT PARK AVE,njt_bus,14192,,Elizabeth
EDGAR RD AT INDUSTRIAL LANE,njt_bus,14193,,Elizabeth
EDGAR RD AT CLINTON ST,njt_bus,14194,,Elizabeth
ELIZABETH AVE AT N STILES ST,njt_bus,14195,,
ELIZABETH AVE AT MAPLE AVE,njt_bus,14196,,
ELIZABETH AVE AT ROSELLE ST,njt_bus,14197,,
ELIZABETH AVE AT BOWERS ST,njt_bus,14198,,
ELIZABETH AVE AT LINCOLN ST,njt_bus,14199,,
ELIZABETH AVE AT W. BALTIMORE AVE,njt_bus,14200,,
ELIZABETH AVE AT ST. MARKS ST,njt_bus,14201,,
ELIZABETH AVE AT SHERMAN ST,njt_bus,14202,,
ELIZABETH AVE AT MCKINLEY ST,njt_bus,14203,,
LINDEN & PARK AVES,njt_bus,14204,,
ELIZABETH AVE AT PARK AVE,njt_bus,14205,,
ELIZABETH AVE AT MCKINLEY ST,njt_bus,14206,,
ELIZABETH AVE AT SHERMAN ST,njt_bus,14207,,
ELIZABETH AVE AT ST. MARKS ST,njt_bus,14208,,
ELIZABETH AVE AT W. BALTIMORE AVE,njt_bus,14209,,
ELIZABETH AVE AT LINCOLN ST,njt_bus,14210,,
ELIZABETH AVE AT ROSELLE ST,njt_bus,14211,,
ELIZABETH AVE AT MAPLE AVE,njt_bus,14212,,
ELIZABETH AVE AT NORTH WOOD AVE,njt_bus,14213,,Rahway
ELIZABETH AVE AT LUMBER ST,njt_bus,14214,,Rahway
ELIZABETH AVE AT N STILES ST,njt_bus,14215,,Rahway
E. LINDEN AVE AT URBANOWITZ AVE,njt_bus,14216,,
LOWER RD AT TREMLEY POINT RD,njt_bus,14217,,
LOWER RD AT PARKWAY AVE,njt_bus,14218,,
LOWER RD 450' N OF AVE. C,njt_bus,14219,,
NORTH WOOD AVE AT ROSEWOOD TER,njt_bus,14220,,Winfield
NORTH WOOD AVE AT MELROSE TER,njt_bus,14221,,Winfield
NORTH WOOD AVE AT PRINCETON RD,njt_bus,14222,,Winfield
RARITAN RD AT BRADBURY AVE,njt_bus,14223,,New York
RARITAN RD AT HIGHLAND AVE,njt_bus,14224,,New York
RARITAN RD AT SUMMIT TER,njt_bus,14225,,New York
RARITAN RD AT FURBER AVE,njt_bus,14226,,New York
RARITAN RD AT FURBER AVE,njt_bus,14227,,Clark
ROSELLE ST AT ST GEORGES AVE,njt_bus,14228,,
ROSELLE ST AT JACKSON ST,njt_bus,14229,,
ROSELLE ST AT UNION ST,njt_bus,14230,,
ROSELLE ST AT EAST HENRY ST,njt_bus,14231,,
ROSELLE ST AT EAST BLANCKE ST,njt_bus,14232,,
ROSELLE ST AT ZIEGLER AVE,njt_bus,14233,,
ROSELLE ST AT ZIEGLER ST,njt_bus,14234,,
ROSELLE ST AT EAST BLANCKE ST,njt_bus,14235,,
ROSELLE ST AT EAST HENRY ST,njt_bus,14236,,
ROSELLE ST AT EAST CURTIS ST,njt_bus,14237,,
ROSELLE ST AT VAN BUREN AVE,njt_bus,14238,,
ROSELLE ST AT ST GEORGES AVE,njt_bus,14239,,
SAINT GEORGES AVE AT STUART PL,njt_bus,14240,,
SAINT GEORGES AVE AT STILES ST,njt_bus,14241,,
SAINT GEORGES AVE AT KEEP ST,njt_bus,14242,,
SAINT GEORGES AVE AT ERUDO ST,njt_bus,14243,,
SAINT GEORGES AVE AT LAURITA ST,njt_bus,14244,,
SAINT GEORGES AVE AT DEWITT TERRACE,njt_bus,14245,,
SAINT GEORGES AVE AT SUMMIT ST,njt_bus,14246,,
ST GEORGES AVE AT WOOD AVE,njt_bus,14247,,
SAINT GEORGES AVE AT WASHINGTON AVE,njt_bus,14248,,
SAINT GEORGES AVE AT ROSELLE ST,njt_bus,14249,,
SAINT GEORGES AVE AT MCCANDLESS ST,njt_bus,14250,,
SAINT GEORGES AVE AT LINCOLN ST,njt_bus,14251,,
SAINT GEORGES AVE AT CRANFORD AVE,njt_bus,14252,,
SAINT GEORGES AVE AT NORA DR,njt_bus,14253,,
SAINT GEORGES AVE 265'S OF GRANT ST,njt_bus,14254,,
SAINT GEORGES AVE AT ALEXANDER AVE,njt_bus,14255,,
SAINT GEORGES AVE AT PARK AVE,njt_bus,14256,,
SAINT GEORGES AVE AT HAGEL AVE,njt_bus,14257,,
ST GEORGES AVE AT WOOD AVE,njt_bus,14258,,
SAINT GEORGES AVE AT SUMMIT TERRACE,njt_bus,14259,,
SAINT GEORGES AVE AT DEWITT TERRACE,njt_bus,14260,,
SAINT GEORGES AVE AT HOLLYWOOD RD,njt_bus,14261,,
SAINT GEORGES AVE AT STILES ST,njt_bus,14262,,
SAINT GEORGES AVE AT STUART PL,njt_bus,14263,,
STILES ST AT AVIATION PLAZA - 2ND ENTR,njt_bus,14264,,
WOOD AVE AT 20TH ST,njt_bus,14265,,
WOOD AVE AT 15TH ST,njt_bus,14266,,
WOOD AVE AT 12TH ST,njt_bus,14267,,
WOOD AVE 250' N OF EDGAR RD.,njt_bus,14268,,
WOOD AVE AT WOOD PL,njt_bus,14269,,
WOOD AVE AT MORRIS AVE,njt_bus,14270,,
WOOD AVE AT RAILROAD STATION,njt_bus,14271,,
WOOD AVE AT BLANCKE ST,njt_bus,14272,,Elizabeth
WOOD AVE AT ELM ST,njt_bus,14273,,Elizabeth
WOOD AVE AT HENRY ST,njt_bus,14274,,Elizabeth
WOOD AVE AT CURTIS ST,njt_bus,14275,,Elizabeth
WOOD AVE AT GESNER ST,njt_bus,14276,,Elizabeth
WOOD AVE AT 5TH AVE,njt_bus,14277,,Clark
WOOD AVE AT DRAPKIN AVE,njt_bus,14278,,Clark
WOOD AVE AT ST GEORGES AVE,njt_bus,14279,,Winfield
WOOD AVE AT CURTIS ST,njt_bus,14280,,Winfield
WOOD AVE AT ELM ST,njt_bus,14281,,Winfield
WOOD AVE 65' S OF KNOPFE ST,njt_bus,14282,,Winfield
WOOD AVE AT RAILROAD STATION,njt_bus,14283,,
WOOD AVE AT MORRIS AVE,njt_bus,14284,,
WOOD AVE AT STIMPSON AVE,njt_bus,14285,,
WOOD AVE AT 11TH ST,njt_bus,14286,,
WOOD AVE AT 15TH ST,njt_bus,14287,,
WOOD AVE AT 17TH ST,njt_bus,14288,,
STILES ST AT HENRY ST#,njt_bus,14289,,Rahway
EDGAR RD AT BACHELLER AVE#,njt_bus,14290,,Winfield
LINDEN AVE 150' S OF ASHTON AVE#,njt_bus,14291,,
STILES ST AT FULLER RD#,njt_bus,14292,,New York
SAINT GEORGES AVE 300' N OF COLUMBIA PL#,njt_bus,14293,,
EAST HAZELWOOD AVE AT LEESVILLE AVE,njt_bus,14527,,
EAST MILTON AVE AT BROAD ST,njt_bus,14528,,
WEST MILTON AVE 200'E OF IRVING ST,njt_bus,14529,,
ELIZABETH AVE AT EAST GRAND AVE,njt_bus,14530,,
ELIZABETH AVE AT JACKSON AVE,njt_bus,14531,,
ELIZABETH AVE AT WEST SCOTT AVE,njt_bus,14532,,
ELIZABETH AVE AT JACKSON AVE,njt_bus,14533,,
ELIZABETH AVE AT WEST GRAND AVE,njt_bus,14534,,
IRVING ST AT ELIZABETH AVE,njt_bus,14535,,
IRVING ST AT BROAD ST,njt_bus,14536,,
JAQUES AVE AT WEST STEARNS ST,njt_bus,14537,,
JAQUES AVE AT WEST HAZELWOOD AVE,njt_bus,14538,,
JAQUES AVE AT CLINTON ST,njt_bus,14539,,
JAQUES AVE AT CLINTON ST,njt_bus,14540,,
JAQUES AVE AT WEST HAZELWOOD AVE,njt_bus,14541,,
JAQUES AVE AT WALTERS ST,njt_bus,14542,,
MAIN ST AT BRIDGE ST,njt_bus,14543,,
MAIN ST 230'S OF EAST MILTON AVE,njt_bus,14544,,
SAINT GEORGES AVE AT PIERPONT ST,njt_bus,14547,,New York
SAINT GEORGES AVE AT WEST LAKE AVE,njt_bus,14548,,New York
SAINT GEORGES AVE AT CENTRAL AVE,njt_bus,14549,,New York
SAINT GEORGES AVE AT HARRISON ST,njt_bus,14550,,New York
SAINT GEORGES AVE AT WEST SCOTT AVE,njt_bus,14551,,
SAINT GEORGES AVE AT WEST LINCOLN AVE,njt_bus,14552,,
SAINT GEORGES AVE AT ROSS ST,njt_bus,14553,,
SAINT GEORGES AVE AT APGAR TERRACE,njt_bus,14554,,
SAINT GEORGES AVE AT HARRISON ST,njt_bus,14555,,Rahway
SAINT GEORGES AVE AT WESTFIELD AVE,njt_bus,14556,,Rahway
SAINT GEORGES AVE AT CENTRAL AVE,njt_bus,14557,,Rahway
SAINT GEORGES AVE AT WEST HAZELWOOD AVE,njt_bus,14558,,Rahway
WEST SCOTT AVE AT ST. GEORGES AVE,njt_bus,14561,,
WEST SCOTT AVE AT CHURCH ST,njt_bus,14562,,
WEST SCOTT AVE AT WHITTIER ST,njt_bus,14563,,
WEST SCOTT AVE AT ELIZABETH AVE,njt_bus,14564,,
WEST SCOTT AVE AT WHITTIER ST,njt_bus,14565,,
WEST SCOTT AVE AT CHURCH ST,njt_bus,14566,,
WEST INMAN AVE AT MADISON AVE,njt_bus,14568,,
WEST INMAN AVE AT MADISON AVE,njt_bus,14571,,
1ST AVE AT ALDENE RD,njt_bus,14573,,Newark
1ST AVE AT AMSTERDAM AVE,njt_bus,14574,,Newark
1ST AVE AT CLOVER ST,njt_bus,14575,,Newark
1ST AVE AT VINE ST,njt_bus,14576,,Newark
1ST AVE AT LAUREL ST,njt_bus,14577,,Newark
1ST AVE AT LAUREL ST,njt_bus,14578,,Plainfield
1ST AVE AT VINE ST,njt_bus,14579,,Plainfield
1ST AVE AT CLOVER ST,njt_bus,14580,,Plainfield
1ST AVE AT AMSTERDAM AVE,njt_bus,14581,,Plainfield
1ST AVE AT ALDENE RD,njt_bus,14582,,Plainfield
2ND AVE AT LOCUST ST,njt_bus,14583,,Newark
2ND AVE AT CHESTNUT ST,njt_bus,14584,,Newark
2ND AVE AT WALNUT ST,njt_bus,14585,,Newark
2ND AVE AT CHANDLER AVE,njt_bus,14586,,Newark
2ND AVE AT HARRISON AVE,njt_bus,14587,,Newark
2ND AVE AT SHERIDAN AVE,njt_bus,14588,,Plainfield
2ND AVE AT MYRTLE ST,njt_bus,14589,,Plainfield
2ND AVE AT CHANDLER AVE,njt_bus,14590,,Plainfield
2ND AVE AT WALNUT ST,njt_bus,14591,,Plainfield
2ND AVE AT CHESTNUT ST,njt_bus,14592,,Plainfield
3RD AVE AT HAMILTON ST,njt_bus,14593,,Newark
3RD AVE AT PARK ST,njt_bus,14594,,Newark
3RD AVE AT PARK ST,njt_bus,14595,,Plainfield
3RD AVE AT PROSPECT ST,njt_bus,14596,,Plainfield
3RD AVE AT LINDEN RD,njt_bus,14597,,Plainfield
AMSTERDAM AVE AT CHRISTIANI ST,njt_bus,14598,,New York
AMSTERDAM AVE AT ROBINS ST,njt_bus,14599,,New York
AMSTERDAM AVE AT 3RD AVE,njt_bus,14600,,New York
AMSTERDAM AVE AT 3RD AVE,njt_bus,14601,,Clark
AMSTERDAM AVE AT ROBINS ST,njt_bus,14602,,Clark
AMSTERDAM AVE AT CHRISTIANI ST,njt_bus,14603,,Clark
AMSTERDAM AVE AT DIETZ ST,njt_bus,14604,,Clark
CHESTNUT ST AT BONNA VILLA AVE,njt_bus,14605,,
CHESTNUT ST AT WILLIAM ST,njt_bus,14606,,
CHESTNUT ST AT EAST 10TH AVE,njt_bus,14607,,
CHESTNUT ST AT EAST 8TH AVE,njt_bus,14608,,
CHESTNUT ST AT EAST 6TH AVE,njt_bus,14609,,
CHESTNUT ST AT EAST 4TH AVE,njt_bus,14610,,
CHESTNUT ST AT 2ND AVE,njt_bus,14611,,
CHESTNUT ST AT 2ND AVE,njt_bus,14612,,
CHESTNUT ST AT WEST 4TH AVE,njt_bus,14613,,
CHESTNUT ST AT WEST 6TH AVE,njt_bus,14614,,
CHESTNUT ST AT WEST 8TH AVE,njt_bus,14615,,
CHESTNUT ST AT WEST 10TH AVE,njt_bus,14616,,
CHESTNUT ST AT DENNIS ST,njt_bus,14617,,
CHESTNUT ST AT CLARK ST,njt_bus,14618,,
SAINT GEORGES AVE AT HAGEL AVE,njt_bus,14619,,
SAINT GEORGES AVE AT PARK AVE,njt_bus,14620,,
SAINT GEORGES AVE AT ALEXANDER AVE,njt_bus,14621,,
SAINT GEORGES AVE AT CAROLYN TERRACE,njt_bus,14622,,
SAINT GEORGES AVE AT DRAKE AVE,njt_bus,14623,,
SAINT GEORGES AVE AT CHANDLER AVE,njt_bus,14624,,
SAINT GEORGES AVE AT FRANK ST.,njt_bus,14625,,
SAINT GEORGES AVE AT HOME TERRACE,njt_bus,14626,,
SAINT GEORGES AVE AT VICTORY ST,njt_bus,14627,,
SAINT GEORGES AVE AT CRESCENT AVE,njt_bus,14628,,
SAINT GEORGES AVE AT WALNUT ST,njt_bus,14629,,
WOOD AVE AT UNCAS AVE,njt_bus,14630,,Elizabeth
WOOD AVE AT WOODSIDE AVE,njt_bus,14631,,Elizabeth
WOOD AVE AT BROOKLAWN AVE,njt_bus,14632,,Elizabeth
WOOD AVE AT RARITAN RD,njt_bus,14633,,Elizabeth
WOOD AVE AT 6TH AVE,njt_bus,14634,,New York
WOOD AVE AT TRINITY PL,njt_bus,14635,,New York
SAINT GEORGES AVE AT THOMPSON AVE,njt_bus,14636,,
WESTFIELD AVE AT FAITOUTE AVE,njt_bus,14637,,New York
WESTFIELD AVE AT LOCUST ST,njt_bus,14638,,New York
WESTFIELD AVE AT CHESTNUT ST,njt_bus,14639,,Kenilworth
WESTFIELD AVE AT WALNUT ST,njt_bus,14640,,Kenilworth
WESTFIELD AVE AT BERWYN ST,njt_bus,14641,,Kenilworth
WESTFIELD AVE AT LINDEN RD,njt_bus,14642,,Kenilworth
WESTFIELD AVE AT COLONIAL RD,njt_bus,14643,,Elizabeth
WESTFIELD AVE AT SHERMAN AVE,njt_bus,14644,,Elizabeth
WESTFIELD AVE AT MAGIE AVE,njt_bus,14645,,Elizabeth
WESTFIELD AVE AT CHESTNUT ST,njt_bus,14646,,Elizabeth
WESTFIELD AVE AT LOCUST ST,njt_bus,14647,,Dunellen
WESTFIELD AVE AT HAWTHORNE ST,njt_bus,14648,,Dunellen
WESTFIELD AVE AT FAITOUTE AVE,njt_bus,14649,,Dunellen
WESTFIELD AVE AT BRIDGE ST,njt_bus,14650,,Dunellen
FAITOUTE AVE AT SEATON AVE,njt_bus,14651,,Elizabeth
FAITOUTE AVE AT WEBSTER AVE,njt_bus,14652,,Elizabeth
FAITOUTE AVE AT W COLFAX AVE,njt_bus,14653,,Elizabeth
FAITOUTE AVE AT W COLFAX AVE,njt_bus,14654,,Kenilworth
FAITOUTE AVE AT WEBSTER AVE,njt_bus,14655,,Kenilworth
CHESTNUT ST AT E GRANT AVE,njt_bus,14656,,
CHESTNUT ST AT E LINCOLN AVE,njt_bus,14657,,
CHESTNUT ST AT SUMNER AVE,njt_bus,14658,,
CHESTNUT ST AT W SUMNER AVE,njt_bus,14659,,
CHESTNUT ST AT WEST LINCOLN AVE,njt_bus,14660,,
CHESTNUT ST AT W GRANT AVE,njt_bus,14661,,
CHESTNUT ST AT WESTFIELD AVE,njt_bus,14662,,
BURNET AVE AT MORRIS AVE,njt_bus,14845,,
BURNET AVE AT REGINA ST,njt_bus,14846,,
BURNET AVE AT N 3RD ST,njt_bus,14847,,
BURNET AVE AT SEYMOUR AVE,njt_bus,14848,,
BURNET AVE AT VAUXHALL RD,njt_bus,14849,,
BURNET AVE AT COPPER HILL DR,njt_bus,14850,,
BURNET AVE AT EDWARD TER,njt_bus,14851,,
BURNET AVE AT EDWARD TER,njt_bus,14852,,
BURNET AVE AT ASTORIA PL,njt_bus,14853,,
BURNET AVE AT LEE ST,njt_bus,14854,,
BURNET AVE AT JACKSON AVE,njt_bus,14855,,
BURNET AVE AT ALLEN AVE,njt_bus,14856,,
BURNET AVE AT CLOVER TER,njt_bus,14857,,
BURNET AVE AT LESLIE ST,njt_bus,14858,,
BURNET AVE AT GIRARD PL,njt_bus,14859,,
CHESTNUT ST AT RUTGERS LANE,njt_bus,14860,,
CHESTNUT ST AT CAROLYN RD,njt_bus,14861,,
FIVE POINTS AT CHESTNUT ST,njt_bus,14862,,
CHESTNUT ST AT NEW JERSEY AVE,njt_bus,14863,,
CHESTNUT ST AT WASHINGTON AVE,njt_bus,14864,,
CHESTNUT ST AT LONGVIEW RD,njt_bus,14865,,
CHESTNUT ST AT BURROUGHS TERRACE,njt_bus,14866,,
CHESTNUT ST AT PHILLIPS TERRACE,njt_bus,14867,,
CHESTNUT ST AT LEO PL,njt_bus,14868,,
CHESTNUT ST AT WASHINGTON AVE,njt_bus,14869,,
FIVE POINTS AT CHESTNUT ST,njt_bus,14870,,
CHESTNUT ST 300'S OF CAROLYN RD,njt_bus,14871,,
CHESTNUT ST AT RUTGERS LANE,njt_bus,14872,,
GREEN LN AT NORTH FLORAL AVE,njt_bus,14873,,
GREEN LN AT WOODLAND AVE,njt_bus,14874,,
GREEN LN AT WOODLAND AVE,njt_bus,14875,,
GREEN LN AT NORTH FLORAL AVE,njt_bus,14876,,
MORRIS AVE AT SPRUCE ST,njt_bus,14878,,New York
MORRIS AVE. AT ALVIN PL.,njt_bus,14879,,New York
MORRIS AVE AT CREGER AVE,njt_bus,14880,,New York
MORRIS AVE 110' W OF APGAR CT,njt_bus,14881,,New York
MORRIS AVE AT COMMERCE AVE,njt_bus,14882,,New York
MORRIS AVE AT WOOLLEY AVE,njt_bus,14883,,New York
MORRIS AVE AT JOHNSON PL,njt_bus,14884,,New York
MORRIS AVE AT STUYVESANT AVE,njt_bus,14885,,New York
MORRIS AVE AT ADAMS AVE,njt_bus,14886,,New York
MORRIS AVE AT GREENWOOD RD,njt_bus,14887,,Mountainside
MORRIS AVE AT COLONIAL AVE,njt_bus,14888,,Mountainside
MORRIS AVE AT TOWNLEY AVE,njt_bus,14889,,Mountainside
MORRIS AVE AT SALEM RD,njt_bus,14890,,
MORRIS AVE AT LEHIGH AVE,njt_bus,14891,,Elizabeth
MORRIS AVE AT GREEN LN,njt_bus,14892,,Elizabeth
MORRIS AVE AT KEAN DR,njt_bus,14893,,Elizabeth
MORRIS AVE AT NORTH AVE,njt_bus,14894,,Irvington
MORRIS AVE AT KEAN DR,njt_bus,14895,,Irvington
MORRIS AVE AT LEHIGH AVE,njt_bus,14896,,Irvington
MORRIS AVE AT SALEM RD,njt_bus,14897,,Newark
MORRIS AVE AT STERLING RD,njt_bus,14898,,Newark
MORRIS AVE AT COLONIAL AVE,njt_bus,14899,,Newark
MORRIS AVE AT SAYRE RD S,njt_bus,14900,,Newark
MORRIS AVE AT LOWES SHOP CTR,njt_bus,14901,,Newark
MORRIS AVE AT GRANDVIEW AVE,njt_bus,14902,,Bridgewater
MORRIS AVE AT STUYVESANT AVE,njt_bus,14903,,Bridgewater
MORRIS AVE AT JOHNSON PL,njt_bus,14904,,Bridgewater
MORRIS AVE AT CALDWELL AVE,njt_bus,14905,,Bridgewater
MORRIS AVE AT WOOLLEY AVE,njt_bus,14906,,Bridgewater
MORRIS AVE AT COMMERCE AVE,njt_bus,14907,,Bridgewater
MORRIS AVE AT LOUSONS RD,njt_bus,14908,,Bridgewater
MORRIS AVE AT BURNET AVE,njt_bus,14909,,Bridgewater
MORRIS AVE AT SCHNEIDER AVE,njt_bus,14910,,Bridgewater
MORRIS AVE AT LIBERTY AVE,njt_bus,14911,,Bridgewater
MORRIS AVE AT LARCHMONT RD,njt_bus,14912,,Bridgewater
NORTH AVE 152' N OF LYNMAR WAY,njt_bus,14913,,New York
NORTH AVE 152' N OF LYNMAR WAY,njt_bus,14914,,Dunellen
NORTH AVE AT VIVIEN TER,njt_bus,14915,,Dunellen
SPRINGFIELD RD N AT PROGRESS ST,njt_bus,14916,,
RAHWAY AVE 1056' N OF LIBERTY AVE (BL 655),njt_bus,14918,,
RAHWAY AVE 2112' N OF LIBERTY AVE (BL 735),njt_bus,14919,,
RAHWAY AVE AT WICKFORD RD,njt_bus,14920,,
RAHWAY AVE AT KLINE CT,njt_bus,14921,,
RAHWAY AVE 191' S OF MORRIS AVE,njt_bus,14922,,
RAHWAY AVE 282'S OF WICKFORD RD,njt_bus,14923,,
RAHWAY AVE 1584' S OF WICKFORD RD (BL 800),njt_bus,14924,,
RAHWAY AVE 2640' S OF WICKFORD RD (BL 640),njt_bus,14925,,
US-22 AT SPRINGFIELD RD,njt_bus,14928,,New York
US-22 560'W OF BALL AVE,njt_bus,14929,,New York
US-22 765'W OF VAUXHALL RD,njt_bus,14930,,New York
US-22 AT GARY RD,njt_bus,14931,,Bridgewater
US-22 AT WEWANNA AVE,njt_bus,14932,,Bridgewater
US-22 AT HUDSON ST,njt_bus,14933,,Bridgewater
US-22 AT SPRINGFIELD RD,njt_bus,14934,,Bridgewater
SALEM RD AT FULTON ST,njt_bus,14937,,New York
SALEM RD AT LIVINGSTON AVE,njt_bus,14938,,New York
SALEM RD AT FOREST DR,njt_bus,14939,,New York
SALEM RD AT GLOUCESTER RD,njt_bus,14940,,New York
SALEM RD AT DOVER LANE,njt_bus,14941,,New York
SALEM RD AT TRINITY PL,njt_bus,14942,,New York
SALEM RD AT WINCHESTER AVE,njt_bus,14943,,New York
SALEM RD AT MINUTE ARMS RD,njt_bus,14944,,New York
SALEM RD AT HUGUENOT AVE,njt_bus,14945,,New York
SALEM RD AT MORRIS AVE,njt_bus,14946,,New York
SALEM RD AT VAUXHALL RD,njt_bus,14947,,Mountainside
SALEM RD AT CLIFTON TERRACE,njt_bus,14948,,Newark
SALEM RD AT MORRIS AVE,njt_bus,14949,,Dunellen
SALEM RD AT HUGUENOT AVE,njt_bus,14950,,Dunellen
SALEM RD AT MINUTE ARMS RD,njt_bus,14951,,Dunellen
SALEM RD AT WAYNE TERRACE,njt_bus,14952,,Dunellen
SALEM RD AT TRINITY PL,njt_bus,14953,,Dunellen
SALEM RD AT PLYMOUTH RD,njt_bus,14954,,Dunellen
SALEM RD AT CAMBRIDGE DR,njt_bus,14955,,Dunellen
SALEM RD AT WHITEWOOD RD,njt_bus,14956,,Dunellen
SALEM RD AT LIVINGSTON AVE N,njt_bus,14957,,Dunellen
SALEM RD AT FULTON ST,njt_bus,14958,,Dunellen
SALEM RD AT MARSHALL AVE,njt_bus,14959,,Dunellen
STANLEY TER 550'E OF WOLBERT TER,njt_bus,14960,,
STANLEY TER AT HILLCREST TER,njt_bus,14961,,
STANLEY TER AT PORTER RD,njt_bus,14962,,
STANLEY TER AT VAN NESS TER,njt_bus,14963,,
STANLEY TER AT MAY ST,njt_bus,14964,,
STANLEY TER AT EDMUND TER,njt_bus,14965,,
STANLEY TER AT ANDREW ST,njt_bus,14966,,
STANLEY TER 463'W OF ASHWOOD TER,njt_bus,14967,,
STUYVESANT AVE AT ELMWOOD AVE,njt_bus,14968,,
STUYVESANT AVE AT ROSEMONT AVE,njt_bus,14969,,
STUYVESANT AVE AT MOUNTAINVIEW AVE,njt_bus,14970,,
STUYVESANT AVE AT LONG TERRACE,njt_bus,14971,,
STUYVESANT AVE AT MORRISON AVE,njt_bus,14972,,
STUYVESANT AVE AT OAKLAND AVE,njt_bus,14973,,
STUYVESANT AVE AT EVERETT CIRCLE,njt_bus,14974,,
STUYVESANT AVE AT STANLEY TERRACE,njt_bus,14975,,
STUYVESANT AVE AT PLEASANT PKWY,njt_bus,14976,,
STUYVESANT AVE AT OSTWOOD TERRACE,njt_bus,14977,,
STUYVESANT AVE AT OSTWOOD TERRACE,njt_bus,14978,,
STUYVESANT AVE AT STANLEY TERRACE,njt_bus,14979,,
STUYVESANT AVE AT EVERETT CIRCLE,njt_bus,14980,,
STUYVESANT AVE AT OAKLAND AVE,njt_bus,14981,,
STUYVESANT AVE AT MORRISON AVE,njt_bus,14982,,
STUYVESANT AVE AT TYLER ST,njt_bus,14983,,
STUYVESANT AVE AT GLESS AVE,njt_bus,14984,,
STUYVESANT AVE AT VAUXHALL RD,njt_bus,14985,,
STUYVESANT AVE AT MORRIS AVE,njt_bus,14986,,
STUYVESANT AVE AT ELMWOOD AVE,njt_bus,14987,,
VAUXHALL RD AT BURNET AVE,njt_bus,14988,,Mountainside
VAUXHALL RD AT RIDGEWAY ST,njt_bus,14989,,Mountainside
VAUXHALL RD AT COMMERCE AVE,njt_bus,14990,,Mountainside
VAUXHALL RD AT WOOLLEY AVE,njt_bus,14991,,Mountainside
VAUXHALL RD AT CALDWELL AVE,njt_bus,14992,,Mountainside
VAUXHALL RD AT PINE AVE,njt_bus,14993,,Mountainside
VAUXHALL RD AT STUYVESANT AVE,njt_bus,14994,,Mountainside
VAUXHALL RD AT WARREN AVE,njt_bus,14995,,Mountainside
VAUXHALL RD AT OAKLAND AVE,njt_bus,14996,,Mountainside
VAUXHALL RD AT HIGHLAND AVE,njt_bus,14997,,Mountainside
VAUXHALL RD AT THELMA RD,njt_bus,14998,,Mountainside
VAUXHALL RD AT BROOKSIDE DR,njt_bus,14999,,Mountainside
VAUXHALL RD AT SALEM RD,njt_bus,15000,,Newark
VAUXHALL RD AT WILDWOOD TER,njt_bus,15001,,Newark
VAUXHALL RD AT ROGER AVE,njt_bus,15002,,Newark
VAUXHALL RD 160'E OF US-22 EXIT/ENTRANCE,njt_bus,15003,,Newark
VAUXHALL RD AT GS PKWY NB RAMP,njt_bus,15004,,Newark
VAUXHALL RD AT OAKLAND AVE,njt_bus,15005,,Newark
VAUXHALL RD AT COOLIDGE AVE,njt_bus,15006,,Newark
VAUXHALL RD AT STUYVESANT AVE,njt_bus,15007,,Newark
VAUXHALL RD AT BARBARA AVE,njt_bus,15008,,Newark
VAUXHALL RD AT GLENN AVE,njt_bus,15009,,Newark
VAUXHALL RD AT WINSLOW AVE,njt_bus,15010,,Newark
VAUXHALL RD AT RIDGEWAY ST,njt_bus,15011,,Newark
MAGIE AVE AT HALSTEAD RD#,njt_bus,15012,,
MAGIE AVE AT BROWNING/SHEARER#,njt_bus,15013,,
MORRIS AVE 140'E OF LOWES (JUG HANDLE),njt_bus,15014,,Mountainside
MORRIS AVE AT NORTH AVE#,njt_bus,15015,,Elizabeth
SPRINGFIELD AVE AT STILES ST,njt_bus,15016,,Livingston Mall
SPRINGFIELD AVE AT CHICAGO ST,njt_bus,15017,,Newark
VAUXHALL RD AT OVERLOOK TER,njt_bus,15018,,Mountainside
BURNET AVE AT ASTORIA PL#,njt_bus,15019,,
WAVECREST AVE AT SPRAY TERRACE,njt_bus,15062,,Elizabeth
WAVECREST AVE AT BOB WILSON PL,njt_bus,15063,,Elizabeth
WAVECREST AVE AT RIVERVIEW TER,njt_bus,15064,,Elizabeth
SEAFOAM AVE AT JOHN VELTHOVEN TER,njt_bus,15065,,Elizabeth
WAVECREST AVE AT SEAFOAM AVE,njt_bus,15066,,Winfield
STUYVESANT AND HAINES AVE,njt_bus,15125,,
SAINT GEORGES AVE AT JOHN ST,njt_bus,15126,,
STADIUM LOT G-17,njt_bus,15127,,
STADIUM LOT G-17,njt_bus,15128,,
SPRINGFIELD AVE AT IRVINE TURNER BLVD,njt_bus,15139,,
BALDWIN AVE AT MONTGOMERY ST,njt_bus,15140,,Journal Square
BALDWIN AVE AT MONTGOMERY ST,njt_bus,15141,,Ocean Avenue
FLORENCE ST 242' E OF CORNELISON AVE,njt_bus,15142,,Journal Square
FLORENCE ST 97' E OF CORNELISON AVE,njt_bus,15143,,Ocean Avenue
CORNELISON AVE AT WAYNE ST,njt_bus,15144,,Journal Square
CORNELISON AVE AT WAYNE ST,njt_bus,15145,,Ocean Avenue
MILL RD AT ACADEMY ST,njt_bus,15146,,Journal Square
MILL RD AT ACADEMY ST,njt_bus,15147,,Ocean Avenue
ACADEMY ST AT BALDWIN AVE,njt_bus,15148,,Ocean Avenue
GRAND ST AT COMMUNIPAW AVE,njt_bus,15151,,Jersey City
WOOD AVE AT CEDAR LANE,njt_bus,15152,,Elizabeth
16TH AVE AT LITTLETON AVE,njt_bus,15153,,
CLIFTON AVE AT SCRIBNER PL,njt_bus,15157,,Passaic
CLIFTON AVE AT WHITMORE PL,njt_bus,15158,,Passaic
RIVER RD 220' S OF ENTIN RD,njt_bus,15159,,
VALLEY RD AT STANLEY ST,njt_bus,15164,,Clifton
VALLEY RD AT SKYVIEW TER,njt_bus,15165,,New York
SEAVIEW DR. EXTENSION 1612' W OF NEW COUNTY RD,njt_bus,15175,,
SEAVIEW DR. EXTENSION 1980' W OF NEW COUNTY RD,njt_bus,15176,,
LONG ST AT MARTIN LUTHER KING DR,njt_bus,15178,,Hoboken
STUYVESANT AVE AT IVY ST,njt_bus,15195,,
CENTRAL AVE AT SOUTH HACKENSACK AVENUE,njt_bus,15196,,
CENTRAL AVE AT SOUTH HACKENSACK,njt_bus,15197,,
AVE C AT W 4TH ST,njt_bus,15200,,Jersey City
CENTRAL AVE AT BOORAEM AVE,njt_bus,15201,,Hoboken
JFK BLVD EAST OF TONNELLE AVE,njt_bus,15203,,
CLIFTON AVE 150'W OF RANDOLPH AVE,njt_bus,15211,,Paterson
WILLOWBROOK BLVD AT NORTH LEG,njt_bus,15234,,Newark
RIDGE RD AT NEW YORK AVE,njt_bus,15236,,Hackensack
ESSEX ST AT UNIVERSITY MEDICAL CTR,njt_bus,15237,,
UNION AVE AT CHESTNUT ST,njt_bus,15258,,
MARTIN LUTHER KING JR DR AT VIRGINIA AVE,njt_bus,15259,,Jersey City
16TH AVE AT 18TH ST,njt_bus,15266,,
PASSAIC AVE AT KINGSLAND ST,njt_bus,15267,,
CENTRAL AVENUE AT NORFOLK STREET,njt_bus,15292,,
JFK BLVD AT 38 TH ST,njt_bus,15298,,Jersey City
SPRINGFIELD AVE AT EMILY AVE,njt_bus,15315,,Livingston Mall
SPRINGFIELD AVE AT CHICAGO ST,njt_bus,15316,,Livingston Mall
SPRINGFIELD AVE AT CRESTVIEW AVE,njt_bus,15317,,Newark
SPRINGFIELD AVE AT VALLEY ST,njt_bus,15318,,Newark
WILLOWBROOK BLVD 385' W OF WILLOWBROOK BLVD EXTENS,njt_bus,15319,,Willowbrook
WILLOWBROOK BLVD 385' W OF WILLOWBROOK BLVD EXTENS,njt_bus,15320,,Newark
CENTRAL AVE AT PAVONIA AVE,njt_bus,15322,,
MARGINAL RD AT WILSON AVE,njt_bus,15323,,Clifton
MAIN AVE AT PROSPECT ST,njt_bus,15324,,
NEWARK AVE AT MCPHERSON PL,njt_bus,15339,,
LYLE KING ST 400' W OF MCLESTER ST,njt_bus,15340,,Jersey Gardens
FIRMENICH WAY AT DOREMUS AVE#,njt_bus,15342,,
COMMUNIPAW AVE AT GRAND ST,njt_bus,15343,,Journal Square
ROMAR AVE AT PEARSALL AVE,njt_bus,15347,,
FOWLER AVE AT DANFORTH AVE,njt_bus,15348,,
W MARKET ST AT S 11TH ST,njt_bus,15356,,
CLARKSON AVE AT RICHMOND STREET,njt_bus,15357,,Kenilworth
COMMUNIPAW AVE AT SUYDAM AVE,njt_bus,15359,,Journal Square
ESSEX ST AT ROUTE 17 SOUTH EXIT RAMP,njt_bus,15360,,
COMMUNIPAW AVE AT WOODWARD ST,njt_bus,15361,,
PACIFIC AVE 273' S OF FORREST ST,njt_bus,15362,,Journal Square
PACIFIC AVE AT BRAMHALL AVE,njt_bus,15363,,Journal Square
PACIFIC AVE AT COMMUNIPAW AVE,njt_bus,15364,,Journal Square
JOHNSTON AVE AT MONITOR ST,njt_bus,15365,,Journal Square
PACIFIC AVE AT JOHNSTON AVE,njt_bus,15366,,
FERRY ST AT JEFFERSON ST,njt_bus,15377,,
FERRY ST AT JEFFERSON ST,njt_bus,15378,,
SIP AVE AT FREEMAN AVE,njt_bus,15379,,
SIP AVE AT BRYANT AVE,njt_bus,15380,,
SIP AVE AT BRYANT AVE,njt_bus,15381,,
SIP AVE AT FREEMAN AVE,njt_bus,15382,,
SCOTLAND RD AT TREMONT AVE,njt_bus,15385,,
ESSEX ST AT ROUTE 17 SOUTH EXIT RAMP,njt_bus,15404,,
WOOD AVE AT GESNER ST,njt_bus,15405,,Winfield
BROAD ST AT CAMP ST,njt_bus,15420,,Elizabeth
BLOOMFIELD AVE AT CRITTENDEN ST,njt_bus,15421,,
BLOOMFIELD AVE AT CLIFTON AVE,njt_bus,15422,,
BLOOMFIELD AVE AT NORTH 11TH ST,njt_bus,15423,,
CENTRAL AVENUE AT NORFOLK STREET,njt_bus,15424,,
MEADOWLANDS PKWY AT AMERICAN WAY,njt_bus,15427,,
BREWSTER RD 350'S OF AIRIS DR,njt_bus,15429,,
CLINTON AVE AT COIT ST,njt_bus,15434,,
BREWSTER RD AT BLDG 344,njt_bus,15452,,
CHESTNUT ST AT NEW JERSEY AVE,njt_bus,15518,,
MORRIS AVE AT SPRUCE ST,njt_bus,15519,,New York
NORFOLK ST AT BOND ST,njt_bus,15520,,
HARMON COVE TOWNHOUSES (CLUB HOUSE)#,njt_bus,15521,,
ELM ST AT BELLVILLE TPKE#,njt_bus,15522,,Jersey Gardens
COMMUNIPAW JUNCTION,njt_bus,15577,,
FERRY ST AT COURTLAND PL,njt_bus,15578,,
WATSESSING AVE AT ARLINGTON AVE,njt_bus,15604,,
PACIFIC AVE AT BARBARA PL,njt_bus,15605,,Journal Square
PACIFIC AVE AT BARBARA PL,njt_bus,15606,,Newport Mall
PACIFIC AVE AT ASH ST,njt_bus,15607,,Journal Square
PACIFIC AVE AT ASH ST,njt_bus,15608,,Newport Mall
PACIFIC AVE AT COMMUNIPAW AVE,njt_bus,15609,,
POLITO AVE AT RUTHERFORD AVE#,njt_bus,15628,,Clifton
S 12TH ST AT CENTRAL AVE,njt_bus,15637,,
PARK AVE AT TONTINE AVE,njt_bus,15639,,New York
PARK AVE AT COURT AVE,njt_bus,15640,,New York
PARK AVE AT LAKE AVE,njt_bus,15641,,New York
PARK AVE AT LAKE AVE,njt_bus,15642,,Clifton
PARK AVE AT COURT AVE,njt_bus,15643,,Clifton
PARK AVE AT TONTINE AVE,njt_bus,15644,,Clifton
RIVERSIDE AVE AT FERN AVE,njt_bus,15645,,Clifton
PATH STATION,njt_bus,15652,,Kearny
PATH STATION,njt_bus,15653,,Jersey Gardens
COUNTY RD 688'N OF TONNELLE AVE,njt_bus,15654,,
COUNTY RD 622'N OF TONNELLE AVE,njt_bus,15655,,
CHESTNUT ST AT COLONIAL AVE,njt_bus,15669,,
STANLEY TER AT KENNETH AVE N,njt_bus,15670,,
FERRY ST AT POLK ST,njt_bus,15696,,
MONTGOMERY ST AT BALDWIN AVE,njt_bus,15713,,Montgomery St
CENTRAL AVE AT FRANKLIN ST,njt_bus,15714,,
BOULEVARD AT BEECH ST,njt_bus,15719,,Paramus
BOULEVARD AT BEECH ST,njt_bus,15720,,Paterson
OAK ST AT PAULISON AVE,njt_bus,15721,,Paterson
PAULISON AVE AT OAK ST,njt_bus,15722,,Paramus
MOONACHIE AVE AT GRAND ST,njt_bus,15726,,
AVE C AT NORTH ST,njt_bus,15727,,Bayonne
STUYVESANT AVE AT UNDERWOOD ST,njt_bus,15730,,
BROAD ST AT BROADACRES DR,njt_bus,15731,,
NORTH AVE AT KILSYTH RD,njt_bus,15738,,New York
AVE C AT W 1OTH ST,njt_bus,15749,,Jersey City
AVE C AT W 10TH ST,njt_bus,15750,,Bayonne
8TH ST AT AVE C,njt_bus,15751,,Jersey City
NJ RT 440 AT DANFORTH AVE (SOCIETY HILL),njt_bus,15752,,
BERGEN AVE AT OAK ST,njt_bus,15757,,
PACIFIC AVE AT CARTERET AVE,njt_bus,15761,,Journal Square
CLINTON AVE AT NAIRN PL,njt_bus,15776,,Broad Street
MEADOWLANDS PKWY AT BROADCAST PLZ,njt_bus,15782,,
US-46 AT MONEY ST,njt_bus,15789,,
IRVINGTON BUS TERMINAL,njt_bus,15790,,
IRVINGTON BUS TERMINAL,njt_bus,15791,,
IRVINGTON BUS TERMINAL,njt_bus,15792,,
AMERICAN DREAM,njt_bus,15801,,
PASSAIC ST AT WESTMINSTER PL,njt_bus,15813,,
NEWARK AVE AT OAKLAND AVE COUNTY BUILDING,njt_bus,15814,,
LISTER AVE AT ESTHER ST,njt_bus,15829,,
LISTER AVE AT ESTHER ST,njt_bus,15830,,
ESTHER ST AT ALBERT AVE,njt_bus,15831,,
NORTH ST AT HOLLISTER RD,njt_bus,15850,,New York
NORTH ST AT HOLLISTER RD,njt_bus,15851,,
NORTH ST 389'W OF HUYLER ST,njt_bus,15852,,
NORTH ST 389'W OF HUYLER ST,njt_bus,15853,,
INDUSTRIAL AVE 998'N OF MALCOLM AVE,njt_bus,15854,,
SALEM RD AT GALLOPING HILL RD,njt_bus,15855,,New York
PASSAIC ST AT PALISADE AVE#,njt_bus,15856,,
CLIFTON AVE AT FLEISCHER PL,njt_bus,15857,,Passaic
UNION AVE AT LEHIGH PL,njt_bus,15869,,Elizabeth
NEWARK PENN STATION - RAYMOND PLAZA WEST,njt_bus,15870,,Newark
IRVINGTON AVE 92'S OF PUTNAM ST,njt_bus,15871,,New York
CLINTON AVE AT AVON AVE,njt_bus,15874,,Clinton Avenue
JFK BLVD AT W 44TH ST,njt_bus,15879,,Jersey City
BROADWAY AT 54TH STREET,njt_bus,15885,,
PASSAIC ST AT SUMMIT AVE,njt_bus,15890,,Ridgewood
NORTHFIELD AVE AT GREGORY AVE,njt_bus,15894,,
TRENTON AVE AT MICHIGAN AVE,njt_bus,15895,,
MAIN AVE AT ALLWOOD RD,njt_bus,15897,,
LISTER AVE 550'W OF CORNELIA ST,njt_bus,15898,,
LISTER AVE 550'W OF CORNELIA ST,njt_bus,15899,,
PASSAIC (TERHUNE) AVE AT ROOSEVELT AVE,njt_bus,15900,,
BROADWAY AT E 34TH ST,njt_bus,15941,,
CENTRAL AVE 175'S OF FORD LANE,njt_bus,15945,,
JFK BLVD 50'N OF BAYVIEW AVENUE,njt_bus,15950,,Jersey City
JFK BLVD AT BAYVIEW AVE,njt_bus,15951,,Bayonne
JFK BLVD AT W 7TH STREET,njt_bus,15952,,Jersey City
JFK BLVD AT W 6TH STREET,njt_bus,15953,,Bayonne
JFK BLVD AT W 4TH STREET,njt_bus,15954,,Bayonne
DUNCAN AVE AT WEST SIDE AVE,njt_bus,15956,,
DUNCAN AVE AT MALLORY AVE,njt_bus,15957,,
N 5TH ST AT VICTOR ST#,njt_bus,15958,,Paramus
CROOKS AVE AT MAIN AVE#,njt_bus,15959,,Paterson
VALLEY RD AT WATCHUNG AVE#,njt_bus,15961,,
VALLEY RD AT GORDONHURST AVE#,njt_bus,15962,,
VALLEY RD AT WILDWOOD AVE#,njt_bus,15963,,
VALLEY RD AT MARION RD#,njt_bus,15964,,
VALLEY RD AT WELLESLEY RD#,njt_bus,15965,,
VALLEY RD AT ALVIN PL,njt_bus,15966,,
VALLEY RD AT EMERSON PL#,njt_bus,15967,,
VALLEY RD AT GORDONHURST AVE#,njt_bus,15968,,
WATCHUNG AVE AT VALLEY RD#,njt_bus,15969,,
ORANGE RD AT BROOKLAWN RD,njt_bus,15970,,
ORANGE RD AT PLEASANT WAY,njt_bus,15971,,
ORANGE RD WEST 220'N OF LINDEN AVE,njt_bus,15972,,
ORANGE RD AT PLEASANT WAY,njt_bus,15973,,
ORANGE RD 60'N OF BROOKLAWN RD,njt_bus,15974,,
VALLEY RD AT VALLEY PL#,njt_bus,15975,,
IRVINGTON AVE 1000'N OF MANOR DR,njt_bus,15976,,Irvington
SANFORD AVE AT LENOX ST,njt_bus,15977,,
BLOOMFIELD AVE AT ROSELAND AVE,njt_bus,15980,,
HOLLISTER RD 75'S OF NORTH ST,njt_bus,15982,,
HOLLISTER RD AT US-46,njt_bus,15983,,
MANHATTAN AVE AT LIBERTY AVE,njt_bus,15988,,
GRAND ST AT GARFIELD AVE,njt_bus,15998,,Jersey City
ELIZABETH AVE AT STANTON ST,njt_bus,15999,,
JOURNAL SQUARE TRANSPORTATION CENTER,njt_bus,16020,,
JOURNAL SQUARE TRANSPORTATION CENTER,njt_bus,16021,,
CAESAR PL 200'N OF W COMMERCIAL AVE,njt_bus,16031,,
RIVERSIDE AVE AT FERN AVE,njt_bus,16032,,New York
JFK BLVD AT WINFIELD AVE,njt_bus,16033,,Jersey City
VETERANS ADM HOSPITAL#,njt_bus,16039,,Montclair
FRELINGHUYSEN AVE AT MEEKER AVE,njt_bus,16052,,
W PEDDIE ST AT JOHNSON AVE,njt_bus,16060,,
W PEDDIE ST AT JELLIFF AVE,njt_bus,16063,,
NEWARK PENN STATION,njt_bus,16065,,Elizabeth
EXPORT ST AT TYLER ST#,njt_bus,16067,,Kearny
MARSH ST AT MARITIME ST#,njt_bus,16068,,Kearny
MARSH ST AT COASTWISE ST#,njt_bus,16069,,Kearny
HAWTHORNE AVE AT WAINWRIGHT ST,njt_bus,16072,,
PARK AVE AT RUTHERFORD AVE,njt_bus,16082,,Clifton
MURRAY HILL PKWY AT EAST UNION AVE,njt_bus,16083,,Hackensack
MURRAY HILL PKWY AT EAST UNION AVE,njt_bus,16084,,Newark
NEW GRANDSTAND ENTRANCE,njt_bus,16087,,
LAKESIDE AVE AT MORNINGSIDE RD,njt_bus,16092,,
PLEASANT VALLEY WAY AT ROSEMONT TER,njt_bus,16093,,
PLEASANT VALLEY WAY AT WOODLAND AVE,njt_bus,16094,,
PLEASANT VALLEY WAY AT WOODLAND AVE,njt_bus,16095,,
MARGINAL RD AT COLLEGE PL,njt_bus,16142,,Clifton
OCEAN AVE AT KEARNEY AVE,njt_bus,16148,,Jersey City
OCEAN AVE AT CARTERET AVE,njt_bus,16149,,Bayonne
WASHINGTON AVE AT ROAD A,njt_bus,16159,,
WASHINGTON AVE AT ROAD A,njt_bus,16160,,
HACKENSACK ST 130'N OF PATERSON AVE,njt_bus,16161,,Newark
GREGORY AVE AT PENNINGTON AVE,njt_bus,16162,,
HACKENSACK ST AT WINTER PL,njt_bus,16163,,Hackensack
HACKENSACK ST AT WINTER PL,njt_bus,16164,,Newark
OLD SHORT HILLS RD 180'S OF EAST NORTHFIELD RD,njt_bus,16165,,
OLD SHORT HILLS RD 220'S OF EAST NORTHFIELD RD,njt_bus,16166,,
NORTHFIELD AVE AT DOGWOOD RD,njt_bus,16167,,
PASSAIC ST AT AVALON DR,njt_bus,16168,,
BERGEN AVE AT ACADEMY ST,njt_bus,16179,,Jersey City
SAINT GEORGES AVE AT MAPLE AVE,njt_bus,16196,,New York
ROSE AVE AT OLD BERGEN ROAD,njt_bus,16197,,Jersey City
MIDLAND AVE AT DAVIS AVE#,njt_bus,16218,,Jersey Gardens
PATERSON AVE AT RANDOLPH AVE,njt_bus,16228,,Ridgewood
BERGEN ST AT HAWTHORNE PL,njt_bus,16233,,Irvington
WESTFIELD AVE AT JEROME ST.,njt_bus,16234,,New York
WESTFIELD AVE AT VALLEY ROAD,njt_bus,16235,,Dunellen
S 10TH ST AT CENTRAL AVE,njt_bus,16249,,
SECAUCUS JUNCTION BUS PLAZA,njt_bus,16261,,
SECAUCUS JUNCTION BUS PLAZA,njt_bus,16262,,
SECAUCUS JUNCTION BUS PLAZA,njt_bus,16263,,
SECAUCUS JUNCTION BUS PLAZA,njt_bus,16264,,
SECAUCUS JUNCTION BUS PLAZA,njt_bus,16265,,
PASSAIC VALLEY HIGH SCHOOL,njt_bus,16266,,
RUTHERFORD AVE 350'W OF SUMMIT AVE,njt_bus,16267,,Clifton
HARRISON AVE AT TICHENOR PL,njt_bus,16268,,East Orange
HARRISON AVE AT UNION ST,njt_bus,16269,,Montclair
HARRISON AVE AT LLEWELLYN RD,njt_bus,16293,,East Orange
SAINT GEORGES AVE AT UNION ST,njt_bus,16318,,New York
SAINT GEORGES AVE AT BILLY CT,njt_bus,16319,,Rahway
MARKET ST AT PASSAIC ST#,njt_bus,16337,,Paramus
MARKET ST AT PASSAIC ST#,njt_bus,16338,,Paterson
ELIZABETH AVE 536'N OF DONALDSON PL.,njt_bus,16349,,
SAINT GEORGES AVE AT BALDWIN AVE,njt_bus,16350,,
WILSON AVE AT DOREMUS AVE,njt_bus,16351,,
BROADWAY AT 55TH STREET,njt_bus,16354,,Ocean Avenue
WOOD AVE AT WOOD PLACE,njt_bus,16363,,
POMPTON AVE 185'N OF COMMERCE RD,njt_bus,16364,,Newark
NORMAL AVE AT UPPER MOUNTAIN AVE,njt_bus,16368,,
FRANK RODGERS BLVD AT CLEVELAND AVE#,njt_bus,16369,,
CHANCELLOR AVE AT WOOLSEY ST,njt_bus,16381,,Newark
NEWARK AVE AT PAVONIA AVE#,njt_bus,16395,,
WASHINGTON AVE AT BARELL AVE,njt_bus,16458,,
POLIFLY RD AT CHARLES ST,njt_bus,16462,,Hackensack
WASHINGTON AVE AT JOMIKE CT,njt_bus,16504,,
LOCUST AVE AT STRONG ST,njt_bus,16514,,
E MT PLEASANT AVE AT LAFAYETTE DR,njt_bus,16520,,Newark
E MT PLEASANT AVE AT CHELSEA DR,njt_bus,16521,,West Caldwell
RIVER DR AT KENSINGTON TER,njt_bus,16537,,
15TH AVE AT BRUCE ST,njt_bus,16541,,
15TH AVE AT BRUCE ST,njt_bus,16542,,
CHANCELLOR AVE AT RUTGERS ST,njt_bus,16571,,Newark
SOUTH ORANGE AVE AT VERMONT AVE,njt_bus,16574,,Newark Penn Station
DELAWANNA AVE AT MAIN AVE,njt_bus,16579,,
LEGACY SQUARE NORTH 70'N OF PLEASANT STREET,njt_bus,16581,,
LINDEN PLAZA (AT SUPERMARKET)#,njt_bus,16586,,
BROAD ST AT JERSEY ST,njt_bus,16592,,Newark
TERMINAL A,njt_bus,16593,,Elizabeth
AVENUE P 300'N OF WILSON AVE,njt_bus,16604,,
DOREMUS AVE AT ROANOKE AVE,njt_bus,16605,,
18TH AVE AT WEST END AVE,njt_bus,16606,,
SOUTH ORANGE AVE AT HOWARD ST,njt_bus,16608,,South Orange Avenue
IRVINGTON AVE AT EDER TER,njt_bus,16611,,New York
PASSAIC ST AT 6TH ST,njt_bus,16614,,
DOVER STREET LOOP#,njt_bus,16615,,Newark Penn Station
DOVER STREET LOOP,njt_bus,16616,,South Orange Avenue
HUDSON MALL ENTRANCE#,njt_bus,16617,,
STADIUM PLAZA SHOPPING CTR#,njt_bus,16618,,
RAYMOND BLVD AT COMMERCE CT,njt_bus,16619,,Elizabeth
MALLORY AVE AT YALE AVE,njt_bus,16620,,
MALLORY AVE AT EGE AVE,njt_bus,16621,,
MALLORY AVE AT CLENDENNY AVE,njt_bus,16622,,
MALLORY AVE AT UNION ST,njt_bus,16623,,
MALLORY AVE AT EGE AVE,njt_bus,16624,,
W PASSAIC AVE AT BARNETT ST,njt_bus,16625,,Bloomfield
W PASSAIC AVE AT LINDBERGH BLVD,njt_bus,16626,,Bloomfield
BROAD ST AT HIGHFIELD RD,njt_bus,16627,,
RUTGERS ST AT CORTLANDT ST,njt_bus,16628,,
RUTGERS ST AT CORTLANDT ST,njt_bus,16629,,
BELLEVILLE AVE AT DEWITT AVE,njt_bus,16630,,
SANFORD ST AT TREMONT AVE,njt_bus,16631,,
PENNSYLVANIA AVE AT EMMET ST,njt_bus,16632,,
WEST SIDE AVE AT STUYVESANT AVE,njt_bus,16634,,
SOUTH ORANGE AVE AT SUNNYSIDE TER,njt_bus,16636,,South Orange Avenue
GARFIELD AVE AT GATES AVE,njt_bus,16652,,
GARFIELD AVE AT GATES AVE,njt_bus,16653,,
CAESAR PL AT W COMMERCIAL AVE,njt_bus,16654,,
STUYVESANT AVE AT FLEETWOOD PL,njt_bus,16663,,
ORIENT WAY AT VAN RIPER AVE,njt_bus,16664,,
POMPTON AVE AT MYRTLE AVE,njt_bus,16673,,Willowbrook
JOHNSTON AVE AT MONITOR ST,njt_bus,16675,,Newport Mall
LIBERTY STATE PARK - PARK & RIDE,njt_bus,16676,,Newport Mall
PACIFIC AVE AT BRAMHALL AVE,njt_bus,16677,,Newport Mall
PACIFIC AVE AT CARTERET AVE,njt_bus,16678,,Newport Mall
GARFIELD AVE AT CLAREMONT AVE,njt_bus,16679,,Newport Mall
GARFIELD AVE AT BRAMHALL AVE,njt_bus,16680,,Newport Mall
GARFIELD AVE 35'S OF HARMON ST,njt_bus,16681,,Newport Mall
BROADWAY AT LAFAYETTE AVE,njt_bus,16684,,
LEXINGTON AVE AT PRESIDENT ST,njt_bus,16695,,
BERGEN ST AT AVON AVE/AVON AVE AT HUNTERDON ST,njt_bus,16697,,
BROAD ST AT ELMBROOK PL,njt_bus,16708,,
IRVINGTON BUS TERMINAL,njt_bus,16744,,Broad Street
IRVINGTON BUS TERMINAL,njt_bus,16745,,
BROAD ST AT BRANFORD PL/EDISON PL,njt_bus,16750,,Newark
BROAD ST AT MARKET ST,njt_bus,16751,,Elizabeth
BROAD ST ACROSS FROM NJT STATION,njt_bus,16752,,Broad Street
BROAD ST ACROSS FROM NJT STATION,njt_bus,16753,,
BROAD ST AT LACKAWANNA AVE,njt_bus,16754,,Clinton Avenue
BROAD ST AT LACKAWANNA AVE,njt_bus,16755,,
BROAD ST AT MARKET ST,njt_bus,16756,,Newark
BROAD ST AT BRANFORD PL/EDISON PL,njt_bus,16757,,Plainfield
MARKET ST AT BROAD ST,njt_bus,16758,,
EASTBOUND MARKET ST UNDER BRIDGE,njt_bus,16759,,
EASTBOUND MARKET ST UNDER BRIDGE,njt_bus,16760,,
MARKET ST BUS LANE AT RAYMOND PLAZA W,njt_bus,16761,,
MARKET ST BUS LANE AT RAYMOND PLAZA W,njt_bus,16762,,
MARKET ST AT BROAD ST,njt_bus,16763,,
MARKET ST AT BROAD ST,njt_bus,16764,,
MARKET ST AT HALSEY ST,njt_bus,16765,,
BUS LANES (RAYMOND BLVD SIDE),njt_bus,16766,,Irvington
BUS LANES (RAYMOND BLVD SIDE),njt_bus,16767,,
BUS LANES (RAYMOND BLVD SIDE),njt_bus,16768,,
BUS LANES (RAYMOND BLVD SIDE),njt_bus,16769,,Newark
BUS LANES (RAYMOND BLVD SIDE),njt_bus,16770,,Newark
BUS LANES (RAYMOND BLVD SIDE),njt_bus,16771,,Newark
BUS LANES (RAYMOND BLVD SIDE),njt_bus,16772,,Newark
BUS LANES (RAYMOND BLVD SIDE),njt_bus,16773,,Newark
BUS LANES (RAYMOND BLVD SIDE),njt_bus,16774,,
BUS LANES (RAYMOND BLVD SIDE),njt_bus,16775,,
RAYMOND BLVD AT RAYMOND PLAZA EAST,njt_bus,16776,,Newark
UNIVERSITY AVE AT LACKAWANNA AVE,njt_bus,16777,,
UNIVERSITY AVE AT LACKAWANNA AVE,njt_bus,16778,,
UNIVERSITY AVE AT LACKAWANNA AVE,njt_bus,16779,,Hackensack
JOURNAL SQUARE TRANSPORTATION CENTER,njt_bus,16791,,
JOURNAL SQUARE TRANSPORTATION CENTER,njt_bus,16792,,
JOURNAL SQUARE TRANSPORTATION CENTER,njt_bus,16793,,
JOURNAL SQUARE TRANSPORTATION CENTER,njt_bus,16794,,Ocean Avenue
JOURNAL SQUARE TRANSPORTATION CENTER,njt_bus,16795,,
JOURNAL SQUARE TRANSPORTATION CENTER,njt_bus,16796,,
JOURNAL SQUARE TRANSPORTATION CENTER,njt_bus,16797,,
JOURNAL SQUARE TRANSPORTATION CENTER,njt_bus,16798,,
JOURNAL SQUARE TRANSPORTATION CENTER,njt_bus,16799,,
JOURNAL SQUARE TRANSPORTATION CENTER,njt_bus,16800,,
JOURNAL SQUARE TRANSPORTATION CENTER,njt_bus,16801,,
JOURNAL SQUARE TRANSPORTATION CENTER,njt_bus,16802,,
ALLWOOD PARK & RIDE,njt_bus,16907,,New York
ALLWOOD PARK & RIDE,njt_bus,16908,,Clifton
ALLWOOD PARK & RIDE,njt_bus,16909,,
ALLWOOD PARK & RIDE,njt_bus,16910,,Clifton
MAIN AVE AT HENRY ST,njt_bus,16911,,
WILLOWBROOK PARK & RIDE,njt_bus,16918,,New York Express
WILLOWBROOK PARK & RIDE,njt_bus,16919,,
WILLOWBROOK MALL SHOPPERS STOP,njt_bus,16920,,
WILLOWBROOK MALL SHOPPERS STOP,njt_bus,16921,,Willowbrook
WILLOWBROOK MALL SHOPPERS STOP,njt_bus,16922,,
WILLOWBROOK MALL SHOPPERS STOP,njt_bus,16923,,Wayne
IRVINGTON BUS TERMINAL,njt_bus,16936,,Irvington
IRVINGTON BUS TERMINAL,njt_bus,16937,,
IRVINGTON BUS TERMINAL,njt_bus,16938,,New York
JOURNAL SQUARE TRANSPORTATION CENTER,njt_bus,16942,,Jersey City
JOURNAL SQUARE TRANSPORTATION CENTER,njt_bus,16943,,Bayonne
JOURNAL SQUARE TRANSPORTATION CENTER,njt_bus,16944,,
JOURNAL SQUARE TRANSPORTATION CENTER,njt_bus,16945,,
JOURNAL SQUARE TRANSPORTATION CENTER,njt_bus,16946,,
JOURNAL SQUARE TRANSPORTATION CENTER,njt_bus,16947,,Hoboken
JOURNAL SQUARE TRANSPORTATION CENTER,njt_bus,16948,,Bayonne
JOURNAL SQUARE TRANSPORTATION CENTER,njt_bus,16949,,Hoboken
SECAUCUS JUNCTION BUS PLAZA,njt_bus,16953,,Secaucus
SECAUCUS JUNCTION BUS PLAZA,njt_bus,16954,,Secaucus
SECAUCUS JUNCTION BUS PLAZA,njt_bus,16955,,
SECAUCUS JUNCTION BUS PLAZA,njt_bus,16956,,
SECAUCUS JUNCTION BUS PLAZA,njt_bus,16965,,
SECAUCUS JUNCTION BUS PLAZA,njt_bus,16966,,
SECAUCUS JUNCTION BUS PLAZA,njt_bus,16967,,
SECAUCUS JUNCTION BUS PLAZA,njt_bus,16968,,
IRVINGTON BUS TERMINAL,njt_bus,16979,,Irvington
IRVINGTON BUS TERMINAL,njt_bus,16980,,
IRVINGTON BUS TERMINAL,njt_bus,16981,,
JOURNAL SQUARE TRANSPORTATION CENTER,njt_bus,16985,,
JOURNAL SQUARE TRANSPORTATION CENTER,njt_bus,16986,,Jersey City
BROAD ST AT BRANFORD PL/EDISON PL,njt_bus,16993,,
BROAD ST AT MARKET ST,njt_bus,16994,,
BROAD ST ACROSS FROM NJT STATION,njt_bus,16995,,
BROAD ST AT LACKAWANNA AVE,njt_bus,16996,,
BROAD ST AT MARKET ST,njt_bus,16997,,
BROAD ST AT BRANFORD PL/EDISON PL,njt_bus,16998,,Newark
MARKET ST AT BROAD ST,njt_bus,16999,,Newark Penn Station
EASTBOUND MARKET ST UNDER BRIDGE,njt_bus,17000,,Elizabeth
MARKET ST BUS LANE AT RAYMOND PLAZA W,njt_bus,17001,,
MARKET ST AT BROAD ST,njt_bus,17002,,South Orange Avenue
MARKET ST AT HALSEY ST,njt_bus,17003,,
BUS LANES (RAYMOND BLVD SIDE),njt_bus,17004,,Mountainside
RAYMOND BLVD AT RAYMOND PLAZA EAST,njt_bus,17005,,UPS Secaucus Express
UNIVERSITY AVE AT LACKAWANNA AVE,njt_bus,17008,,
JOURNAL SQUARE TRANSPORTATION CENTER,njt_bus,17010,,
IRVINGTON BUS TERMINAL,njt_bus,17011,,Clinton Avenue
IRVINGTON BUS TERMINAL,njt_bus,17012,,
WILLOWBROOK PARK & RIDE,njt_bus,17025,,
WILLOWBROOK MALL SHOPPERS STOP,njt_bus,17026,,
WILLOWBROOK MALL SHOPPERS STOP,njt_bus,17027,,Paterson
WILLOWBROOK MALL SHOPPERS STOP,njt_bus,17028,,Newark
ALLWOOD PARK & RIDE,njt_bus,17030,,Willowbrook Mall
ALLWOOD PARK & RIDE,njt_bus,17031,,Passaic
MAIN AVE AT HENRY ST,njt_bus,17035,,
Albertson,lirr,ABT,,
Islip,lirr,ISP,,
Inwood,lirr,IWD,,
Jamaica,lirr,JAM,,
Kew Gardens,lirr,KGN,,
Broadway,lirr,BDY,,
Kings Park,lirr,KPK,,
Long Beach,lirr,LBH,,
Lawrence,lirr,LCE,,
Lindenhurst,lirr,LHT,,
Long Island City,lirr,LIC,,
Locust Manor,lirr,LMR,,
Little Neck,lirr,LNK,,
Laurelton,lirr,LTN,,
Locust Valley,lirr,LVL,,
Lakeview,lirr,LVW,,
Lynbrook,lirr,LYN,,
Mattituck,lirr,MAK,,
Merillon Avenue,lirr,MAV,,
Medford,lirr,MFD,,
Bridgehampton,lirr,BHN,,
Murray Hill,lirr,MHL,,
Manhasset,lirr,MHT,,
Mineola,lirr,MIN,,
Massapequa Park,lirr,MPK,,
Massapequa,lirr,MQA,,
Stony Brook,lirr,BK,,
Mastic-Shirley,lirr,MSY,,
Montauk,lirr,MTK,,
Malverne,lirr,MVN,,
Nostrand Avenue,lirr,NAV,,
Nassau Boulevard,lirr,NBD,,
New Hyde Park,lirr,NHP,,
Northport,lirr,NPT,,
Oyster Bay,lirr,OBY,,
Oceanside,lirr,ODE,,
Oakdale,lirr,ODL,,
Bellmore,lirr,BMR,,
Plandome,lirr,PDM,,
Patchogue,lirr,PGE,,
Port Jefferson,lirr,PJN,,
Pinelawn,lirr,PLN,,
Port Washington,lirr,PWS,,
Queens Village,lirr,QVG,,
Riverhead,lirr,RHD,,
Ronkonkoma,lirr,RON,,
Rosedale,lirr,ROS,,
Roslyn,lirr,RSN,,
Rockville Centre,lirr,RVC,,
St. Albans,lirr,SAB,,
Sea Cliff,lirr,SCF,,
Seaford,lirr,SFD,,
Southold,lirr,SHD,,
Southampton,lirr,SHN,,
St. James,lirr,SJM,,
Stewart Manor,lirr,SMR,,
Speonk,lirr,SPK,,
Mets-Willets Point,lirr,SSM,,
Auburndale,lirr,ADL,,
Bethpage,lirr,BPG,,
Smithtown,lirr,STN,,
Sayville,lirr,SVL,,
Syosset,lirr,SYT,,
Bellport,lirr,BPT,,
Valley Stream,lirr,VSM,,
Westbury,lirr,WBY,,
Woodside,lirr,WDD,,
Wantagh,lirr,WGH,,
West Hempstead,lirr,WHD,,
Woodmere,lirr,WMR,,
Westwood,lirr,WWD,,
Wyandanch,lirr,WYD,,
Yaphank-BNL,lirr,YPK,,
Baldwin,lirr,BWN,,
Merrick,lirr,MRK,,
Bellerose,lirr,BRS,,
Westhampton,lirr,WHN,,
Penn Station,lirr,NYK,,
Belmont Park,lirr,BRT,,
Atlantic Terminal,lirr,ATL,,
Bayside,lirr,BSD,,
Bay Shore,lirr,BSR,,
Babylon,lirr,BTA,,
Brentwood,lirr,BWD,,
Centre Avenue,lirr,CAV,,
Cedarhurst,lirr,CHT,,
Central Islip,lirr,CI,,
Grand Central,lirr,GCT,,
Elmont-UBS Arena,lirr,EMT,,
Country Life Press,lirr,CLP,,
Copiague,lirr,CPG,,
Carle Place,lirr,CPL,,
Amagansett,lirr,AGT,,
Cold Spring Harbor,lirr,CSH,,
Douglaston,lirr,DGL,,
Deer Park,lirr,DPK,,
East Hampton,lirr,EHN,,
East New York,lirr,ENY,,
East Rockaway,lirr,ERY,,
East Williston,lirr,EWN,,
Forest Hills,lirr,FHL,,
Flushing Main Street,lirr,FLS,,
Farmingdale,lirr,FMD,,
Floral Park,lirr,FPK,,
Freeport,lirr,FPT,,
Far Rockaway,lirr,FRY,,
Gibson,lirr,GBN,,
Glen Cove,lirr,GCV,,
Garden City,lirr,GCY,,
Glen Head,lirr,GHD,,
Great Neck,lirr,GNK,,
Greenport,lirr,GPT,,
Great River,lirr,GRV,,
Glen Street,lirr,GST,,
Greenvale,lirr,GVL,,
Greenlawn,lirr,GWN,,
Amityville,lirr,AVL,,
Hampton Bays,lirr,HBY,,
Hempstead,lirr,HEM,,
Hempstead Gardens,lirr,HGN,,
Hillside Facility,lirr,HIL,,
Hollis,lirr,HOL,,
Hunterspoint Avenue,lirr,HPA,,
Huntington,lirr,HUN,,
Hicksville,lirr,HVL,,
Hewlett,lirr,HWT,,
Island Park,lirr,IPK,,
