trip_id,route_short_name
23661920,NLR
23661921,NLR
23661922,NLR
23661923,NLR
23661924,NLR
23661925,NLR
23661926,NLR
23661927,NLR
23661928,NLR
23661929,NLR
23661930,NLR
23661931,NLR
23661932,NLR
23661933,NLR
23661934,NLR
23661935,NLR
23661936,NLR
23661937,NLR
23661938,NLR
23661939,NLR
23661940,NLR
23661941,NLR
23661942,NLR
23661943,NLR
23661944,NLR
23661945,NLR
23661946,NLR
23661947,NLR
23661948,NLR
23661949,NLR
23661950,NLR
23661951,NLR
23661952,NLR
23661953,NLR
23661954,NLR
23661955,NLR
23661956,NLR
23661957,NLR
23661958,NLR
23661959,NLR
23661960,NLR
23661961,NLR
23661962,NLR
23661963,NLR
23661964,NLR
23661965,NLR
23661966,NLR
23661967,NLR
23661968,NLR
23661969,NLR
23661970,NLR
23661971,NLR
23661972,NLR
23661973,NLR
23661974,NLR
23661975,NLR
23661976,NLR
23661977,NLR
23661978,NLR
23661979,NLR
23661980,NLR
23661981,NLR
23661982,NLR
23661983,NLR
23661984,NLR
23661985,NLR
23661986,NLR
23661987,NLR
23661988,NLR
23661989,NLR
23661990,NLR
23661991,NLR
23661992,NLR
23661993,NLR
23661994,NLR
23661995,NLR
23661996,NLR
23661997,NLR
23661998,NLR
23661999,NLR
23662000,NLR
23662001,NLR
23662002,NLR
23662003,NLR
23662004,NLR
23662005,NLR
23662006,NLR
23662007,NLR
23662008,NLR
23662009,NLR
23662010,NLR
23662011,NLR
23662012,NLR
23662013,NLR
23662014,NLR
23662015,NLR
23662016,NLR
23662018,NLR
23694903,NLR
23694904,NLR
23694905,NLR
23694906,NLR
23694907,NLR
23694908,NLR
23694909,NLR
23694910,NLR
23694911,NLR
23694912,NLR
23694913,NLR
23694914,NLR
23694915,NLR
23694916,NLR
23694917,NLR
23694918,NLR
23694919,NLR
23694920,NLR
23694921,NLR
23694922,NLR
23694923,NLR
23694924,NLR
23694925,NLR
23694926,NLR
23694927,NLR
23694928,NLR
23694929,NLR
23694930,NLR
23694931,NLR
23694932,NLR
23694933,NLR
23694934,NLR
23694935,NLR
23694936,NLR
23694937,NLR
23694938,NLR
23694939,NLR
23694940,NLR
23694941,NLR
23694942,NLR
23694943,NLR
23694944,NLR
23694945,NLR
23694946,NLR
23694947,NLR
23694948,NLR
23694949,NLR
23694950,NLR
23694951,NLR
23694952,NLR
23694953,NLR
23694954,NLR
23694955,NLR
23694956,NLR
23694957,NLR
23694958,NLR
23694959,NLR
23694960,NLR
23694961,NLR
23694962,NLR
23694963,NLR
23694964,NLR
23694965,NLR
23694966,NLR
23694967,NLR
23694968,NLR
23694969,NLR
23694970,NLR
23694971,NLR
23694972,NLR
23694973,NLR
23694974,NLR
23694975,NLR
23694976,NLR
23694977,NLR
23694978,NLR
23694979,NLR
23694980,NLR
23694981,NLR
23694982,NLR
23694983,NLR
23694984,NLR
23694985,NLR
23694986,NLR
23694987,NLR
23694988,NLR
23694989,NLR
23694990,NLR
23694991,NLR
23694992,NLR
23694993,NLR
23694994,NLR
23694995,NLR
23694996,NLR
23694997,NLR
23694998,NLR
23694999,NLR
23695000,NLR
23695001,NLR
23695002,NLR
23695003,NLR
23695004,NLR
23695005,NLR
23695006,NLR
23695007,NLR
23695008,NLR
23695009,NLR
23695010,NLR
23695011,NLR
23695012,NLR
23695013,NLR
23695016,NLR
23695017,NLR
23695018,NLR
23695019,NLR
23695020,NLR
23695021,NLR
23695022,NLR
23695023,NLR
23695024,NLR
23695027,NLR
23695028,NLR
23700514,NLR
23700515,NLR
23700516,NLR
23700517,NLR
23700518,NLR
23700519,NLR
23700520,NLR
23700521,NLR
23700522,NLR
23700523,NLR
23700524,NLR
23700525,NLR
23700526,NLR
23700527,NLR
23700528,NLR
23700529,NLR
23700530,NLR
23700531,NLR
23700532,NLR
23700533,NLR
23700534,NLR
23700535,NLR
23700536,NLR
23700537,NLR
23700538,NLR
23700539,NLR
23700540,NLR
23700541,NLR
23700542,NLR
23700543,NLR
23700544,NLR
23700545,NLR
23700546,NLR
23700547,NLR
23700548,NLR
23700549,NLR
23700550,NLR
23700551,NLR
23700552,NLR
23700553,NLR
23700554,NLR
23700555,NLR
23700556,NLR
23700557,NLR
23700558,NLR
23700559,NLR
23700560,NLR
23700561,NLR
23700562,NLR
23700563,NLR
23700564,NLR
23700565,NLR
23700566,NLR
23700567,NLR
23700568,NLR
23700569,NLR
23700570,NLR
23700571,NLR
23700572,NLR
23700573,NLR
23700574,NLR
23700575,NLR
23700576,NLR
23700577,NLR
23700578,NLR
23700579,NLR
23700580,NLR
23700581,NLR
23700582,NLR
23700583,NLR
23700584,NLR
23700585,NLR
23700586,NLR
23700587,NLR
23700588,NLR
23700589,NLR
23700590,NLR
23700591,NLR
23700592,NLR
23700593,NLR
23700594,NLR
23700595,NLR
23700596,NLR
23700597,NLR
23700598,NLR
23700599,NLR
23700600,NLR
23700601,NLR
23700602,NLR
23700603,NLR
23700604,NLR
23700605,NLR
23700606,NLR
23700607,NLR
23700608,NLR
23700609,NLR
23700610,NLR
23700611,NLR
23700612,NLR
23700613,NLR
23700614,NLR
23700615,NLR
23700616,NLR
23700617,NLR
23700618,NLR
23700619,NLR
23700620,NLR
23700621,NLR
23700622,NLR
23700623,NLR
23700624,NLR
23700625,NLR
23700626,NLR
23700627,NLR
23700628,NLR
23700629,NLR
23700630,NLR
23700631,NLR
23700632,NLR
23700633,NLR
23700634,NLR
23700635,NLR
23700636,NLR
23700637,NLR
23700638,NLR
23700639,NLR
23700640,NLR
23700641,NLR
23700642,NLR
23700643,NLR
23700644,NLR
23700645,NLR
23700646,NLR
23700647,NLR
23700648,NLR
23700649,NLR
23700650,NLR
23700651,NLR
23700652,NLR
23700653,NLR
23700654,NLR
23700655,NLR
23700656,NLR
23700657,NLR
23700658,NLR
23700659,NLR
23700660,NLR
23700661,NLR
23700662,NLR
23700663,NLR
23700664,NLR
23700665,NLR
23700666,NLR
23700667,NLR
23700668,NLR
23700669,NLR
23700670,NLR
23700671,NLR
23700672,NLR
23700673,NLR
23700674,NLR
23700675,NLR
23700676,NLR
23700677,NLR
23700678,NLR
23700679,NLR
23700680,NLR
23700681,NLR
23700682,NLR
23700683,NLR
23700684,NLR
23700685,NLR
23700686,NLR
23700687,NLR
23700688,NLR
23700689,NLR
23700690,NLR
23700691,NLR
23700692,NLR
23700693,NLR
23700694,NLR
23700695,NLR
23700696,NLR
23700697,NLR
23700698,NLR
23700699,NLR
23700700,NLR
23700701,NLR
23700702,NLR
23700703,NLR
23700704,NLR
23700705,NLR
23700706,NLR
23700707,NLR
23700708,NLR
23700709,NLR
23700710,NLR
23700711,NLR
23700712,NLR
23700713,NLR
23700714,NLR
23700715,NLR
23700716,NLR
23700717,NLR
23700718,NLR
23700719,NLR
23700720,NLR
23700721,NLR
23700722,NLR
23700723,NLR
23700724,NLR
23700725,NLR
23700726,NLR
23700727,NLR
23700728,NLR
23700729,NLR
23700730,NLR
23700731,NLR
23700732,NLR
23700733,NLR
23700734,NLR
23700735,NLR
23700736,NLR
23700737,NLR
23700738,NLR
23700739,NLR
23700740,NLR
23700741,NLR
23700742,NLR
23700743,NLR
23700744,NLR
23700745,NLR
23700746,NLR
23700747,NLR
23700748,NLR
23700749,NLR
23700750,NLR
23700751,NLR
23700752,NLR
23700753,NLR
23700754,NLR
23700755,NLR
23700756,NLR
23700757,NLR
23700758,NLR
23700759,NLR
23700760,NLR
23700761,NLR
23700762,NLR
23700763,NLR
23700764,NLR
23700765,NLR
23700766,NLR
23700767,NLR
23700768,NLR
23700769,NLR
23700770,NLR
23700771,NLR
23700772,NLR
23700773,NLR
23700774,NLR
23700775,NLR
23700776,NLR
23700777,NLR
23700778,NLR
23700779,NLR
23700780,NLR
23700781,NLR
23700782,NLR
23700783,NLR
23700784,NLR
23700785,NLR
23700786,NLR
23700787,NLR
23700788,NLR
23700789,NLR
23700790,NLR
23700791,NLR
23700792,NLR
23700793,NLR
23700794,NLR
23700795,NLR
23700796,NLR
23700797,NLR
23700798,NLR
23700799,NLR
23700800,NLR
23700801,NLR
23700802,NLR
23700803,NLR
23700804,NLR
23700805,NLR
23700806,NLR
23700807,NLR
23700808,NLR
23700809,NLR
23700810,NLR
23700811,NLR
23700812,NLR
23700813,NLR
23700814,NLR
23700815,NLR
23700816,NLR
23700817,NLR
23700818,NLR
23700819,NLR
23700820,NLR
23700821,NLR
23700822,NLR
23700823,NLR
23700824,NLR
23700825,NLR
23700826,NLR
23700827,NLR
23700828,NLR
23700829,NLR
23700830,NLR
23700831,NLR
23700832,NLR
23700833,NLR
23700834,NLR
23700835,NLR
23700836,NLR
23700837,NLR
23700838,NLR
23700839,NLR
23700840,NLR
23700841,NLR
23700842,NLR
23700843,NLR
23700844,NLR
23700845,NLR
23700846,NLR
23700847,NLR
23700848,NLR
23700849,NLR
23700850,NLR
23700851,NLR
23700852,NLR
23700853,NLR
23700854,NLR
23700855,NLR
23700856,NLR
23700857,NLR
23700858,NLR
23700859,NLR
23700860,NLR
23700861,NLR
23700862,NLR
23700863,NLR
23700864,NLR
23700865,NLR
23700866,NLR
23700867,NLR
23700868,NLR
23700869,NLR
23700870,NLR
23700871,NLR
23700872,NLR
23700873,NLR
23700874,NLR
23700875,NLR
23700876,NLR
23700877,NLR
23700878,NLR
23700879,NLR
23700880,NLR
23700881,NLR
23700882,NLR
23700883,NLR
23700884,NLR
23700885,NLR
23700886,NLR
23700887,NLR
23700888,NLR
23700889,NLR
23700890,NLR
23700891,NLR
23700892,NLR
23700893,NLR
23700894,NLR
23700895,NLR
23700896,NLR
23700897,NLR
23700898,NLR
23700899,NLR
23700900,NLR
23700901,NLR
23700902,NLR
23700903,NLR
23700904,NLR
23700905,NLR
23700906,NLR
23700907,NLR
23700908,NLR
23700909,NLR
23700910,NLR
23700911,NLR
23700912,NLR
23700913,NLR
23700914,NLR
23700915,NLR
23700916,NLR
23700917,NLR
23700918,NLR
23700919,NLR
23700920,NLR
23700921,NLR
23700922,NLR
23700923,NLR
23700924,NLR
23700925,NLR
23700926,NLR
23700927,NLR
23700928,NLR
23700929,NLR
23700930,NLR
23700931,NLR
23700932,NLR
23700933,NLR
23700934,NLR
23700935,NLR
23700936,NLR
23700937,NLR
23700938,NLR
23700939,NLR
23700940,NLR
23700941,NLR
23700942,NLR
23700943,NLR
23700944,NLR
23700945,NLR
23700946,NLR
23700947,NLR
23700948,NLR
23700949,NLR
23700950,NLR
23700951,NLR
23700952,NLR
23700953,NLR
23700954,NLR
23700955,NLR
23700956,NLR
23700957,NLR
23700958,NLR
23700959,NLR
23700960,NLR
23700961,NLR
23700962,NLR
23700963,NLR
23700964,NLR
23700965,NLR
23700966,NLR
23700967,NLR
23700968,NLR
23700969,NLR
23700971,NLR
23700972,NLR
23701187,NLR
23701188,NLR
23701189,NLR
23701190,NLR
23701191,NLR
23701192,NLR
23701193,NLR
23701194,NLR
23701195,NLR
23701196,NLR
23701197,NLR
23701198,NLR
23701199,NLR
23701200,NLR
23701201,NLR
23701202,NLR
23701203,NLR
23701204,NLR
23701205,NLR
23701206,NLR
23701207,NLR
23701208,NLR
23701209,NLR
23701210,NLR
23701211,NLR
23701212,NLR
23701213,NLR
23701214,NLR
23701215,NLR
23701218,NLR
25904785,HBLR
25904786,HBLR
25904787,HBLR
25904788,HBLR
25904789,HBLR
25904790,HBLR
25904791,HBLR
25904792,HBLR
25904793,HBLR
25904794,HBLR
25904795,HBLR
25904796,HBLR
25904797,HBLR
25904798,HBLR
25904799,HBLR
25904800,HBLR
25904801,HBLR
25904802,HBLR
25904803,HBLR
25904804,HBLR
25904805,HBLR
25904806,HBLR
25904807,HBLR
25904808,HBLR
25904809,HBLR
25904810,HBLR
25904811,HBLR
25904812,HBLR
25904813,HBLR
25904814,HBLR
25904815,HBLR
25904816,HBLR
25904817,HBLR
25904818,HBLR
25904819,HBLR
25904820,HBLR
25904821,HBLR
25904822,HBLR
25904823,HBLR
25904824,HBLR
25904825,HBLR
25904826,HBLR
25904827,HBLR
25904828,HBLR
25904829,HBLR
25904830,HBLR
25904831,HBLR
25904832,HBLR
25904833,HBLR
25904834,HBLR
25904835,HBLR
25904836,HBLR
25904837,HBLR
25904838,HBLR
25904839,HBLR
25904840,HBLR
25904841,HBLR
25904842,HBLR
25904843,HBLR
25904844,HBLR
25904845,HBLR
25904846,HBLR
25904847,HBLR
25904848,HBLR
25904849,HBLR
25904850,HBLR
25904851,HBLR
25904852,HBLR
25904853,HBLR
25904854,HBLR
25904855,HBLR
25904856,HBLR
25904857,HBLR
25904858,HBLR
25904859,HBLR
25904860,HBLR
25904861,HBLR
25904862,HBLR
25904863,HBLR
25904864,HBLR
25904865,HBLR
25904866,HBLR
25904867,HBLR
25904868,HBLR
25904869,HBLR
25904870,HBLR
25904871,HBLR
25904872,HBLR
25904873,HBLR
25904874,HBLR
25904875,HBLR
25904876,HBLR
25904877,HBLR
25904878,HBLR
25904879,HBLR
25904880,HBLR
25904881,HBLR
25904882,HBLR
25904883,HBLR
25904884,HBLR
25904885,HBLR
25904886,HBLR
25904887,HBLR
25904888,HBLR
25904889,HBLR
25904890,HBLR
25904891,HBLR
25904892,HBLR
25904893,HBLR
25904894,HBLR
25904895,HBLR
25904896,HBLR
25904897,HBLR
25904898,HBLR
25904899,HBLR
25904900,HBLR
25904901,HBLR
25904902,HBLR
25904903,HBLR
25904904,HBLR
25904905,HBLR
25904906,HBLR
25904907,HBLR
25904908,HBLR
25904909,HBLR
25904910,HBLR
25904911,HBLR
25904912,HBLR
25904913,HBLR
25904914,HBLR
25904915,HBLR
25904916,HBLR
25904917,HBLR
25904918,HBLR
25904919,HBLR
25904920,HBLR
25904921,HBLR
25904922,HBLR
25904923,HBLR
25904924,HBLR
25904925,HBLR
25904926,HBLR
25904927,HBLR
25904928,HBLR
25904929,HBLR
25904930,HBLR
25904931,HBLR
25904932,HBLR
25904933,HBLR
25904934,HBLR
25904935,HBLR
25904936,HBLR
25904937,HBLR
25904938,HBLR
25904939,HBLR
25904940,HBLR
25904941,HBLR
25904942,HBLR
25904943,HBLR
25904944,HBLR
25904945,HBLR
25904946,HBLR
25904947,HBLR
25904948,HBLR
25904949,HBLR
25904950,HBLR
25904951,HBLR
25904952,HBLR
25904953,HBLR
25904954,HBLR
25904955,HBLR
25904956,HBLR
25904957,HBLR
25904958,HBLR
25904959,HBLR
25904960,HBLR
25904961,HBLR
25904962,HBLR
25904963,HBLR
25904964,HBLR
25904965,HBLR
25904966,HBLR
25904967,HBLR
25904968,HBLR
25904969,HBLR
25904970,HBLR
25904971,HBLR
25904972,HBLR
25904973,HBLR
25904974,HBLR
25904975,HBLR
25904976,HBLR
25904977,HBLR
25904978,HBLR
25904979,HBLR
25904980,HBLR
25904981,HBLR
25904982,HBLR
25904983,HBLR
25904984,HBLR
25904985,HBLR
25904986,HBLR
25904987,HBLR
25904988,HBLR
25904989,HBLR
25904990,HBLR
25904991,HBLR
25904992,HBLR
25904993,HBLR
25904994,HBLR
25904995,HBLR
25904996,HBLR
25904997,HBLR
25904998,HBLR
25904999,HBLR
25905000,HBLR
25905001,HBLR
25905002,HBLR
25905003,HBLR
25905004,HBLR
25905005,HBLR
25905006,HBLR
25905007,HBLR
25905008,HBLR
25905009,HBLR
25905010,HBLR
25905011,HBLR
25905012,HBLR
25905013,HBLR
25905014,HBLR
25905015,HBLR
25905016,HBLR
25905017,HBLR
25905018,HBLR
25905019,HBLR
25905020,HBLR
25905021,HBLR
25905022,HBLR
25905023,HBLR
25905024,HBLR
25905025,HBLR
25905026,HBLR
25905027,HBLR
25905028,HBLR
25905029,HBLR
25905030,HBLR
25905031,HBLR
25905032,HBLR
25905033,HBLR
25905034,HBLR
25905035,HBLR
25905036,HBLR
25905037,HBLR
25905038,HBLR
25905039,HBLR
25905040,HBLR
25905041,HBLR
25905042,HBLR
25905043,HBLR
25905044,HBLR
25905045,HBLR
25905046,HBLR
25905047,HBLR
25905048,HBLR
25905049,HBLR
25905050,HBLR
25905051,HBLR
25905052,HBLR
25905053,HBLR
25905054,HBLR
25905055,HBLR
25905056,HBLR
25905057,HBLR
25905058,HBLR
25905059,HBLR
25905060,HBLR
25905061,HBLR
25905062,HBLR
25905063,HBLR
25905064,HBLR
25905065,HBLR
25905066,HBLR
25905067,HBLR
25905068,HBLR
25905069,HBLR
25905070,HBLR
25905071,HBLR
25905072,HBLR
25905073,HBLR
25905074,HBLR
25905075,HBLR
25905076,HBLR
25905077,HBLR
25905078,HBLR
25905079,HBLR
25905080,HBLR
25905081,HBLR
25905082,HBLR
25905083,HBLR
25905084,HBLR
25905085,HBLR
25905086,HBLR
25905087,HBLR
25905088,HBLR
25905089,HBLR
25905090,HBLR
25905091,HBLR
25905092,HBLR
25905093,HBLR
25905094,HBLR
25905095,HBLR
25905096,HBLR
25905097,HBLR
25905098,HBLR
25905099,HBLR
25905100,HBLR
25905101,HBLR
25905102,HBLR
25905103,HBLR
25905104,HBLR
25905105,HBLR
25905106,HBLR
25905107,HBLR
25905108,HBLR
25905109,HBLR
25905110,HBLR
25905111,HBLR
25905112,HBLR
25905113,HBLR
25905114,HBLR
25905115,HBLR
25905116,HBLR
25905117,HBLR
25905118,HBLR
25905119,HBLR
25905120,HBLR
25905121,HBLR
25905122,HBLR
25905123,HBLR
25905124,HBLR
25905125,HBLR
25905126,HBLR
25905127,HBLR
25905128,HBLR
25905129,HBLR
25905130,HBLR
25905131,HBLR
25905132,HBLR
25905133,HBLR
25905134,HBLR
25905135,HBLR
25905136,HBLR
25905137,HBLR
25905138,HBLR
25905139,HBLR
25905140,HBLR
25905141,HBLR
25905142,HBLR
25905143,HBLR
25905144,HBLR
25905145,HBLR
25905146,HBLR
25905147,HBLR
25905148,HBLR
25905149,HBLR
25905150,HBLR
25905151,HBLR
25905152,HBLR
25905153,HBLR
25905154,HBLR
25905155,HBLR
25905156,HBLR
25905157,HBLR
25905158,HBLR
25905159,HBLR
25905160,HBLR
25905161,HBLR
25905162,HBLR
25905163,HBLR
25905164,HBLR
25905165,HBLR
25905166,HBLR
25905167,HBLR
25905168,HBLR
25905169,HBLR
25905170,HBLR
25905171,HBLR
25905172,HBLR
25905173,HBLR
25905174,HBLR
25905175,HBLR
25905176,HBLR
25905177,HBLR
25905178,HBLR
25905179,HBLR
25905180,HBLR
25905181,HBLR
25905182,HBLR
25905183,HBLR
25905184,HBLR
25905185,HBLR
25905186,HBLR
25905187,HBLR
25905188,HBLR
25905189,HBLR
25905190,HBLR
25905191,HBLR
25905192,HBLR
25905193,HBLR
25905194,HBLR
25905195,HBLR
25905196,HBLR
25905197,HBLR
25905198,HBLR
25905199,HBLR
25905200,HBLR
25905201,HBLR
25905202,HBLR
25905203,HBLR
25905204,HBLR
25905205,HBLR
25905206,HBLR
25905207,HBLR
25905208,HBLR
25905209,HBLR
25905210,HBLR
25905211,HBLR
25905212,HBLR
25905213,HBLR
25905214,HBLR
25905215,HBLR
25905216,HBLR
25905217,HBLR
25905218,HBLR
25905219,HBLR
25905220,HBLR
25905221,HBLR
25905222,HBLR
25905223,HBLR
25905224,HBLR
25905225,HBLR
25905226,HBLR
25905227,HBLR
25905228,HBLR
25905229,HBLR
25905230,HBLR
25905231,HBLR
25905232,HBLR
25905233,HBLR
25905234,HBLR
25905235,HBLR
25905236,HBLR
25905237,HBLR
25905238,HBLR
25905239,HBLR
25905240,HBLR
25905241,HBLR
25905242,HBLR
25905243,HBLR
25905244,HBLR
25905245,HBLR
25905246,HBLR
25905247,HBLR
25905248,HBLR
25905249,HBLR
25905250,HBLR
25905251,HBLR
25905252,HBLR
25905253,HBLR
25905254,HBLR
25905255,HBLR
25905256,HBLR
25905257,HBLR
25905258,HBLR
25905259,HBLR
25905260,HBLR
25905261,HBLR
25905262,HBLR
25905263,HBLR
25905264,HBLR
25905266,HBLR
25905267,HBLR
25905268,HBLR
25905269,HBLR
25905270,HBLR
25905271,HBLR
25905272,HBLR
25905273,HBLR
25905274,HBLR
25905275,HBLR
25905276,HBLR
25905277,HBLR
25905278,HBLR
25905279,HBLR
25905280,HBLR
25905281,HBLR
25905282,HBLR
25905283,HBLR
25905284,HBLR
25905285,HBLR
25905286,HBLR
25905287,HBLR
25905288,HBLR
25905289,HBLR
25905352,HBLR
25905356,HBLR
25906319,HBLR
25906320,HBLR
25906321,HBLR
25906322,HBLR
25906323,HBLR
25906324,HBLR
25906325,HBLR
25906326,HBLR
25906327,HBLR
25906328,HBLR
25906329,HBLR
25906330,HBLR
25906331,HBLR
25906332,HBLR
25906333,HBLR
25906334,HBLR
25906335,HBLR
25906336,HBLR
25906337,HBLR
25906338,HBLR
25906339,HBLR
25906340,HBLR
25906341,HBLR
25906342,HBLR
25906343,HBLR
25906344,HBLR
25906345,HBLR
25906346,HBLR
25906347,HBLR
25906348,HBLR
25906349,HBLR
25906350,HBLR
25906351,HBLR
25906352,HBLR
25906353,HBLR
25906354,HBLR
25906355,HBLR
25906356,HBLR
25906357,HBLR
25906358,HBLR
25906359,HBLR
25906360,HBLR
25906361,HBLR
25906362,HBLR
25906363,HBLR
25906364,HBLR
25906365,HBLR
25906366,HBLR
25906367,HBLR
25906368,HBLR
25906369,HBLR
25906370,HBLR
25906371,HBLR
25906372,HBLR
25906373,HBLR
25906374,HBLR
25906375,HBLR
25906376,HBLR
25906377,HBLR
25906378,HBLR
25906379,HBLR
25906380,HBLR
25906381,HBLR
25906382,HBLR
25906383,HBLR
25906384,HBLR
25906385,HBLR
25906386,HBLR
25906387,HBLR
25906388,HBLR
25906389,HBLR
25906390,HBLR
25906391,HBLR
25906392,HBLR
25906393,HBLR
25906394,HBLR
25906395,HBLR
25906396,HBLR
25906397,HBLR
25906398,HBLR
25906399,HBLR
25906400,HBLR
25906401,HBLR
25906402,HBLR
25906403,HBLR
25906404,HBLR
25906405,HBLR
25906406,HBLR
25906407,HBLR
25906408,HBLR
25906409,HBLR
25906410,HBLR
25906411,HBLR
25906412,HBLR
25906413,HBLR
25906414,HBLR
25906415,HBLR
25906416,HBLR
25906417,HBLR
25906418,HBLR
25906419,HBLR
25906420,HBLR
25906421,HBLR
25906422,HBLR
25906423,HBLR
25906424,HBLR
25906425,HBLR
25906426,HBLR
25906427,HBLR
25906428,HBLR
25906429,HBLR
25906430,HBLR
25906431,HBLR
25906432,HBLR
25906433,HBLR
25906434,HBLR
25906435,HBLR
25906436,HBLR
25906437,HBLR
25906438,HBLR
25906439,HBLR
25906440,HBLR
25906441,HBLR
25906442,HBLR
25906443,HBLR
25906444,HBLR
25906445,HBLR
25906446,HBLR
25906447,HBLR
25906448,HBLR
25906449,HBLR
25906450,HBLR
25906451,HBLR
25906452,HBLR
25906453,HBLR
25906454,HBLR
25906455,HBLR
25906456,HBLR
25906457,HBLR
25906458,HBLR
25906459,HBLR
25906460,HBLR
25906461,HBLR
25906462,HBLR
25906463,HBLR
25906464,HBLR
25906465,HBLR
25906466,HBLR
25906467,HBLR
25906468,HBLR
25906469,HBLR
25906470,HBLR
25906471,HBLR
25906472,HBLR
25906473,HBLR
25906474,HBLR
25906475,HBLR
25906476,HBLR
25906477,HBLR
25906478,HBLR
25906479,HBLR
25906480,HBLR
25906481,HBLR
25906482,HBLR
25906483,HBLR
25906484,HBLR
25906485,HBLR
25906486,HBLR
25906487,HBLR
25906488,HBLR
25906489,HBLR
25906490,HBLR
25906491,HBLR
25906492,HBLR
25906493,HBLR
25906494,HBLR
25906495,HBLR
25906496,HBLR
25906497,HBLR
25906498,HBLR
25906499,HBLR
25906500,HBLR
25906501,HBLR
25906502,HBLR
25906503,HBLR
25906504,HBLR
25906505,HBLR
25906506,HBLR
25906507,HBLR
25906508,HBLR
25906509,HBLR
25906510,HBLR
25906511,HBLR
25906512,HBLR
25906513,HBLR
25906514,HBLR
25906515,HBLR
25906516,HBLR
25906517,HBLR
25906518,HBLR
25906519,HBLR
25906520,HBLR
25906521,HBLR
25906522,HBLR
25906523,HBLR
25906524,HBLR
25906525,HBLR
25906526,HBLR
25906527,HBLR
25906528,HBLR
25906529,HBLR
25906530,HBLR
25906531,HBLR
25906532,HBLR
25906533,HBLR
25906534,HBLR
25906535,HBLR
25906536,HBLR
25906537,HBLR
25906538,HBLR
25906539,HBLR
25906540,HBLR
25906541,HBLR
25906542,HBLR
25906543,HBLR
25906544,HBLR
25906545,HBLR
25906546,HBLR
25906547,HBLR
25906548,HBLR
25906549,HBLR
25906550,HBLR
25906551,HBLR
25906552,HBLR
25906553,HBLR
25906554,HBLR
25906555,HBLR
25906557,HBLR
25906577,HBLR
25906578,HBLR
25906579,HBLR
25906580,HBLR
25906581,HBLR
25906582,HBLR
25906583,HBLR
25906584,HBLR
25906585,HBLR
25906586,HBLR
25906587,HBLR
25906588,HBLR
25906589,HBLR
25906590,HBLR
25906591,HBLR
25906592,HBLR
25906593,HBLR
25906594,HBLR
25906595,HBLR
25906596,HBLR
25906597,HBLR
25906598,HBLR
25906599,HBLR
25906600,HBLR
25906601,HBLR
25906602,HBLR
25906603,HBLR
25906604,HBLR
25906605,HBLR
25906606,HBLR
25906607,HBLR
25906608,HBLR
25906609,HBLR
25906610,HBLR
25906611,HBLR
25906612,HBLR
25906613,HBLR
25906614,HBLR
25906615,HBLR
25906616,HBLR
25906617,HBLR
25906618,HBLR
25906619,HBLR
25906620,HBLR
25906621,HBLR
25906622,HBLR
25906623,HBLR
25906624,HBLR
25906625,HBLR
25906626,HBLR
25906627,HBLR
25906628,HBLR
25906629,HBLR
25906630,HBLR
25906631,HBLR
25906632,HBLR
25906633,HBLR
25906634,HBLR
25906635,HBLR
25906636,HBLR
25906637,HBLR
25906638,HBLR
25906639,HBLR
25906640,HBLR
25906641,HBLR
25906642,HBLR
25906643,HBLR
25906644,HBLR
25906645,HBLR
25906646,HBLR
25906647,HBLR
25906648,HBLR
25906649,HBLR
25906650,HBLR
25906651,HBLR
25906652,HBLR
25906653,HBLR
25906654,HBLR
25906655,HBLR
25906656,HBLR
25906657,HBLR
25906658,HBLR
25906659,HBLR
25906660,HBLR
25906661,HBLR
25906662,HBLR
25906663,HBLR
25906664,HBLR
25906665,HBLR
25906666,HBLR
25906667,HBLR
25906668,HBLR
25906669,HBLR
25906670,HBLR
25906671,HBLR
25906672,HBLR
25906673,HBLR
25906674,HBLR
25906675,HBLR
25906676,HBLR
25906677,HBLR
25906678,HBLR
25906679,HBLR
25906680,HBLR
25906681,HBLR
25906682,HBLR
25906683,HBLR
25906684,HBLR
25906685,HBLR
25906686,HBLR
25906687,HBLR
25906688,HBLR
25906689,HBLR
25906690,HBLR
25906691,HBLR
25906692,HBLR
25906693,HBLR
25906694,HBLR
25906695,HBLR
25906696,HBLR
25906697,HBLR
25906698,HBLR
25906699,HBLR
25906700,HBLR
25906701,HBLR
25906702,HBLR
25906703,HBLR
25906704,HBLR
25906705,HBLR
25906706,HBLR
25906707,HBLR
25906708,HBLR
25906709,HBLR
25906710,HBLR
25906711,HBLR
25906712,HBLR
25906713,HBLR
25906714,HBLR
25906715,HBLR
25906716,HBLR
25906717,HBLR
25906718,HBLR
25906719,HBLR
25906720,HBLR
25906721,HBLR
25906722,HBLR
25906723,HBLR
25906724,HBLR
25906725,HBLR
25906726,HBLR
25906727,HBLR
25906728,HBLR
25906729,HBLR
25906730,HBLR
25906731,HBLR
25906732,HBLR
25906733,HBLR
25906734,HBLR
25906735,HBLR
25906736,HBLR
25906737,HBLR
25906738,HBLR
25906739,HBLR
25906740,HBLR
25906741,HBLR
25906742,HBLR
25906743,HBLR
25906744,HBLR
25906745,HBLR
25906746,HBLR
25906747,HBLR
25906748,HBLR
25906749,HBLR
25906750,HBLR
25906751,HBLR
25906752,HBLR
25906753,HBLR
25906754,HBLR
25906755,HBLR
25906756,HBLR
25906757,HBLR
25906758,HBLR
25906759,HBLR
25906760,HBLR
25906761,HBLR
25906762,HBLR
25906763,HBLR
25906764,HBLR
25906765,HBLR
25906766,HBLR
25906767,HBLR
25906768,HBLR
25906769,HBLR
25906770,HBLR
25906771,HBLR
25906772,HBLR
25906773,HBLR
25906774,HBLR
25906775,HBLR
25906776,HBLR
25906777,HBLR
25906778,HBLR
25906779,HBLR
25906780,HBLR
25906781,HBLR
25906782,HBLR
25906783,HBLR
25906784,HBLR
25906785,HBLR
25906786,HBLR
25906787,HBLR
25906788,HBLR
25906789,HBLR
25906790,HBLR
25906791,HBLR
25906792,HBLR
25906793,HBLR
25906794,HBLR
25906795,HBLR
25906796,HBLR
25906797,HBLR
25906798,HBLR
25906799,HBLR
25906800,HBLR
25906801,HBLR
25906802,HBLR
25906803,HBLR
25906804,HBLR
25906805,HBLR
25906806,HBLR
25906807,HBLR
25906808,HBLR
25906809,HBLR
25906810,HBLR
25906811,HBLR
25906812,HBLR
25906813,HBLR
25906815,HBLR
25907260,RvLN
25907261,RvLN
25907262,RvLN
25907263,RvLN
25907264,RvLN
25907265,RvLN
25907266,RvLN
25907267,RvLN
25907268,RvLN
25907269,RvLN
25907270,RvLN
25907271,RvLN
25907272,RvLN
25907273,RvLN
25907274,RvLN
25907275,RvLN
25907276,RvLN
25907277,RvLN
25907278,RvLN
25907279,RvLN
25907280,RvLN
25907281,RvLN
25907282,RvLN
25907283,RvLN
25907284,RvLN
25907285,RvLN
25907286,RvLN
25907288,RvLN
25907289,RvLN
25907290,RvLN
25907291,RvLN
25907292,RvLN
25907293,RvLN
25907294,RvLN
25907295,RvLN
25907296,RvLN
25907297,RvLN
25907298,RvLN
25907299,RvLN
25907300,RvLN
25907301,RvLN
25907302,RvLN
25907303,RvLN
25907304,RvLN
25907305,RvLN
25907306,RvLN
25907307,RvLN
25907308,RvLN
25907309,RvLN
25907310,RvLN
25907311,RvLN
25907312,RvLN
25907313,RvLN
25907314,RvLN
25907315,RvLN
25907316,RvLN
25907317,RvLN
25907318,RvLN
25907319,RvLN
25907320,RvLN
25907321,RvLN
25907322,RvLN
25907323,RvLN
25907324,RvLN
25907325,RvLN
25907326,RvLN
25907327,RvLN
25907328,RvLN
25907329,RvLN
25907330,RvLN
25907331,RvLN
25907332,RvLN
25907333,RvLN
25907334,RvLN
25907335,RvLN
25907336,RvLN
25907337,RvLN
25907338,RvLN
25907339,RvLN
25907340,RvLN
25907341,RvLN
25907342,RvLN
25907343,RvLN
25907344,RvLN
25907345,RvLN
25907346,RvLN
25907347,RvLN
25907551,RvLN
25907552,RvLN
25907553,RvLN
25907554,RvLN
25907555,RvLN
25907556,RvLN
25907557,RvLN
25907558,RvLN
25907559,RvLN
25907560,RvLN
25907561,RvLN
25907562,RvLN
25907563,RvLN
25907564,RvLN
25907565,RvLN
25907566,RvLN
25907567,RvLN
25907568,RvLN
25907569,RvLN
25907570,RvLN
25907571,RvLN
25907572,RvLN
25907573,RvLN
25907574,RvLN
25907575,RvLN
25907576,RvLN
25907577,RvLN
25907578,RvLN
25907579,RvLN
25907580,RvLN
25907581,RvLN
25907582,RvLN
25907583,RvLN
25907584,RvLN
25907585,RvLN
25907586,RvLN
25907587,RvLN
25907588,RvLN
25907589,RvLN
25907590,RvLN
25907591,RvLN
25907592,RvLN
25907593,RvLN
25907594,RvLN
25907595,RvLN
25907596,RvLN
25907597,RvLN
25907598,RvLN
25907599,RvLN
25907600,RvLN
25907601,RvLN
25907602,RvLN
25907603,RvLN
25907604,RvLN
25907605,RvLN
25907606,RvLN
25907607,RvLN
25907608,RvLN
25907609,RvLN
25907610,RvLN
25907611,RvLN
25907612,RvLN
25907613,RvLN
25907614,RvLN
25907615,RvLN
25907616,RvLN
25907617,RvLN
25907618,RvLN
25907619,RvLN
25907620,RvLN
25907621,RvLN
25907622,RvLN
25907623,RvLN
25907624,RvLN
25907625,RvLN
25907626,RvLN
25907627,RvLN
25908053,RvLN
25908054,RvLN
25908055,RvLN
25908056,RvLN
25908057,RvLN
25908058,RvLN
25908059,RvLN
25908060,RvLN
25908061,RvLN
25908062,RvLN
25908063,RvLN
25908064,RvLN
25908065,RvLN
25908066,RvLN
25908067,RvLN
25908068,RvLN
25908069,RvLN
25908070,RvLN
25908071,RvLN
25908072,RvLN
25908073,RvLN
25908074,RvLN
25908075,RvLN
25908076,RvLN
25908077,RvLN
25908078,RvLN
25908079,RvLN
25908080,RvLN
25908081,RvLN
25908082,RvLN
25908083,RvLN
25908084,RvLN
25908085,RvLN
25908086,RvLN
25908087,RvLN
25908088,RvLN
25908089,RvLN
25908090,RvLN
25908091,RvLN
25908092,RvLN
25908093,RvLN
25908094,RvLN
25908095,RvLN
25908096,RvLN
25908097,RvLN
25908098,RvLN
25908099,RvLN
25908100,RvLN
25908101,RvLN
25908102,RvLN
25908103,RvLN
25908104,RvLN
25908105,RvLN
25908106,RvLN
25908107,RvLN
25908108,RvLN
25908109,RvLN
25908110,RvLN
25908111,RvLN
25908112,RvLN
25908113,RvLN
25908114,RvLN
25908115,RvLN
25908116,RvLN
25908117,RvLN
25908118,RvLN
25908119,RvLN
26194701,756
26194702,756
26194703,756
26194704,756
26194705,756
26194706,756
26194707,756
26194708,756
26194709,756
26194710,756
26194711,756
26194712,756
26194713,756
26194714,756
26194715,756
26194716,756
26194717,756
26194718,756
26194719,751
26194720,756
26194721,756
26194722,756
26194723,755
26194724,751
26194725,755
26194726,751
26194727,755
26194728,751
26194729,755
26194730,751
26194731,755
26194732,751
26194733,755
26194734,751
26194735,755
26194736,751
26194737,753
26194738,755
26194739,755
26194740,751
26194741,755
26194742,751
26194743,753
26194744,753
26194745,751
26194746,753
26194747,753
26194748,753
26194749,753
26194750,753
26194751,753
26194752,753
26194753,753
26194754,755
26194755,753
26194756,751
26194757,751
26194758,755
26194759,751
26194760,755
26194761,751
26194762,755
26194763,751
26194764,755
26194765,751
26194766,751
26194767,755
26194768,780
26194769,751
26194770,755
26194771,755
26194772,751
26194773,755
26194774,780
26194775,751
26194776,755
26194777,780
26194778,780
26194779,780
26194780,780
26194781,780
26194782,780
26194783,780
26194784,780
26194785,780
26194786,780
26194787,780
26194788,756
26194789,780
26194790,756
26194791,756
26194792,756
26194793,756
26194794,756
26194795,756
26194796,756
26194797,756
26194798,756
26194799,756
26194800,756
26194801,756
26194802,756
26194803,756
26194804,756
26194805,756
26194806,762
26194807,756
26194808,752
26194809,762
26194810,752
26194811,752
26194812,762
26194813,752
26194814,762
26194815,752
26194816,762
26194817,752
26194818,762
26194819,752
26194820,762
26194821,752
26194822,762
26194823,752
26194824,762
26194825,752
26194826,762
26194827,752
26194828,762
26194829,752
26194830,762
26194831,752
26194832,762
26194833,752
26194834,762
26194835,753
26194836,752
26194837,753
26194838,753
26194839,753
26194840,762
26194841,762
26194842,753
26194843,753
26194844,762
26194845,762
26194846,762
26194847,762
26194848,762
26194849,762
26194850,762
26194851,780
26194852,762
26194853,762
26194854,762
26194855,762
26194856,762
26194857,780
26194858,780
26194859,780
26194860,780
26194861,780
26194862,780
26194863,780
26194864,780
26194865,780
26194866,780
26194867,780
26194868,780
26194869,780
26194870,752
26194871,752
26194872,752
26194873,752
26194874,752
26194875,752
26194876,752
26194877,752
26194878,752
26194879,752
26194880,752
26194881,752
26194882,752
26194883,752
26194884,752
26194885,752
26194886,756
26194887,756
26194888,756
26194889,756
26194890,756
26194891,756
26194892,756
26194893,756
26194894,756
26194895,756
26194896,756
26194897,756
26194898,756
26194899,756
26194900,756
26194901,756
26194902,753
26194903,753
26194904,753
26194905,772
26194906,753
26194907,753
26194908,753
26194909,772
26194910,772
26194911,772
26194912,772
26194913,772
26194914,772
26194915,772
26194916,772
26194917,772
26194918,772
26194919,772
26194920,772
26194921,772
26194922,772
26194923,772
26194924,772
26194925,772
26194926,772
26194927,772
26194928,772
26194929,772
26194930,772
26194931,772
26194932,772
26194933,772
26194934,772
26194935,772
26194936,772
26194937,772
26194938,772
26194939,772
26194940,772
26194941,772
26194942,772
26194943,772
26194944,772
26194945,772
26194946,772
26194947,772
26194948,772
26194949,772
26194950,772
26194951,772
26194952,772
26194953,772
26194954,772
26194955,772
26194956,772
26194957,772
26194958,772
26194959,772
26194960,772
26194961,772
26194962,772
26194963,772
26194964,772
26194965,772
26195053,AC1
26195054,AC1
26195055,AC1
26195056,AC1
26195057,AC1
26195058,AC1
26195059,AC1
26195060,AC1
26195061,AC1
26195062,AC1
26195063,AC1
26195064,AC1
26195065,AC1
26195066,AC1
26195067,AC1
26195068,AC1
26195069,AC1
26195070,AC1
26195071,AC1
26195072,AC1
26195073,AC1
26195074,AC3
26195075,AC1
26195076,AC1
26195077,AC1
26195078,AC3
26195079,AC3
26195080,AC3
26195081,AC3
26195082,AC3
26195083,AC3
26195084,AC3
26195085,AC3
26195086,AC3
26195087,AC3
26195088,AC3
26195089,AC3
26195090,AC3
26195091,AC3
26195092,AC3
26195093,AC3
26195094,AC3
26195095,AC3
26195096,AC3
26195097,AC3
26195098,AC3
26195099,AC4B
26195100,AC3
26195101,AC4B
26195102,AC3
26195103,AC4B
26195104,AC4B
26195105,AC4B
26195106,AC4B
26195107,AC4B
26195108,AC4B
26195109,AC4B
26195110,AC4B
26195111,AC4B
26195112,AC4B
26195113,AC4B
26195114,AC4B
26195115,AC4B
26195116,AC4B
26195117,AC4B
26195118,AC4B
26195120,AC4B
26195121,AC4B
26195122,AC4B
26195124,AC4B
26195125,AC4B
26195126,AC4B
26195147,751
26195148,756
26195149,756
26195150,755
26195151,756
26195152,751
26195153,756
26195154,755
26195155,756
26195156,751
26195157,756
26195158,755
26195159,756
26195160,751
26195161,756
26195162,755
26195163,756
26195164,751
26195165,756
26195166,756
26195167,755
26195168,756
26195169,751
26195170,756
26195171,755
26195172,756
26195173,756
26195174,751
26195175,756
26195176,755
26195177,756
26195178,756
26195179,751
26195180,756
26195181,755
26195182,755
26195183,756
26195184,751
26195185,756
26195186,756
26195187,751
26195188,751
26195189,756
26195190,755
26195191,753
26195192,756
26195193,751
26195194,755
26195195,753
26195196,753
26195197,753
26195198,753
26195199,753
26195200,753
26195201,753
26195202,753
26195203,753
26195204,753
26195205,755
26195206,751
26195207,753
26195208,751
26195209,755
26195210,755
26195211,755
26195212,751
26195213,751
26195214,755
26195215,751
26195216,751
26195217,755
26195218,751
26195219,755
26195220,755
26195221,751
26195222,755
26195223,751
26195224,751
26195225,780
26195226,755
26195227,755
26195228,751
26195229,755
26195230,780
26195231,780
26195232,780
26195233,780
26195234,780
26195235,780
26195236,780
26195237,780
26195238,780
26195239,780
26195240,780
26195241,780
26195242,780
26195243,780
26195244,780
26195245,780
26195246,780
26195247,780
26195248,780
26195249,780
26195250,780
26195251,780
26195252,780
26195253,780
26195254,780
26195255,780
26195256,780
26195257,780
26195258,780
26195259,756
26195260,780
26195261,780
26195262,756
26195263,756
26195264,756
26195265,756
26195266,756
26195267,756
26195268,756
26195269,752
26195270,752
26195271,752
26195272,752
26195273,752
26195274,762
26195275,762
26195276,762
26195277,752
26195278,752
26195279,762
26195280,752
26195281,752
26195282,762
26195283,762
26195284,752
26195285,762
26195286,762
26195287,752
26195288,752
26195289,752
26195290,752
26195291,762
26195292,762
26195293,752
26195294,752
26195295,762
26195296,762
26195297,762
26195298,752
26195299,752
26195300,762
26195301,752
26195302,753
26195303,753
26195304,753
26195305,753
26195306,753
26195307,753
26195308,762
26195309,762
26195310,762
26195311,762
26195312,762
26195313,762
26195314,762
26195315,762
26195316,762
26195317,762
26195318,762
26195319,762
26195320,762
26195321,780
26195322,762
26195323,780
26195324,780
26195325,780
26195326,780
26195327,780
26195328,780
26195329,780
26195330,780
26195331,780
26195332,780
26195333,780
26195334,780
26195335,780
26195336,780
26195337,780
26195338,780
26195339,780
26195340,780
26195341,780
26195342,780
26195343,780
26195344,780
26195345,780
26195346,780
26195347,780
26195348,780
26195349,780
26195350,780
26195351,780
26195352,780
26195353,780
26195354,780
26195355,780
26195356,752
26195357,752
26195358,752
26195359,752
26195360,752
26195361,752
26195362,752
26195363,752
26195364,752
26195365,752
26195366,752
26195367,752
26195368,752
26195369,756
26195370,756
26195371,756
26195372,756
26195373,756
26195374,756
26195375,756
26195376,756
26195377,756
26195378,756
26195379,756
26195380,756
26195381,756
26195382,756
26195383,756
26195384,756
26195385,756
26195386,753
26195387,756
26195388,756
26195389,753
26195390,753
26195391,753
26195392,753
26195393,753
26195394,752
26195395,752
26195396,752
26195397,752
26195398,772
26195399,752
26195400,752
26195401,772
26195402,772
26195403,772
26195404,772
26195405,772
26195406,772
26195407,772
26195408,772
26195409,772
26195410,772
26195411,772
26195412,772
26195413,772
26195414,772
26195415,772
26195416,772
26195417,772
26195418,772
26195419,772
26195420,772
26195421,772
26195422,772
26195423,772
26195424,772
26195425,772
26195426,772
26195427,772
26195428,772
26195429,772
26195430,772
26195431,772
26195432,772
26195433,772
26195434,772
26195435,772
26195436,772
26195437,772
26195438,772
26195439,772
26195440,772
26195441,772
26195442,772
26195443,772
26195444,772
26195445,772
26195446,772
26195447,772
26195448,772
26195449,772
26195450,772
26195451,772
26195452,772
26195453,772
26195454,772
26195455,772
26195456,772
26195457,772
26195458,772
26195459,772
26195461,772
26195587,AC1
26195588,AC1
26195589,AC1
26195590,AC1
26195591,AC1
26195592,AC1
26195593,AC1
26195594,AC1
26195595,AC1
26195596,AC1
26195597,AC1
26195598,AC1
26195599,AC1
26195600,AC1
26195601,AC1
26195602,AC1
26195603,AC1
26195604,AC1
26195605,AC1
26195606,AC1
26195607,AC1
26195608,AC1
26195609,AC1
26195610,AC1
26195611,AC3
26195612,AC3
26195613,AC3
26195614,AC3
26195615,AC3
26195616,AC3
26195617,AC3
26195618,AC3
26195619,AC3
26195620,AC3
26195621,AC3
26195622,AC3
26195623,AC3
26195624,AC3
26195625,AC3
26195626,AC3
26195627,AC3
26195628,AC3
26195629,AC3
26195630,AC3
26195631,AC3
26195632,AC3
26195633,AC3
26195634,AC4B
26195635,AC3
26195636,AC4B
26195637,AC4B
26195638,AC4B
26195639,AC4B
26195640,AC4B
26195641,AC4B
26195642,AC4B
26195643,AC4B
26195644,AC4B
26195645,AC4B
26195646,AC4B
26195647,AC4B
26195648,AC4B
26195649,AC4B
26195650,AC4B
26195651,AC4B
26195652,AC4B
26195653,AC4B
26195654,AC4B
26195655,AC4B
26195657,AC4B
26195658,AC4B
26195659,AC4B
26195680,AC1
26195681,AC1
26195682,AC1
26195683,AC1
26195684,AC1
26195685,AC1
26195686,AC1
26195687,AC1
26195688,AC1
26195689,AC1
26195690,AC1
26195695,AC1
26195696,AC1
26195697,AC1
26195698,AC1
26195699,AC1
26195700,AC1
26195701,AC1
26195702,AC1
26195703,AC1
26195704,AC1
26195705,AC1
26195706,AC1
26195707,AC1
26195709,AC3
26195710,AC3
26195711,AC3
26195712,AC3
26195713,AC3
26195714,AC3
26195715,AC3
26195716,AC3
26195717,AC3
26195718,AC3
26195719,AC3
26195720,AC3
26195721,AC3
26195722,AC3
26195723,AC3
26195724,AC3
26195725,AC3
26195726,AC3
26195727,AC3
26195728,AC3
26195729,AC3
26195730,AC3
26195731,AC3
26195732,AC3
26195733,AC4B
26195734,AC4B
26195735,AC4B
26195736,AC4B
26195737,AC4B
26195738,AC4B
26195739,AC4B
26195740,AC4B
26195741,AC4B
26195742,AC4B
26195743,AC4B
26195744,AC4B
26195745,AC4B
26195746,AC4B
26195747,AC4B
26195748,AC4B
26195749,AC4B
26195750,AC4B
26195751,AC4B
26195752,AC4B
26195753,AC4B
26195754,AC4B
26195755,AC4B
26195756,AC4B
26195770,132
26195771,139
26195772,132
26195773,132
26195774,132
26195775,139
26195776,139
26195777,139
26195778,136
26195779,136
26195780,139
26195781,139
26195782,136
26195783,139
26195784,139
26195785,130
26195786,136
26195787,136
26195788,132
26195789,139
26195790,139
26195791,136
26195792,136
26195793,136
26195794,139
26195795,132
26195796,139
26195797,139
26195854,404
26195855,404
26195856,404
26195857,404
26195858,404
26195859,404
26195860,404
26195861,404
26195862,404
26195863,404
26195864,404
26195865,404
26195866,404
26195867,404
26195868,404
26195869,404
26195870,404
26195871,404
26195872,404
26195873,404
26195874,404
26195875,404
26195876,404
26195877,404
26195878,404
26195879,404
26195880,404
26195881,404
26195882,404
26195883,404
26195884,404
26195885,404
26195886,404
26195887,404
26195888,404
26195889,404
26195890,404
26195891,404
26195892,404
26195893,404
26195894,404
26195895,404
26195896,404
26195897,404
26195898,404
26195899,404
26195900,405
26195901,404
26195902,405
26195903,404
26195904,405
26195905,405
26195906,405
26195907,405
26195908,405
26195909,405
26195910,405
26195911,405
26195912,405
26195913,405
26195914,405
26195915,405
26195916,405
26195917,405
26195918,405
26195919,405
26195920,405
26195921,405
26195922,405
26195923,405
26195924,405
26195925,405
26195926,405
26195927,405
26195928,405
26195929,405
26195930,405
26195931,404
26195932,405
26195933,407
26195934,407
26195935,407
26195936,407
26195937,407
26195938,407
26195939,407
26195940,407
26195941,407
26195942,407
26195943,407
26195944,407
26195945,407
26195946,407
26195947,407
26195948,407
26195949,407
26195950,407
26195951,407
26195952,407
26195953,407
26195954,407
26195955,407
26195956,407
26195957,407
26195958,407
26195959,407
26195960,407
26195961,407
26195962,407
26195963,407
26195964,407
26195965,407
26195966,407
26195967,407
26195968,407
26195969,407
26195970,455
26195971,455
26195972,455
26195973,455
26195974,455
26195975,455
26195976,455
26195977,455
26195978,455
26195979,455
26195980,455
26195981,455
26195982,455
26195983,455
26195984,455
26195985,455
26195986,455
26195987,455
26195988,455
26195989,455
26195990,455
26195991,455
26195992,455
26195993,455
26195994,455
26195995,455
26195996,455
26195997,455
26195998,455
26195999,455
26196000,455
26196049,419
26196051,419
26196052,419
26196053,419
26196054,419
26196055,419
26196056,419
26196057,419
26196058,419
26196059,419
26196060,419
26196061,419
26196062,419
26196063,419
26196064,419
26196065,419
26196066,419
26196067,419
26196068,419
26196069,419
26196070,419
26196071,419
26196072,419
26196073,419
26196074,419
26196075,419
26196076,419
26196077,419
26196078,419
26196079,419
26196080,419
26196081,419
26196082,419
26196083,419
26196084,419
26196085,405
26196086,419
26196087,419
26196088,419
26196089,405
26196139,450
26196141,450
26196142,450
26196143,450
26196144,450
26196145,450
26196146,450
26196147,450
26196148,450
26196149,450
26196150,450
26196151,450
26196152,450
26196153,450
26196154,450
26196155,450
26196156,450
26196157,450
26196158,450
26196159,450
26196160,450
26196161,450
26196162,450
26196163,450
26196164,450
26196165,450
26196166,450
26196167,450
26196168,450
26196169,450
26196170,450
26196197,453
26196199,450
26196201,453
26196202,453
26196203,453
26196204,453
26196205,453
26196206,453
26196207,453
26196208,453
26196209,453
26196210,453
26196211,453
26196212,453
26196213,453
26196214,453
26196215,453
26196216,453
26196217,452
26196218,452
26196219,453
26196220,452
26196221,452
26196222,452
26196223,452
26196224,452
26196225,452
26196226,452
26196227,452
26196228,452
26196229,452
26196230,452
26196231,452
26196232,452
26196233,452
26196234,452
26196235,452
26196236,452
26196237,452
26196238,452
26196239,452
26196240,452
26196241,452
26196242,452
26196243,452
26196244,452
26196245,452
26196246,452
26196247,452
26196248,452
26196249,452
26196250,452
26196251,452
26196252,452
26196253,452
26196254,452
26196255,452
26196256,452
26196257,452
26196258,452
26196259,452
26196260,452
26196261,452
26196262,452
26196263,452
26196264,452
26196265,452
26196272,457
26196273,457
26196274,457
26196275,457
26196278,457
26196279,457
26196282,457
26196283,457
26196284,457
26196287,457
26196288,457
26196292,457
26196293,457
26196294,457
26196295,457
26196297,457
26196298,457
26196299,457
26196300,457
26196302,457
26196306,457
26196307,457
26196309,457
26196310,457
26196312,457
26196314,457
26196315,457
26196320,457
26196321,457
26196326,317
26196327,317
26196330,317
26196331,317
26196332,317
26196333,317
26196334,317
26196335,317
26196336,317
26196337,317
26196338,317
26196339,317
26196340,317
26196341,317
26196342,413
26196343,413
26196344,317
26196345,317
26196346,413
26196347,413
26196348,413
26196349,413
26196350,413
26196351,413
26196352,413
26196353,413
26196354,413
26196355,413
26196356,413
26196357,413
26196358,413
26196359,413
26196360,413
26196361,413
26196362,413
26196363,413
26196364,413
26196365,413
26196366,413
26196367,413
26196368,413
26196369,413
26196370,413
26196372,413
26196373,413
26196374,413
26196375,413
26196377,413
26196378,413
26196381,409
26196382,409
26196383,409
26196384,409
26196385,409
26196386,409
26196387,409
26196388,409
26196389,409
26196390,409
26196391,409
26196392,409
26196393,409
26196394,409
26196395,409
26196396,409
26196397,409
26196398,409
26196399,409
26196400,409
26196401,409
26196402,409
26196403,409
26196404,409
26196405,409
26196406,409
26196407,409
26196408,409
26196409,409
26196410,409
26196411,409
26196412,409
26196413,409
26196414,409
26196415,409
26196638,772
26196639,772
26196640,772
26196641,772
26196642,772
26196643,772
26196644,772
26196645,772
26196646,772
26196647,772
26196648,772
26196649,772
26196650,772
26196651,772
26196652,772
26196653,772
26196654,772
26196655,772
26196656,772
26196657,772
26196658,772
26196659,772
26196660,772
26196661,772
26196662,772
26196663,772
26196664,772
26196665,772
26196666,772
26196667,772
26196764,40
26196765,76
26196766,76
26196767,76
26196768,76
26196769,76
26196770,76
26196771,76
26196772,76
26196773,76
26196774,76
26196775,76
26196776,76
26196777,76
26196778,76
26196779,76
26196780,76
26196781,76
26196782,76
26196783,76
26196784,76
26196785,76
26196786,40
26196787,40
26196788,40
26196789,40
26196790,40
26196791,40
26196792,40
26196793,40
26196794,40
26196795,40
26196796,40
26196797,40
26196798,40
26196799,40
26196800,40
26196801,40
26196802,40
26196803,40
26196804,40
26196805,40
26196806,40
26196807,40
26196808,40
26196809,40
26196810,40
26196811,40
26196812,40
26196813,40
26196814,40
26196815,40
26196816,40
26196817,40
26196818,40
26196819,40
26196820,40
26196821,40
26196822,40
26196823,76
26196824,40
26196825,40
26196826,76
26196827,76
26196828,76
26196829,76
26196830,76
26196831,76
26196832,76
26196833,76
26196834,76
26196835,76
26196836,76
26196837,76
26196838,76
26196839,76
26196840,76
26196841,76
26196842,76
26196843,76
26196844,76
26196845,76
26196846,76
26196847,76
26196848,40
26196849,40
26196850,40
26196851,40
26196852,76
26196853,40
26196854,76
26196855,30
26196856,30
26196857,30
26196858,30
26196859,30
26196860,30
26196861,30
26196862,30
26196863,30
26196864,30
26196865,30
26196866,30
26196867,30
26196868,30
26196869,30
26196870,30
26196871,30
26196872,30
26196873,30
26196874,30
26196875,30
26196876,30
26196877,30
26196878,30
26196879,30
26196880,30
26196881,30
26196882,30
26196883,30
26196884,30
26196885,30
26196886,30
26196887,30
26196888,30
26196889,30
26196890,30
26196891,30
26196892,30
26196893,30
26196894,30
26196895,30
26196896,30
26196897,30
26196898,30
26196899,30
26196900,30
26196901,30
26196902,30
26196903,30
26196904,30
26196905,30
26196906,30
26196907,30
26196908,30
26196909,30
26196910,30
26196943,99
26196944,99
26196945,99
26196946,99
26196947,99
26196948,99
26196949,99
26196950,99
26196951,99
26196952,99
26196953,99
26196954,99
26196955,99
26196956,99
26196958,99
26196959,99
26196961,99
26196962,99
26196964,99
26196966,99
26196967,99
26196969,99
26196970,99
26196971,99
26196972,99
26196973,99
26196974,99
26196975,99
26196977,99
26196979,99
26196980,99
26196981,99
26196982,99
26196983,99
26196985,99
26196986,99
26196987,99
26196988,99
26196989,99
26196990,99
26196991,99
26196992,99
26196993,99
26196994,99
26196995,99
26196996,99
26196997,99
26196998,99
26196999,99
26197000,99
26197001,99
26197002,99
26197003,99
26197004,99
26197005,99
26197006,99
26197007,99
26197008,99
26197009,99
26197010,99
26197011,99
26197012,99
26197014,76
26197015,76
26197016,76
26197018,76
26197019,76
26197032,76
26197033,76
26197034,76
26197051,13
26197052,13
26197055,13
26197056,13
26197057,13
26197058,13
26197059,13
26197060,13
26197061,13
26197062,13
26197063,13
26197064,13
26197065,13
26197066,13
26197067,13
26197068,13
26197069,13
26197070,13
26197071,13
26197072,13
26197073,13
26197074,13
26197075,13
26197076,13
26197077,13
26197078,13
26197079,13
26197080,13
26197081,13
26197082,13
26197083,13
26197084,13
26197085,13
26197086,13
26197087,13
26197088,13
26197089,13
26197090,13
26197091,13
26197092,13
26197093,13
26197094,13
26197095,13
26197096,13
26197097,13
26197098,13
26197099,13
26197100,13
26197101,13
26197102,13
26197103,13
26197104,13
26197105,13
26197106,13
26197107,13
26197108,13
26197109,13
26197110,13
26197111,13
26197112,13
26197113,13
26197114,13
26197115,13
26197116,13
26197117,13
26197118,13
26197119,13
26197120,13
26197121,13
26197122,13
26197123,13
26197124,13
26197125,13
26197126,13
26197127,13
26197128,13
26197129,13
26197130,13
26197131,13
26197132,13
26197133,13
26197134,13
26197135,13
26197136,13
26197137,13
26197138,13
26197139,13
26197140,13
26197141,13
26197142,13
26197143,13
26197144,13
26197145,13
26197146,13
26197147,13
26197148,13
26197149,13
26197150,13
26197151,13
26197152,13
26197153,13
26197154,13
26197155,13
26197156,13
26197157,13
26197159,13
26197160,13
26197161,13
26197162,13
26197164,13
26197223,44
26197226,44
26197229,44
26197230,44
26197231,44
26197232,44
26197233,44
26197234,44
26197235,44
26197236,44
26197237,44
26197238,44
26197239,44
26197240,44
26197241,44
26197242,44
26197243,44
26197244,44
26197245,44
26197246,44
26197247,44
26197248,44
26197249,44
26197250,44
26197251,44
26197252,44
26197253,44
26197254,44
26197255,44
26197256,44
26197257,44
26197258,44
26197259,44
26197260,44
26197261,44
26197262,44
26197263,44
26197266,44
26197269,30
26197270,30
26197271,30
26197272,30
26197273,30
26197274,30
26197275,30
26197276,30
26197277,30
26197278,30
26197279,30
26197280,30
26197281,30
26197282,30
26197283,30
26197284,30
26197285,30
26197286,30
26197287,30
26197288,30
26197289,30
26197290,30
26197291,30
26197292,30
26197293,30
26197294,30
26197295,30
26197296,30
26197297,30
26197298,30
26197299,30
26197300,30
26197301,30
26197302,30
26197303,30
26197304,30
26197305,30
26197306,30
26197307,30
26197308,30
26197309,30
26197310,30
26197311,30
26197312,30
26197313,30
26197314,30
26197315,30
26197316,30
26197317,30
26197318,30
26197319,30
26197320,99
26197321,30
26197322,99
26197323,99
26197324,99
26197325,99
26197326,99
26197327,99
26197328,99
26197329,99
26197330,99
26197331,99
26197332,99
26197333,99
26197334,99
26197335,99
26197336,99
26197337,99
26197338,99
26197339,99
26197340,99
26197341,99
26197342,99
26197343,99
26197344,99
26197345,99
26197346,99
26197347,99
26197348,99
26197349,99
26197350,99
26197351,99
26197352,99
26197353,99
26197354,99
26197355,99
26197356,99
26197357,99
26197358,99
26197359,99
26197360,99
26197361,99
26197362,99
26197363,99
26197364,99
26197365,99
26197366,99
26197367,99
26197368,99
26197369,99
26197370,99
26197371,99
26197372,99
26197373,99
26197374,99
26197375,99
26197376,99
26197377,30
26197378,30
26197379,76
26197380,30
26197381,30
26197382,76
26197383,76
26197384,76
26197385,76
26197386,76
26197387,76
26197388,76
26197389,76
26197390,76
26197391,76
26197392,76
26197393,76
26197394,76
26197395,76
26197396,76
26197397,76
26197398,76
26197399,76
26197400,76
26197401,76
26197402,76
26197403,76
26197404,76
26197405,76
26197406,76
26197407,76
26197408,76
26197409,76
26197410,76
26197411,76
26197412,76
26197413,76
26197414,76
26197415,76
26197416,76
26197417,76
26197418,76
26197419,76
26197420,76
26197421,76
26197422,76
26197423,13
26197424,13
26197425,13
26197426,13
26197427,13
26197428,13
26197429,13
26197430,13
26197431,13
26197432,13
26197433,13
26197434,13
26197435,13
26197436,13
26197437,13
26197438,13
26197439,13
26197440,13
26197441,13
26197442,13
26197443,13
26197444,13
26197445,13
26197446,13
26197447,13
26197448,13
26197449,13
26197450,13
26197451,13
26197452,13
26197453,13
26197454,13
26197455,13
26197456,13
26197457,13
26197458,13
26197459,13
26197460,13
26197461,13
26197462,13
26197463,13
26197464,13
26197465,13
26197466,13
26197467,13
26197468,13
26197469,13
26197470,13
26197471,13
26197472,13
26197473,13
26197474,13
26197475,13
26197476,13
26197477,13
26197478,13
26197479,13
26197480,13
26197481,13
26197482,13
26197483,13
26197484,13
26197485,13
26197486,13
26197487,13
26197488,13
26197489,13
26197490,13
26197491,13
26197492,13
26197493,13
26197494,13
26197495,13
26197496,13
26197497,13
26197498,13
26197499,13
26197500,13
26197501,13
26197502,13
26197503,13
26197504,13
26197505,13
26197506,13
26197507,13
26197508,13
26197510,13
26197511,13
26197517,40
26197518,40
26197519,40
26197520,40
26197521,40
26197522,40
26197523,40
26197524,40
26197525,40
26197526,40
26197527,40
26197528,40
26197529,40
26197530,40
26197531,40
26197532,40
26197533,40
26197534,40
26197535,40
26197536,40
26197537,40
26197538,40
26197539,40
26197542,44
26197543,44
26197544,44
26197545,44
26197546,44
26197547,44
26197548,44
26197549,44
26197550,44
26197551,44
26197552,44
26197553,44
26197554,44
26197555,44
26197556,44
26197557,44
26197558,44
26197559,44
26197560,44
26197561,44
26197562,44
26197563,44
26197564,44
26197565,44
26197566,44
26197567,44
26197568,44
26197569,44
26197570,44
26197571,44
26197572,44
26197573,44
26197574,44
26197575,44
26197576,44
26197577,44
26197578,44
26197579,44
26197682,78
26197683,78
26197684,78
26197685,78
26197686,78
26197687,78
26197688,78
26197689,78
26197690,78
26197691,40
26197692,40
26197693,40
26197694,40
26197695,76
26197696,76
26197697,76
26197698,76
26197699,76
26197700,76
26197701,76
26197702,76
26197703,76
26197704,76
26197705,76
26197706,76
26197707,76
26197708,76
26197709,76
26197710,76
26197711,76
26197712,76
26197713,76
26197714,76
26197715,76
26197716,76
26197717,76
26197718,76
26197719,76
26197720,76
26197721,76
26197722,76
26197723,76
26197724,76
26197725,76
26197726,76
26197727,76
26197728,76
26197729,76
26197730,76
26197731,76
26197732,76
26197733,76
26197734,76
26197735,76
26197736,76
26197737,76
26197738,76
26197739,76
26197740,40
26197741,76
26197742,40
26197743,76
26197744,40
26197745,40
26197746,40
26197747,40
26197748,40
26197749,40
26197750,40
26197751,40
26197752,40
26197753,40
26197754,40
26197755,40
26197756,40
26197757,40
26197758,40
26197759,40
26197760,40
26197761,40
26197762,40
26197763,40
26197764,40
26197765,40
26197766,40
26197767,40
26197768,40
26197769,40
26197770,40
26197771,40
26197772,40
26197773,40
26197774,40
26197775,40
26197776,40
26197777,40
26197778,40
26197779,40
26197780,40
26197781,40
26197782,40
26197783,40
26197784,40
26197785,40
26197786,40
26197787,40
26197788,40
26197789,76
26197790,40
26197791,40
26197792,40
26197793,76
26197794,76
26197795,78
26197796,78
26197797,76
26197798,76
26197799,76
26197800,78
26197801,76
26197802,76
26197803,76
26197804,76
26197805,76
26197806,76
26197807,78
26197808,78
26197809,76
26197810,76
26197811,76
26197812,76
26197813,78
26197814,76
26197815,76
26197816,78
26197817,76
26197818,76
26197819,76
26197820,78
26197821,76
26197822,76
26197823,76
26197824,78
26197825,76
26197826,76
26197827,76
26197828,78
26197829,76
26197830,76
26197831,76
26197832,76
26197833,76
26197834,76
26197835,76
26197836,76
26197837,76
26197838,78
26197839,76
26197840,76
26197841,378
26197842,76
26197843,76
26197844,76
26197845,76
26197846,76
26197847,76
26197848,76
26197849,76
26197850,76
26197851,76
26197852,76
26197853,76
26197854,76
26197855,76
26197856,76
26197857,76
26197858,76
26197859,76
26197860,76
26197861,30
26197862,76
26197863,76
26197864,30
26197865,30
26197866,378
26197867,30
26197868,30
26197869,30
26197870,30
26197871,30
26197872,30
26197873,30
26197874,30
26197875,30
26197876,30
26197877,30
26197878,30
26197879,30
26197880,30
26197881,30
26197882,30
26197883,30
26197884,30
26197885,30
26197886,30
26197887,30
26197888,30
26197889,30
26197890,30
26197891,30
26197892,30
26197893,30
26197894,30
26197895,30
26197896,30
26197897,30
26197898,30
26197899,30
26197900,30
26197901,30
26197902,30
26197903,30
26197904,30
26197905,30
26197906,30
26197907,30
26197908,30
26197909,30
26197910,30
26197911,30
26197912,30
26197913,30
26197914,30
26197915,30
26197916,30
26197917,30
26197918,30
26197919,30
26197920,30
26197921,30
26197922,30
26197923,30
26197924,30
26197925,30
26197926,30
26197927,30
26197928,30
26197929,30
26197930,30
26197931,30
26197932,30
26197933,30
26197934,30
26197935,30
26197936,30
26197937,30
26197938,30
26197939,30
26197940,30
26197941,78
26197942,30
26197943,30
26197944,30
26197945,30
26197948,76
26197949,76
26197950,76
26197951,76
26197953,40
26197954,40
26197955,40
26197957,40
26197958,40
26197959,40
26197960,40
26197961,1
26197962,1
26197963,1
26197964,1
26197965,1
26197966,1
26197967,1
26197968,1
26197969,1
26197970,1
26197971,1
26197972,1
26197973,1
26197974,1
26197975,1
26197976,1
26197977,1
26197978,1
26197979,1
26197980,1
26197982,44
26197983,44
26197984,44
26197985,44
26197986,44
26197987,44
26197988,44
26197989,44
26197990,44
26197991,44
26197992,44
26197993,44
26197994,44
26197995,44
26197996,44
26197997,44
26197998,44
26197999,44
26198000,44
26198001,44
26198002,44
26198003,44
26198004,44
26198005,44
26198006,44
26198007,44
26198008,44
26198009,44
26198010,44
26198011,44
26198012,44
26198013,44
26198014,44
26198015,44
26198016,44
26198017,44
26198018,44
26198019,44
26198020,44
26198026,1
26198027,1
26198028,1
26198032,1
26198033,1
26198035,1
26198036,1
26198037,1
26198038,1
26198040,1
26198164,44
26198165,44
26198166,44
26198167,44
26198168,44
26198169,44
26198170,44
26198171,44
26198172,44
26198173,44
26198174,44
26198175,44
26198311,76
26198682,501
26198683,501
26198684,501
26198685,501
26198686,501
26198687,501
26198688,501
26198689,501
26198690,501
26198691,501
26198692,501
26198693,501
26198694,501
26198695,501
26198696,501
26198697,501
26198698,501
26198699,501
26198700,501
26198701,501
26198702,501
26198703,501
26198704,501
26198705,501
26198706,501
26198707,501
26198708,501
26198709,501
26198710,501
26198711,501
26198712,501
26198713,501
26198714,501
26198715,501
26198716,501
26198717,501
26198718,501
26198719,501
26198720,501
26198721,501
26198722,501
26198723,501
26198724,501
26198725,501
26198726,505
26198727,505
26198728,505
26198729,505
26198730,505
26198731,505
26198732,505
26198733,505
26198734,505
26198735,505
26198736,505
26198737,505
26198738,505
26198739,505
26198740,505
26198741,505
26198742,505
26198743,505
26198744,505
26198745,505
26198746,505
26198747,505
26198748,505
26198749,505
26198750,505
26198751,505
26198752,505
26198753,505
26198754,505
26198755,505
26198756,505
26198757,505
26198758,505
26198759,505
26198760,505
26198761,505
26198762,505
26198763,505
26198764,505
26198765,505
26198766,505
26198767,505
26198768,505
26198769,505
26198770,505
26198771,505
26198772,505
26198773,505
26198774,505
26198775,505
26198776,505
26198777,505
26198778,505
26198779,505
26198780,505
26198781,505
26198782,505
26198783,505
26198784,505
26198785,505
26198786,505
26198787,505
26198788,505
26198789,505
26198790,505
26198791,505
26198792,505
26198793,505
26198794,505
26198795,505
26198796,505
26198797,505
26198798,505
26198799,505
26198800,505
26198801,505
26198802,505
26198803,505
26198804,505
26198805,505
26198806,505
26198807,505
26198808,505
26198809,505
26198810,505
26198811,505
26198812,505
26198813,505
26198814,505
26198815,505
26198816,505
26198817,505
26198818,505
26198819,505
26198820,505
26198821,505
26198822,505
26198823,505
26198824,505
26198825,505
26198826,505
26198827,505
26198828,505
26198829,505
26198830,505
26198831,505
26198832,505
26198833,505
26198834,505
26198835,505
26198836,505
26198837,505
26198838,505
26198839,505
26198840,505
26198841,505
26198842,505
26198843,505
26198844,505
26198845,505
26198846,505
26198847,505
26198848,505
26198849,505
26198850,505
26198851,505
26198852,505
26198853,505
26198854,502
26198855,505
26198856,502
26198857,502
26198858,501
26198859,502
26198860,502
26198861,502
26198862,502
26198863,502
26198864,502
26198865,502
26198866,502
26198867,502
26198868,502
26198869,502
26198870,502
26198871,502
26198872,502
26198873,502
26198874,502
26198875,502
26198876,502
26198877,502
26198878,502
26198879,502
26198880,502
26198881,502
26198882,502
26198883,502
26198884,502
26198885,502
26198886,502
26198887,502
26198888,502
26198889,502
26198890,502
26198891,502
26198892,502
26198893,502
26198894,502
26198895,502
26198896,502
26198897,502
26198898,502
26198899,502
26198900,502
26198901,502
26198902,502
26198903,502
26198904,502
26198905,502
26198906,502
26198907,502
26198908,502
26198909,502
26198910,502
26198911,502
26198912,502
26198913,502
26198914,502
26198915,502
26198916,502
26198917,502
26198918,502
26198919,502
26198920,502
26198921,502
26198978,552
26198979,552
26198980,552
26198981,559
26198982,559
26198983,559
26198984,552
26198985,559
26198986,552
26198987,552
26198988,559
26198989,552
26198990,559
26198991,559
26198992,552
26198993,552
26198994,552
26198995,559
26198996,559
26198997,559
26198998,559
26198999,552
26199000,559
26199001,552
26199002,552
26199004,552
26199005,552
26199006,552
26199007,559
26199008,552
26199009,552
26199010,552
26199011,552
26199012,552
26199013,552
26199014,552
26199015,552
26199016,559
26199017,552
26199018,559
26199019,552
26199020,559
26199021,559
26199022,559
26199023,552
26199024,552
26199025,552
26199026,552
26199027,552
26199028,559
26199029,552
26199030,559
26199031,552
26199032,552
26199033,552
26199034,552
26199035,552
26199036,552
26199037,559
26199038,552
26199039,552
26199040,552
26199041,552
26199042,552
26199043,552
26199044,552
26199045,552
26199046,552
26199047,559
26199048,559
26199049,559
26199050,559
26199051,559
26199052,559
26199053,559
26199054,552
26199055,552
26199056,552
26199057,502
26199058,502
26199059,559
26199060,553
26199061,559
26199062,559
26199063,553
26199064,559
26199065,553
26199066,559
26199067,553
26199068,553
26199069,553
26199070,559
26199071,553
26199072,553
26199073,553
26199075,553
26199076,553
26199077,553
26199078,553
26199079,553
26199080,553
26199081,553
26199082,553
26199083,553
26199084,559
26199085,559
26199086,553
26199087,553
26199088,553
26199089,553
26199090,553
26199091,553
26199092,552
26199093,553
26199094,553
26199095,559
26199096,559
26199097,559
26199098,553
26199099,553
26199100,559
26199101,553
26199102,553
26199103,553
26199104,553
26199105,553
26199106,553
26199107,553
26199108,553
26199109,553
26199110,553
26199111,553
26199112,553
26199113,559
26199114,553
26199115,553
26199116,553
26199117,559
26199118,553
26199119,559
26199120,553
26199121,553
26199122,553
26199123,553
26199124,553
26199125,553
26199126,553
26199127,553
26199128,553
26199129,553
26199130,553
26199131,553
26199132,553
26199133,553
26199134,553
26199135,553
26199136,553
26199137,559
26199138,553
26199139,553
26199140,553
26199141,553
26199142,553
26199144,553
26199145,553
26199146,553
26199147,553
26199150,507
26199151,507
26199152,509
26199153,509
26199154,509
26199155,507
26199156,507
26199157,507
26199158,507
26199159,507
26199160,507
26199161,508
26199162,507
26199163,507
26199164,508
26199165,508
26199166,508
26199167,507
26199168,507
26199169,507
26199170,508
26199171,508
26199172,507
26199173,509
26199174,507
26199175,507
26199176,509
26199177,508
26199178,509
26199179,508
26199180,508
26199181,507
26199182,507
26199183,507
26199184,509
26199185,509
26199186,508
26199187,507
26199188,508
26199189,508
26199190,507
26199191,507
26199192,509
26199193,509
26199194,507
26199195,509
26199196,507
26199197,508
26199198,508
26199199,509
26199200,509
26199201,509
26199202,508
26199203,507
26199204,509
26199205,507
26199206,508
26199207,507
26199208,509
26199209,508
26199210,508
26199211,507
26199212,507
26199213,509
26199214,507
26199215,507
26199216,508
26199217,507
26199218,509
26199219,509
26199220,509
26199221,508
26199222,507
26199223,508
26199224,509
26199225,507
26199226,509
26199227,509
26199228,507
26199229,508
26199230,509
26199231,509
26199232,507
26199233,508
26199234,508
26199235,507
26199236,508
26199237,507
26199238,507
26199239,507
26199240,507
26199241,507
26199242,508
26199243,507
26199244,507
26199245,509
26199246,507
26199247,509
26199248,508
26199249,509
26199250,509
26199251,508
26199252,509
26199253,509
26199254,508
26199255,508
26199256,508
26199257,508
26199258,508
26199259,508
26199260,508
26199261,507
26199262,507
26199263,508
26199264,508
26199265,508
26199266,508
26199267,509
26199268,507
26199269,509
26199270,509
26199271,507
26199272,507
26199273,507
26199274,509
26199275,507
26199276,507
26199277,509
26199278,507
26199279,507
26199280,507
26199281,507
26199282,507
26199285,507
26199381,315
26199382,313
26199383,313
26199384,313
26199385,315
26199387,313
26199388,504
26199389,504
26199390,504
26199391,504
26199392,504
26199393,504
26199394,504
26199395,504
26199396,504
26199397,504
26199398,504
26199399,504
26199400,504
26199401,504
26199402,504
26199403,504
26199404,504
26199405,504
26199406,504
26199407,504
26199408,504
26199409,504
26199410,504
26199411,504
26199412,504
26199413,504
26199414,504
26199415,504
26199416,504
26199417,504
26199418,504
26199419,504
26199420,504
26199421,504
26199422,504
26199423,504
26199424,504
26199425,504
26199426,504
26199427,504
26199428,504
26199429,504
26199430,504
26199431,504
26199432,504
26199433,504
26199434,504
26199435,504
26199436,504
26199437,504
26199438,504
26199441,319
26199442,319
26199443,319
26199444,319
26199445,319
26199446,319
26199447,319
26199448,319
26199449,319
26199450,319
26199451,319
26199452,319
26199453,319
26199454,319
26199455,319
26199456,319
26199457,319
26199458,319
26199459,319
26199460,319
26199461,319
26199462,319
26199802,319
26199803,319
26199804,319
26199805,319
26199806,319
26199807,319
26199814,502
26199815,502
26199816,502
26199817,502
26199818,502
26199819,502
26199820,502
26199821,502
26199822,502
26199823,502
26199824,502
26199825,502
26199826,502
26199827,502
26199828,502
26199829,502
26199830,502
26199831,502
26199832,502
26199833,502
26199834,502
26199835,502
26199836,502
26199837,502
26199838,502
26199839,502
26199840,502
26199841,502
26199842,502
26199843,502
26199844,502
26199845,502
26199846,502
26199847,502
26199848,502
26199849,502
26199850,502
26199851,502
26199852,502
26199853,502
26199855,502
26199856,502
26199882,553
26199884,559
26199885,559
26199886,553
26199887,552
26199888,553
26199889,552
26199890,553
26199891,552
26199892,553
26199893,559
26199894,559
26199895,559
26199896,559
26199897,553
26199898,553
26199899,553
26199900,559
26199901,553
26199902,553
26199903,553
26199904,553
26199905,553
26199906,559
26199907,552
26199908,552
26199909,553
26199910,552
26199911,559
26199912,559
26199913,553
26199914,553
26199915,553
26199916,553
26199917,553
26199918,559
26199919,559
26199920,552
26199921,552
26199922,559
26199923,553
26199924,553
26199925,552
26199926,553
26199927,559
26199928,553
26199929,553
26199930,553
26199931,559
26199932,559
26199933,559
26199934,553
26199935,559
26199936,552
26199937,559
26199939,553
26199940,553
26199941,552
26199942,552
26199943,552
26199944,552
26199945,552
26199946,552
26199947,552
26199948,559
26199949,552
26199950,552
26199951,552
26199952,553
26199953,559
26199954,552
26199955,553
26199956,559
26199957,559
26199958,552
26199959,559
26199960,552
26199961,552
26199962,552
26199963,552
26199964,553
26199965,552
26199966,559
26199967,553
26199968,553
26199969,553
26199970,553
26199971,552
26199972,559
26199973,559
26199974,559
26199975,553
26199976,552
26199977,553
26199978,553
26199979,553
26199980,553
26199981,552
26199982,553
26199983,552
26199984,559
26199985,552
26199986,553
26199987,559
26199988,559
26199989,553
26199990,553
26199991,553
26199992,553
26199993,553
26199994,553
26199995,553
26199996,553
26199997,553
26199998,552
26199999,553
26200000,559
26200001,559
26200002,553
26200003,553
26200004,553
26200005,552
26200006,552
26200007,553
26200008,552
26200009,552
26200010,552
26200011,552
26200012,559
26200013,552
26200014,552
26200015,559
26200016,552
26200017,553
26200018,552
26200019,553
26200020,552
26200021,552
26200022,552
26200023,552
26200024,552
26200025,559
26200026,559
26200027,559
26200028,553
26200029,559
26200030,559
26200031,559
26200032,553
26200033,559
26200034,553
26200035,552
26200036,553
26200037,553
26200038,552
26200039,553
26200040,552
26200041,553
26200042,553
26200043,553
26200044,559
26200045,559
26200047,553
26200048,553
26200050,553
26200051,553
26200052,501
26200054,553
26200056,501
26200057,501
26200058,501
26200060,501
26200061,501
26200062,501
26200063,501
26200065,501
26200066,501
26200067,501
26200068,501
26200069,501
26200070,501
26200071,501
26200072,501
26200073,501
26200074,501
26200075,501
26200076,501
26200077,501
26200078,501
26200079,501
26200080,501
26200081,501
26200082,501
26200083,501
26200084,501
26200085,501
26200086,501
26200087,501
26200088,501
26200089,501
26200090,501
26200091,501
26200092,501
26200093,501
26200094,501
26200095,501
26200096,501
26200097,501
26200098,501
26200100,507
26200101,507
26200102,509
26200104,501
26200105,501
26200106,509
26200108,507
26200110,509
26200111,507
26200113,507
26200114,507
26200116,508
26200117,507
26200118,507
26200122,507
26200123,507
26200124,508
26200125,507
26200126,508
26200127,508
26200130,507
26200131,507
26200132,507
26200133,507
26200134,509
26200137,507
26200138,509
26200139,508
26200142,508
26200145,508
26200146,508
26200148,507
26200149,508
26200151,507
26200152,509
26200153,507
26200156,509
26200157,507
26200158,509
26200161,508
26200162,509
26200163,508
26200164,507
26200165,509
26200167,508
26200170,508
26200171,507
26200172,509
26200176,507
26200178,508
26200179,507
26200180,509
26200183,508
26200184,509
26200185,507
26200187,509
26200188,509
26200189,507
26200193,507
26200194,508
26200196,508
26200197,508
26200198,508
26200203,508
26200204,508
26200205,509
26200206,507
26200210,507
26200211,507
26200212,507
26200213,508
26200216,508
26200217,509
26200220,507
26200224,509
26200225,509
26200227,507
26200228,508
26200229,509
26200231,508
26200232,507
26200235,509
26200237,509
26200238,507
26200239,509
26200242,509
26200243,509
26200246,508
26200250,507
26200251,507
26200252,507
26200253,507
26200255,507
26200256,508
26200257,508
26200259,507
26200260,508
26200261,507
26200262,508
26200264,508
26200265,507
26200267,507
26200268,507
26200271,509
26200272,509
26200273,509
26200276,509
26200279,509
26200280,509
26200282,508
26200283,508
26200285,508
26200286,508
26200288,508
26200290,508
26200291,508
26200293,508
26200295,507
26200297,508
26200298,509
26200299,509
26200301,507
26200303,509
26200307,507
26200308,507
26200309,507
26200310,507
26200313,509
26200314,509
26200317,507
26200318,507
26200320,507
26200321,507
26200323,507
26200324,507
26200327,507
26200328,505
26200329,505
26200330,507
26200331,505
26200332,505
26200334,505
26200335,505
26200336,505
26200337,505
26200338,505
26200339,505
26200340,505
26200341,505
26200342,505
26200343,505
26200344,505
26200345,505
26200346,505
26200347,505
26200348,505
26200349,505
26200350,505
26200351,505
26200352,505
26200353,505
26200354,505
26200355,505
26200356,505
26200357,505
26200358,505
26200359,505
26200360,505
26200361,505
26200362,505
26200363,505
26200364,505
26200365,505
26200366,505
26200367,505
26200368,505
26200369,505
26200370,505
26200371,505
26200372,505
26200373,505
26200374,505
26200375,505
26200376,505
26200377,505
26200378,505
26200379,505
26200380,505
26200381,505
26200382,505
26200383,505
26200384,505
26200385,505
26200386,505
26200387,505
26200388,505
26200389,505
26200390,505
26200391,505
26200392,505
26200393,505
26200394,505
26200395,505
26200396,505
26200398,505
26200399,505
26200400,315
26200402,504
26200403,313
26200405,313
26200406,313
26200407,315
26200408,504
26200409,313
26200410,504
26200411,504
26200412,504
26200413,504
26200414,504
26200415,504
26200416,504
26200417,504
26200418,504
26200419,504
26200420,504
26200421,504
26200422,504
26200423,504
26200424,504
26200425,504
26200426,504
26200427,504
26200428,504
26200429,504
26200430,504
26200431,504
26200432,504
26200433,504
26200434,504
26200435,504
26200436,504
26200437,504
26200438,504
26200439,504
26200440,504
26200442,504
26200443,504
26200446,504
26200448,505
26200449,505
26200451,505
26200452,505
26200453,505
26200454,505
26200455,505
26200456,505
26200457,505
26200458,505
26200459,505
26200460,505
26200461,505
26200462,505
26200463,505
26200464,505
26200465,505
26200466,505
26200467,505
26200468,505
26200469,505
26200470,505
26200471,505
26200472,505
26200473,505
26200474,505
26200475,505
26200477,505
26200478,505
26200479,505
26200480,505
26200481,505
26200482,505
26200483,505
26200484,505
26200486,319
26200487,319
26200488,319
26200489,319
26200490,319
26200491,319
26200492,319
26200493,319
26200494,319
26200495,319
26200496,319
26200497,319
26200498,319
26200499,319
26200500,319
26200501,319
26200502,319
26200503,319
26200504,319
26200505,319
26200506,319
26200507,319
26200835,319
26200836,319
26200837,319
26200838,319
26200841,319
26200842,319
26200847,501
26200848,501
26200849,501
26200850,501
26200851,501
26200852,501
26200853,501
26200854,501
26200855,501
26200856,501
26200857,501
26200858,501
26200859,501
26200860,501
26200861,501
26200862,501
26200863,501
26200864,501
26200865,501
26200866,501
26200867,501
26200868,501
26200869,501
26200870,501
26200871,501
26200872,501
26200873,501
26200874,501
26200875,501
26200876,501
26200877,501
26200878,501
26200879,501
26200880,501
26200881,501
26200882,501
26200883,501
26200884,501
26200885,501
26200886,501
26200887,505
26200888,501
26200889,501
26200890,501
26200891,505
26200892,505
26200893,505
26200894,505
26200895,505
26200896,505
26200897,505
26200898,505
26200899,505
26200900,505
26200901,505
26200902,505
26200903,505
26200904,505
26200905,505
26200906,505
26200907,505
26200908,505
26200909,505
26200910,505
26200911,505
26200912,505
26200913,505
26200914,505
26200915,505
26200916,505
26200917,505
26200918,505
26200919,505
26200920,505
26200921,505
26200922,505
26200923,505
26200924,505
26200925,505
26200926,505
26200927,505
26200928,505
26200929,505
26200930,505
26200931,505
26200932,505
26200933,505
26200934,505
26200935,505
26200936,505
26200937,505
26200938,505
26200939,505
26200940,505
26200941,505
26200942,505
26200943,505
26200944,505
26200945,505
26200946,505
26200947,505
26200948,505
26200949,505
26200950,505
26200951,505
26200952,505
26200953,505
26200954,505
26200955,505
26200956,505
26200957,505
26200958,505
26200959,505
26200960,505
26200961,505
26200962,505
26200963,505
26200964,505
26200965,505
26200966,505
26200967,505
26200968,505
26200969,505
26200970,505
26200971,505
26200972,505
26200973,505
26200974,505
26200975,505
26200976,505
26200977,505
26200978,505
26200979,505
26200980,505
26200981,505
26200982,505
26200983,505
26200984,505
26200985,505
26200986,505
26200987,505
26200988,505
26200989,505
26200990,505
26200991,505
26200992,505
26200993,505
26200994,505
26200995,505
26200996,505
26200997,505
26200998,505
26200999,505
26201000,505
26201001,505
26201002,505
26201003,505
26201004,505
26201005,505
26201006,505
26201007,505
26201008,505
26201009,505
26201010,505
26201011,505
26201012,505
26201013,505
26201014,505
26201015,505
26201016,505
26201017,505
26201018,505
26201019,505
26201020,505
26201021,505
26201022,505
26201023,505
26201024,505
26201025,505
26201026,502
26201027,502
26201028,502
26201029,502
26201030,502
26201031,502
26201032,502
26201033,502
26201034,502
26201035,502
26201036,502
26201037,502
26201038,502
26201039,502
26201040,502
26201041,502
26201042,502
26201043,502
26201044,502
26201045,502
26201046,502
26201047,502
26201048,502
26201049,502
26201050,502
26201051,502
26201052,502
26201053,502
26201054,502
26201055,502
26201056,502
26201057,502
26201058,502
26201059,502
26201060,502
26201061,502
26201062,502
26201063,502
26201064,502
26201065,502
26201066,502
26201067,502
26201068,502
26201069,502
26201070,502
26201071,502
26201072,502
26201073,502
26201074,502
26201075,502
26201076,502
26201077,502
26201078,502
26201079,502
26201080,502
26201081,502
26201082,502
26201083,501
26201085,502
26201086,501
26201088,501
26201132,501
26201133,501
26201134,559
26201135,553
26201137,559
26201138,559
26201139,559
26201140,553
26201141,559
26201142,559
26201143,552
26201144,552
26201145,552
26201146,552
26201147,552
26201148,552
26201149,553
26201150,552
26201151,553
26201152,553
26201153,559
26201154,559
26201155,559
26201156,559
26201157,559
26201158,559
26201159,553
26201160,553
26201161,559
26201162,553
26201163,553
26201164,553
26201166,553
26201167,559
26201168,552
26201169,559
26201170,552
26201171,559
26201172,552
26201173,552
26201174,559
26201175,552
26201176,552
26201177,553
26201178,552
26201179,553
26201180,553
26201181,552
26201182,559
26201183,553
26201184,552
26201185,553
26201186,552
26201187,559
26201188,553
26201189,553
26201190,553
26201191,553
26201192,553
26201193,553
26201194,559
26201195,559
26201196,552
26201197,559
26201198,553
26201199,552
26201201,553
26201202,552
26201203,559
26201204,552
26201205,559
26201206,552
26201207,552
26201208,552
26201209,552
26201210,559
26201211,553
26201212,552
26201213,552
26201214,559
26201215,552
26201216,552
26201217,553
26201218,552
26201219,553
26201220,552
26201221,552
26201222,553
26201223,553
26201224,553
26201225,553
26201226,552
26201227,552
26201228,552
26201229,553
26201230,553
26201231,553
26201232,553
26201233,553
26201234,553
26201235,553
26201236,553
26201237,553
26201238,553
26201239,553
26201240,553
26201241,553
26201242,559
26201243,559
26201244,559
26201245,553
26201246,559
26201247,553
26201248,553
26201249,553
26201250,553
26201251,553
26201252,553
26201253,553
26201254,553
26201255,559
26201256,553
26201257,559
26201258,553
26201260,553
26201261,552
26201262,552
26201263,553
26201264,552
26201265,552
26201266,552
26201267,559
26201268,553
26201269,559
26201270,553
26201271,559
26201272,559
26201273,559
26201274,553
26201275,559
26201276,553
26201277,559
26201278,553
26201279,559
26201280,553
26201281,552
26201282,552
26201283,552
26201284,552
26201285,552
26201286,552
26201287,553
26201288,552
26201289,553
26201290,553
26201292,552
26201293,552
26201294,552
26201295,559
26201296,552
26201297,559
26201298,559
26201300,559
26201301,559
26201302,553
26201303,559
26201305,507
26201306,553
26201311,502
26201313,553
26201314,507
26201315,509
26201316,509
26201318,509
26201319,507
26201320,507
26201323,507
26201325,507
26201326,507
26201328,508
26201329,507
26201330,507
26201332,508
26201333,508
26201335,508
26201336,507
26201337,507
26201338,507
26201339,508
26201342,507
26201344,507
26201345,508
26201346,509
26201347,507
26201351,507
26201352,509
26201353,508
26201354,508
26201355,508
26201359,508
26201360,507
26201363,509
26201364,507
26201366,507
26201367,509
26201368,509
26201369,508
26201370,507
26201371,509
26201372,507
26201373,508
26201374,508
26201375,507
26201376,509
26201377,507
26201379,509
26201383,508
26201384,507
26201385,507
26201387,509
26201390,508
26201391,509
26201392,507
26201393,508
26201394,507
26201396,507
26201399,509
26201402,507
26201403,508
26201404,509
26201405,507
26201406,507
26201407,508
26201409,508
26201410,508
26201413,508
26201415,508
26201417,508
26201418,508
26201419,509
26201420,507
26201421,507
26201425,507
26201428,507
26201430,508
26201432,507
26201433,509
26201435,509
26201436,509
26201437,507
26201438,508
26201441,508
26201443,509
26201444,507
26201448,509
26201449,509
26201450,509
26201453,507
26201454,509
26201456,509
26201458,507
26201460,508
26201461,508
26201462,507
26201464,507
26201467,507
26201468,507
26201469,508
26201472,508
26201473,508
26201475,507
26201476,507
26201477,508
26201479,507
26201481,509
26201482,507
26201483,507
26201484,509
26201485,509
26201488,509
26201489,509
26201493,509
26201494,508
26201495,508
26201498,508
26201500,508
26201501,508
26201502,508
26201503,508
26201505,509
26201507,508
26201508,508
26201509,509
26201514,509
26201515,507
26201517,507
26201519,507
26201520,507
26201521,507
26201522,507
26201523,509
26201526,507
26201527,509
26201531,507
26201533,507
26201534,507
26201553,315
26201554,313
26201555,313
26201556,313
26201557,315
26201558,313
26201561,504
26201562,504
26201563,504
26201564,504
26201565,504
26201566,504
26201567,504
26201568,504
26201569,504
26201570,504
26201571,504
26201572,504
26201573,504
26201574,504
26201575,504
26201576,504
26201577,504
26201578,504
26201579,504
26201580,504
26201581,504
26201582,504
26201583,504
26201584,504
26201585,504
26201586,504
26201587,504
26201588,504
26201589,504
26201590,504
26201591,504
26201592,504
26201593,504
26201594,504
26201595,504
26201596,504
26201597,504
26201598,504
26201599,504
26201600,504
26201601,504
26201602,504
26201603,504
26201604,504
26201605,504
26201606,504
26201607,504
26201608,504
26201609,504
26201610,504
26201612,504
26201614,553
26201615,319
26201616,319
26201617,319
26201618,319
26201619,319
26201620,319
26201621,319
26201622,319
26201623,319
26201624,319
26201625,319
26201626,319
26201627,319
26201628,319
26201629,319
26201630,319
26201631,319
26201632,319
26201633,319
26201634,319
26201635,319
26201636,319
26201988,319
26201990,319
26201991,319
26201992,319
26201998,319
26201999,319
26202192,159
26202193,159
26202194,159
26202195,159
26202196,159
26202197,159
26202198,159
26202199,159
26202200,159
26202201,159
26202202,159
26202203,159
26202204,159
26202205,159
26202206,159
26202207,159
26202208,159
26202209,159
26202210,159
26202211,159
26202212,159
26202213,159
26202214,159
26202215,159
26202216,159
26202217,154
26202218,154
26202219,154
26202220,154
26202221,154
26202222,154
26202223,154
26202224,154
26202225,154
26202226,154
26202227,154
26202228,154
26202229,154
26202230,154
26202231,154
26202232,154
26202233,154
26202234,154
26202235,154
26202236,154
26202237,154
26202238,154
26202239,154
26202240,154
26202241,154
26202242,154
26202243,154
26202244,154
26202245,158
26202246,154
26202247,154
26202248,158
26202249,158
26202250,158
26202251,158
26202252,158
26202253,158
26202254,158
26202255,158
26202256,158
26202257,158
26202258,158
26202259,158
26202260,158
26202261,158
26202262,156
26202263,158
26202264,158
26202265,158
26202266,156
26202267,156
26202268,156
26202269,156
26202270,156
26202271,156
26202272,156
26202273,156
26202274,156
26202275,156
26202276,156
26202277,156
26202278,156
26202279,156
26202280,156
26202281,156
26202282,156
26202283,156
26202284,156
26202285,156
26202286,156
26202287,156
26202288,156
26202289,156
26202290,156
26202291,156
26202292,156
26202293,156
26202294,156
26202295,156
26202296,156
26202297,156
26202298,156
26202299,156
26202300,156
26202301,156
26202302,156
26202303,156
26202304,156
26202305,156
26202306,158
26202307,158
26202308,158
26202309,158
26202310,158
26202311,158
26202312,158
26202313,158
26202314,158
26202315,158
26202316,158
26202317,158
26202318,158
26202319,158
26202320,158
26202321,158
26202322,158
26202323,158
26202324,158
26202325,158
26202326,159
26202327,158
26202328,158
26202329,159
26202330,159
26202331,159
26202332,159
26202333,159
26202334,159
26202335,159
26202336,159
26202337,159
26202338,159
26202339,159
26202340,159
26202341,159
26202342,159
26202343,159
26202344,159
26202345,159
26202346,159
26202347,159
26202348,159
26202349,159
26202350,159
26202351,159
26202352,159
26202353,159
26202354,159
26202355,159
26202356,159
26202357,159
26202358,159
26202359,159
26202360,159
26202361,159
26202362,159
26202363,159
26202364,159
26202365,159
26202366,159
26202367,159
26202368,159
26202369,159
26202370,159
26202371,159
26202372,159
26202373,159
26202374,159
26202375,159
26202376,159
26202377,159
26202378,159
26202379,159
26202380,159
26202381,159
26202382,159
26202383,159
26202384,159
26202385,159
26202386,159
26202387,159
26202388,159
26202389,159
26202390,159
26202391,159
26202392,159
26202393,159
26202394,159
26202395,159
26202396,159
26202397,159
26202398,159
26202399,159
26202400,159
26202401,159
26202402,159
26202403,159
26202404,159
26202405,159
26202406,159
26202407,159
26202408,159
26202409,158
26202410,159
26202411,159
26202412,159
26202413,158
26202414,158
26202415,158
26202416,158
26202417,158
26202418,158
26202419,158
26202420,158
26202421,158
26202422,158
26202423,158
26202424,158
26202425,158
26202426,158
26202427,158
26202428,158
26202429,158
26202430,158
26202431,158
26202432,158
26202433,158
26202434,158
26202435,158
26202436,158
26202437,158
26202438,158
26202439,158
26202440,158
26202441,158
26202442,158
26202443,158
26202444,158
26202445,158
26202446,158
26202447,158
26202448,158
26202449,158
26202450,158
26202451,158
26202452,158
26202453,159
26202454,158
26202455,159
26202456,158
26202457,158
26202458,159
26202459,159
26202460,159
26202461,159
26202462,159
26202463,159
26202464,159
26202465,159
26202466,159
26202467,159
26202468,159
26202469,159
26202470,154
26202471,154
26202472,154
26202473,154
26202474,154
26202475,154
26202476,159
26202477,159
26202478,154
26202479,154
26202480,159
26202481,159
26202482,159
26202483,159
26202485,159
26202486,159
26202487,159
26202488,159
26202489,159
26202490,159
26202497,159
26202498,159
26202539,128
26202540,128
26202541,128
26202542,128
26202543,128
26202544,128
26202545,128
26202546,128
26202547,128
26202548,128
26202549,128
26202550,128
26202551,128
26202552,128
26202553,128
26202554,128
26202555,128
26202556,128
26202557,128
26202558,128
26202559,128
26202560,128
26202561,128
26202562,128
26202563,128
26202564,128
26202565,128
26202566,128
26202567,128
26202568,128
26202569,128
26202570,128
26202571,128
26202572,128
26202573,128
26202574,128
26202575,128
26202576,128
26202577,128
26202578,128
26202579,128
26202580,128
26202581,128
26202582,128
26202583,128
26202584,128
26202585,128
26202586,128
26202587,128
26202588,128
26202589,128
26202590,128
26202591,128
26202592,128
26202593,128
26202595,128
26202596,128
26202597,128
26202598,128
26202623,128
26202626,128
26202627,128
26202628,128
26202736,158
26202738,156
26202740,156
26202741,158
26202742,158
26202743,158
26202744,158
26202745,158
26202746,158
26202748,159
26202749,159
26202786,128
26202790,128
26202791,128
26202792,128
26202793,128
26202794,128
26202795,128
26202810,158
26202814,158
26202815,158
26202816,158
26202817,158
26202818,158
26202819,158
26202820,158
26202821,158
26202838,158
26202839,158
26202840,158
26202841,158
26202842,158
26202843,158
26202844,158
26202845,158
26202846,158
26202847,158
26202848,159
26202849,159
26202850,159
26202851,159
26202852,159
26202853,159
26202854,159
26202855,159
26202856,159
26202857,159
26202858,159
26202859,159
26202860,159
26202861,159
26202862,159
26202863,159
26202864,159
26202865,159
26202866,159
26202867,159
26202868,159
26202869,159
26202870,159
26202871,159
26202872,159
26202873,159
26202874,159
26202875,156
26202876,159
26202877,159
26202878,159
26202879,159
26202880,159
26202881,156
26202882,156
26202883,156
26202884,156
26202885,156
26202886,156
26202887,156
26202888,156
26202889,156
26202890,156
26202891,156
26202892,156
26202893,156
26202894,156
26202895,156
26202896,158
26202897,156
26202898,156
26202899,156
26202900,156
26202901,156
26202902,156
26202903,156
26202904,158
26202905,156
26202906,158
26202907,158
26202908,158
26202909,158
26202910,158
26202911,158
26202912,158
26202913,158
26202914,158
26202915,158
26202916,158
26202917,159
26202918,158
26202919,159
26202920,159
26202921,159
26202922,159
26202923,159
26202924,159
26202925,159
26202926,159
26202927,159
26202928,159
26202929,159
26202930,159
26202931,159
26202932,159
26202933,159
26202934,159
26202935,159
26202936,159
26202937,159
26202938,159
26202939,159
26202940,159
26202941,159
26202942,159
26202943,159
26202944,159
26202945,159
26202946,159
26202947,159
26202948,159
26202949,159
26202950,159
26202951,159
26202952,159
26202953,159
26202954,159
26202955,159
26202956,159
26202957,159
26202958,159
26202959,159
26202960,159
26202961,159
26202962,159
26202963,159
26202964,159
26202965,159
26202966,159
26202967,159
26202968,159
26202969,159
26202970,159
26202971,159
26202972,159
26202973,159
26202974,159
26202975,159
26202976,159
26202977,159
26202978,159
26202979,159
26202980,159
26202981,159
26202982,159
26202983,156
26202984,156
26202985,156
26202986,159
26202987,159
26202988,159
26202989,158
26202990,158
26202991,158
26202992,158
26202993,158
26202994,158
26202995,158
26202996,158
26202997,158
26202998,158
26202999,158
26203000,158
26203001,158
26203002,158
26203003,158
26203004,158
26203005,158
26203006,158
26203007,158
26203008,158
26203009,158
26203010,158
26203011,158
26203012,158
26203013,158
26203014,158
26203015,158
26203016,158
26203017,158
26203018,158
26203019,158
26203020,158
26203021,158
26203022,158
26203023,158
26203024,158
26203025,158
26203026,158
26203027,159
26203028,159
26203029,158
26203030,159
26203031,159
26203032,159
26203033,159
26203034,159
26203041,154
26203042,154
26203043,154
26203044,154
26203045,154
26203046,154
26203047,154
26203048,154
26203049,154
26203050,154
26203051,154
26203052,154
26203053,154
26203054,154
26203055,154
26203056,154
26203057,154
26203058,154
26203059,154
26203060,154
26203061,154
26203062,154
26203063,154
26203064,154
26203065,154
26203066,154
26203067,154
26203068,154
26203069,154
26203070,154
26203071,154
26203072,154
26203073,154
26203074,154
26203075,154
26203076,154
26203077,154
26203078,154
26203132,128
26203138,128
26203139,128
26203140,128
26203141,128
26203142,128
26203143,128
26203144,128
26203145,128
26203146,128
26203147,128
26203148,128
26203149,128
26203150,128
26203151,128
26203152,128
26203153,128
26203154,128
26203155,128
26203156,128
26203157,128
26203158,128
26203159,128
26203160,128
26203161,128
26203162,128
26203163,128
26203164,128
26203165,128
26203166,128
26203167,128
26203168,128
26203169,128
26203170,128
26203171,128
26203172,128
26203173,128
26203174,128
26203175,128
26203176,128
26203177,128
26203178,128
26203179,128
26203180,128
26203181,128
26203182,128
26203183,128
26203184,128
26203185,128
26203186,128
26203187,128
26203195,128
26203196,128
26203197,128
26203199,128
26203256,158
26203257,158
26203258,158
26203259,158
26203260,158
26203261,158
26203262,158
26203263,158
26203269,158
26203270,158
26203272,158
26203273,158
26203336,128
26203337,128
26203338,128
26203339,158
26203340,154
26203341,154
26203342,154
26203343,154
26203344,154
26203345,154
26203346,154
26203347,154
26203348,154
26203349,154
26203350,154
26203351,154
26203352,154
26203353,154
26203354,154
26203355,154
26203356,154
26203357,154
26203358,154
26203359,154
26203360,154
26203361,154
26203362,154
26203363,154
26203364,154
26203365,154
26203366,154
26203367,154
26203368,154
26203369,154
26203370,154
26203371,154
26203372,154
26203373,154
26203374,154
26203375,154
26203376,154
26203377,154
26203378,154
26203379,154
26203380,154
26203381,154
26203382,154
26203383,154
26203384,154
26203385,154
26203386,154
26203387,154
26203388,154
26203389,154
26203390,154
26203391,154
26203392,154
26203393,154
26203394,159
26203395,154
26203396,154
26203397,154
26203398,159
26203399,159
26203400,159
26203401,159
26203402,159
26203403,159
26203404,159
26203405,158
26203406,158
26203407,158
26203408,159
26203409,159
26203410,159
26203411,159
26203412,158
26203413,159
26203414,159
26203415,159
26203416,159
26203417,159
26203418,159
26203419,158
26203420,158
26203421,159
26203422,159
26203423,159
26203424,159
26203425,159
26203426,158
26203427,159
26203428,159
26203429,158
26203430,159
26203431,159
26203432,159
26203433,159
26203434,158
26203435,158
26203436,159
26203437,159
26203438,158
26203439,159
26203440,158
26203441,159
26203442,158
26203443,158
26203444,158
26203445,158
26203446,158
26203447,159
26203448,158
26203449,159
26203450,158
26203451,158
26203452,158
26203453,158
26203454,158
26203455,158
26203456,159
26203457,158
26203458,159
26203459,159
26203460,158
26203461,159
26203462,158
26203463,159
26203464,159
26203465,159
26203466,159
26203467,158
26203468,159
26203469,159
26203470,159
26203471,158
26203472,159
26203473,159
26203474,159
26203475,159
26203476,158
26203477,159
26203478,159
26203479,158
26203480,158
26203481,158
26203482,158
26203483,158
26203484,158
26203485,158
26203486,159
26203487,159
26203488,158
26203489,159
26203490,128
26203491,159
26203492,159
26203493,159
26203494,158
26203495,158
26203496,159
26203497,159
26203498,159
26203499,158
26203500,159
26203501,158
26203502,159
26203503,158
26203504,159
26203505,158
26203506,159
26203507,159
26203508,159
26203509,158
26203510,158
26203511,159
26203512,159
26203513,159
26203514,159
26203515,159
26203516,159
26203517,159
26203518,158
26203519,158
26203520,128
26203521,159
26203522,159
26203523,128
26203524,159
26203525,158
26203526,159
26203527,158
26203528,159
26203529,159
26203530,159
26203531,159
26203532,159
26203533,159
26203534,159
26203535,159
26203536,159
26203537,159
26203538,158
26203539,158
26203540,159
26203541,159
26203542,158
26203543,158
26203544,158
26203545,158
26203546,159
26203547,159
26203548,158
26203549,158
26203550,158
26203551,159
26203552,158
26203553,158
26203554,158
26203555,159
26203556,159
26203557,159
26203558,158
26203559,159
26203560,158
26203561,159
26203562,158
26203563,158
26203564,158
26203565,158
26203566,158
26203567,158
26203568,159
26203569,158
26203570,158
26203571,158
26203572,158
26203573,159
26203574,159
26203575,159
26203576,159
26203577,159
26203578,158
26203579,158
26203580,158
26203581,158
26203582,158
26203583,158
26203584,159
26203585,159
26203586,158
26203587,159
26203588,158
26203589,159
26203590,158
26203591,158
26203592,158
26203593,159
26203594,159
26203595,159
26203596,158
26203597,159
26203598,158
26203599,159
26203600,159
26203601,159
26203602,159
26203603,159
26203604,159
26203605,158
26203606,159
26203607,159
26203608,159
26203609,159
26203610,158
26203611,158
26203612,158
26203613,158
26203614,159
26203615,159
26203616,159
26203617,159
26203618,159
26203619,158
26203620,159
26203621,158
26203622,158
26203623,158
26203624,158
26203625,158
26203626,158
26203627,158
26203628,158
26203629,158
26203630,159
26203631,159
26203632,159
26203633,159
26203634,159
26203635,159
26203636,159
26203637,159
26203638,159
26203639,158
26203640,159
26203641,159
26203642,159
26203643,159
26203644,159
26203645,159
26203646,159
26203647,158
26203648,158
26203649,158
26203650,158
26203651,159
26203652,158
26203653,158
26203654,158
26203655,154
26203656,158
26203657,159
26203658,158
26203659,158
26203660,154
26203661,159
26203662,159
26203663,159
26203664,154
26203665,159
26203666,154
26203667,159
26203668,159
26203669,159
26203670,158
26203671,156
26203672,158
26203673,128
26203674,154
26203675,154
26203676,156
26203677,156
26203678,156
26203679,156
26203680,156
26203681,156
26203682,156
26203683,156
26203684,156
26203685,156
26203686,156
26203687,156
26203688,156
26203689,156
26203690,156
26203691,156
26203692,156
26203693,156
26203694,156
26203695,156
26203696,156
26203697,156
26203698,156
26203699,156
26203700,156
26203701,156
26203702,156
26203703,156
26203704,156
26203705,156
26203706,156
26203707,156
26203708,156
26203709,156
26203710,156
26203711,156
26203712,156
26203713,156
26203714,156
26203715,156
26203716,156
26203717,156
26203718,156
26203719,156
26203720,156
26203721,156
26203722,156
26203723,156
26203724,156
26203725,156
26203726,156
26203727,156
26203728,156
26203729,156
26203730,156
26203731,156
26203732,156
26203733,156
26203734,156
26203735,156
26203736,156
26203737,156
26203738,156
26203739,156
26203740,156
26203741,156
26203742,156
26203743,156
26203744,156
26203745,156
26203746,156
26203747,156
26203748,156
26203749,156
26203750,156
26203751,156
26203752,156
26203753,156
26203754,156
26203755,156
26203756,156
26203757,156
26203758,156
26203759,156
26203760,156
26203761,156
26203762,156
26203763,156
26203764,156
26203766,156
26203767,158
26203768,156
26203769,159
26203770,159
26203771,158
26203772,159
26203773,159
26203774,159
26203775,156
26203776,159
26203777,159
26203778,159
26203779,158
26203780,154
26203781,154
26203782,154
26203783,154
26203784,153
26203785,153
26203786,159
26203787,154
26203788,158
26203789,156
26203790,159
26203791,159
26203792,159
26203793,159
26203794,159
26203795,159
26203796,159
26203797,159
26203799,159
26203800,159
26203801,159
26203802,159
26203803,159
26203804,159
26203805,159
26203806,159
26203807,159
26203808,159
26203809,159
26203810,159
26203811,159
26203812,159
26203813,159
26203814,159
26203815,159
26203816,159
26203817,159
26203818,159
26203819,159
26203820,159
26203821,159
26203822,128
26203933,159
26203940,156
26203944,154
26203946,154
26203947,158
26203948,159
26203953,158
26203954,158
26203959,128
26203962,128
26203963,128
26203964,128
26203966,158
26203978,158
26203982,156
26203983,156
26203984,159
26203985,156
26203986,158
26203987,158
26203988,158
26203989,159
26203990,159
26203991,159
26203997,128
26203998,128
26204000,128
26204001,128
26204004,158
26204005,158
26204006,158
26204007,158
26204009,158
26204011,158
26204012,128
26204016,154
26204017,154
26204018,154
26204020,158
26204021,154
26204022,154
26204025,158
26204026,158
26204027,158
26204028,158
26204029,158
26204030,159
26204031,159
26204032,158
26204034,159
26204035,159
26204170,158
26204171,156
26204172,159
26204173,158
26204174,158
26204175,158
26204176,159
26204177,159
26204178,159
26204179,159
26204181,159
26204182,159
26204188,158
26204225,128
26204226,128
26204239,156
26204248,156
26204267,159
26204268,158
26204269,156
26204270,156
26204271,156
26204272,159
26204273,159
26204274,156
26204384,158
26204385,158
26204407,159
26204411,128
26204414,158
26204415,156
26204417,158
26204418,158
26204419,158
26204420,158
26204421,158
26204422,158
26204423,159
26204424,159
26204432,159
26204449,158
26204450,158
26204457,158
26204458,158
26204459,158
26204460,158
26204461,158
26204463,158
26204465,159
26204647,87
26204648,87
26204649,87
26204650,87
26204651,87
26204652,87
26204653,87
26204654,87
26204655,87
26204656,87
26204657,87
26204658,87
26204659,87
26204660,87
26204661,87
26204662,87
26204663,87
26204664,87
26204665,87
26204666,87
26204667,87
26204668,87
26204669,87
26204670,87
26204671,87
26204672,87
26204673,87
26204674,87
26204675,87
26204676,87
26204677,87
26204678,87
26204679,87
26204680,87
26204681,87
26204682,87
26204683,87
26204684,87
26204685,87
26204686,87
26204687,87
26204688,87
26204689,87
26204690,87
26204691,87
26204692,87
26204693,87
26204694,87
26204695,87
26204696,87
26204697,87
26204698,87
26204699,87
26204700,87
26204701,87
26204702,87
26204703,87
26204704,87
26204705,87
26204706,87
26204707,87
26204708,87
26204709,87
26204710,87
26204711,87
26204712,87
26204713,87
26204714,87
26204715,87
26204716,87
26204717,87
26204718,87
26204719,87
26204720,87
26204721,87
26204722,87
26204723,87
26204724,87
26204725,87
26204726,87
26204727,87
26204728,87
26204729,87
26204730,87
26204731,87
26204732,87
26204733,87
26204734,87
26204735,87
26204736,87
26204737,87
26204738,87
26204739,87
26204740,87
26204741,6
26204742,87
26204743,87
26204744,6
26204745,6
26204746,6
26204747,6
26204748,6
26204749,6
26204750,6
26204751,6
26204752,6
26204753,6
26204754,6
26204755,6
26204756,6
26204757,6
26204758,6
26204759,6
26204760,6
26204761,6
26204762,6
26204763,6
26204764,6
26204765,6
26204766,6
26204767,6
26204768,6
26204769,6
26204770,6
26204771,6
26204772,6
26204773,6
26204774,6
26204775,6
26204776,6
26204777,6
26204778,6
26204779,6
26204780,6
26204781,6
26204782,6
26204783,6
26204784,6
26204785,6
26204786,6
26204787,6
26204788,6
26204789,6
26204790,6
26204791,6
26204792,6
26204793,126
26204794,126
26204795,126
26204796,126
26204797,126
26204798,126
26204799,126
26204800,126
26204801,126
26204802,126
26204803,126
26204804,126
26204805,126
26204806,126
26204807,126
26204808,126
26204809,126
26204810,126
26204811,126
26204812,126
26204813,126
26204814,126
26204815,126
26204816,126
26204817,126
26204818,126
26204819,126
26204820,126
26204821,126
26204822,126
26204823,126
26204824,126
26204825,126
26204826,126
26204827,126
26204828,126
26204829,126
26204830,126
26204831,126
26204832,126
26204833,126
26204834,126
26204835,126
26204836,126
26204837,126
26204838,126
26204839,126
26204840,80
26204841,80
26204842,80
26204843,80
26204844,80
26204845,80
26204846,80
26204847,80
26204848,80
26204849,80
26204850,80
26204851,80
26204852,80
26204853,80
26204854,80
26204855,80
26204856,80
26204857,80
26204858,80
26204859,80
26204860,80
26204861,80
26204862,80
26204863,80
26204864,80
26204865,80
26204866,80
26204867,80
26204868,80
26204869,80
26204870,80
26204871,80
26204872,80
26204873,80
26204874,80
26204875,80
26204876,80
26204877,80
26204878,80
26204879,80
26204880,80
26204881,80
26204882,80
26204883,80
26204884,80
26204885,80
26204886,80
26204887,80
26204888,80
26204889,80
26204890,80
26204891,80
26204892,80
26204893,80
26204894,80
26204895,80
26204896,80
26204897,80
26204898,80
26204899,80
26204900,80
26204901,80
26204902,80
26204903,80
26204904,80
26204905,80
26204906,80
26204907,80
26204908,80
26204909,80
26204910,87
26204911,87
26204912,87
26204913,87
26204914,87
26204915,87
26204916,87
26204917,87
26204918,87
26204919,87
26204920,87
26204921,87
26204922,87
26204923,87
26204924,87
26204925,87
26204926,87
26204927,87
26204928,87
26204929,87
26204930,81
26204931,81
26204932,81
26204933,81
26204934,81
26204935,81
26204936,81
26204937,81
26204938,81
26204939,81
26204940,81
26204941,81
26204942,81
26204943,81
26204944,81
26204945,81
26204946,81
26204947,81
26204948,81
26204949,81
26204950,81
26204951,81
26204952,81
26204953,81
26204954,81
26204955,81
26204956,81
26204957,81
26204958,81
26204959,81
26204960,81
26204961,81
26204962,81
26204963,81
26204964,81
26204965,81
26204966,81
26204967,81
26204968,81
26204969,81
26204970,81
26204971,81
26204972,81
26204973,81
26204974,81
26204975,81
26204976,81
26204977,81
26204978,81
26204979,81
26204980,81
26204981,81
26204982,81
26204983,81
26204984,81
26204985,81
26204986,81
26204987,81
26204988,81
26204989,81
26204990,81
26204991,81
26204992,81
26204993,81
26204994,81
26204995,81
26204996,81
26204997,81
26204998,81
26204999,81
26205000,81
26205001,81
26205002,81
26205003,81
26205004,81
26205005,81
26205006,81
26205007,81
26205008,81
26205009,126
26205010,126
26205011,87
26205012,126
26205013,87
26205014,87
26205015,87
26205016,87
26205017,87
26205018,87
26205019,87
26205020,87
26205021,87
26205022,87
26205023,87
26205024,87
26205025,87
26205026,87
26205027,87
26205028,87
26205029,87
26205030,87
26205031,87
26205032,87
26205033,87
26205034,126
26205035,126
26205036,126
26205037,126
26205038,126
26205039,126
26205040,126
26205041,126
26205042,126
26205043,126
26205044,126
26205045,126
26205046,126
26205047,126
26205048,126
26205049,126
26205050,126
26205051,126
26205052,126
26205053,126
26205054,126
26205055,126
26205056,126
26205057,126
26205058,126
26205059,126
26205060,126
26205061,126
26205062,126
26205063,126
26205064,126
26205065,126
26205066,126
26205067,126
26205068,126
26205069,126
26205070,126
26205071,126
26205072,126
26205073,126
26205074,126
26205075,126
26205076,126
26205077,126
26205078,126
26205079,126
26205080,126
26205081,126
26205082,126
26205083,126
26205084,126
26205085,126
26205086,126
26205087,126
26205088,126
26205089,126
26205090,126
26205091,126
26205092,126
26205093,126
26205094,126
26205095,126
26205096,126
26205097,126
26205098,126
26205099,126
26205100,126
26205101,126
26205102,126
26205103,126
26205104,126
26205105,126
26205106,126
26205107,126
26205108,126
26205109,126
26205110,126
26205111,126
26205112,126
26205113,126
26205114,126
26205115,10
26205116,126
26205117,126
26205118,10
26205119,126
26205120,10
26205121,10
26205122,10
26205123,10
26205124,10
26205125,10
26205126,10
26205127,10
26205128,10
26205129,10
26205130,10
26205131,10
26205132,10
26205133,10
26205134,10
26205135,10
26205136,10
26205137,10
26205138,10
26205139,10
26205140,10
26205141,10
26205142,10
26205143,10
26205144,10
26205145,10
26205146,10
26205147,10
26205148,10
26205149,10
26205150,10
26205151,10
26205152,10
26205153,10
26205154,10
26205155,10
26205156,10
26205157,10
26205158,10
26205159,10
26205160,10
26205161,10
26205162,10
26205163,10
26205164,10
26205165,10
26205166,10
26205167,10
26205168,10
26205169,10
26205170,10
26205171,10
26205172,10
26205173,10
26205174,10
26205175,10
26205176,10
26205177,10
26205178,10
26205179,10
26205278,80
26205280,80
26205281,80
26205282,80
26205283,80
26205284,80
26205285,80
26205286,80
26205287,80
26205288,80
26205289,80
26205290,80
26205291,80
26205292,80
26205293,80
26205294,80
26205295,80
26205296,80
26205297,80
26205298,80
26205299,80
26205300,80
26205301,80
26205302,80
26205303,80
26205304,80
26205305,80
26205306,80
26205307,80
26205308,80
26205309,80
26205310,80
26205311,80
26205312,80
26205313,80
26205314,80
26205315,80
26205316,80
26205341,16
26205342,16
26205343,16
26205344,16
26205345,16
26205346,16
26205347,16
26205348,16
26205349,16
26205350,16
26205351,16
26205352,16
26205353,16
26205354,16
26205355,16
26205356,16
26205357,16
26205358,16
26205359,16
26205360,16
26205361,16
26205362,16
26205363,16
26205364,16
26205365,16
26205366,16
26205367,16
26205368,16
26205369,16
26205370,16
26205371,16
26205372,16
26205373,16
26205382,12
26205383,12
26205384,12
26205385,12
26205386,12
26205387,12
26205388,12
26205389,12
26205390,12
26205391,12
26205392,12
26205393,12
26205394,12
26205395,12
26205396,12
26205397,12
26205398,12
26205399,12
26205400,12
26205401,12
26205402,12
26205403,12
26205404,12
26205405,12
26205406,12
26205407,12
26205408,12
26205409,12
26205410,12
26205411,12
26205412,12
26205413,12
26205414,12
26205415,12
26205416,12
26205417,12
26205418,12
26205419,12
26205420,12
26205421,12
26205422,12
26205423,12
26205424,12
26205425,12
26205426,12
26205427,12
26205428,12
26205429,12
26205430,12
26205431,12
26205432,12
26205433,12
26205434,12
26205435,12
26205452,87
26205453,87
26205454,87
26205455,87
26205456,87
26205457,87
26205458,87
26205459,87
26205460,87
26205461,87
26205462,87
26205463,87
26205464,87
26205465,87
26205466,87
26205467,87
26205468,87
26205469,87
26205470,87
26205471,87
26205472,87
26205473,87
26205474,87
26205475,87
26205476,87
26205477,87
26205478,87
26205479,87
26205480,87
26205481,87
26205482,87
26205483,87
26205484,87
26205485,87
26205486,87
26205487,87
26205488,87
26205489,87
26205490,87
26205491,87
26205492,87
26205493,87
26205494,87
26205495,87
26205496,87
26205497,87
26205498,87
26205499,87
26205500,87
26205501,87
26205502,87
26205503,87
26205504,87
26205505,87
26205506,87
26205507,87
26205508,87
26205509,87
26205510,87
26205511,87
26205512,87
26205513,87
26205514,87
26205515,87
26205516,87
26205517,87
26205518,87
26205519,87
26205520,87
26205521,81
26205522,87
26205523,87
26205524,81
26205525,87
26205526,81
26205527,81
26205528,81
26205529,81
26205530,81
26205531,81
26205532,81
26205533,81
26205534,81
26205535,81
26205536,81
26205537,81
26205538,81
26205539,81
26205540,81
26205541,81
26205542,81
26205543,81
26205544,81
26205545,81
26205546,81
26205547,81
26205548,81
26205549,81
26205550,81
26205551,81
26205552,6
26205553,6
26205554,6
26205555,6
26205556,6
26205557,6
26205558,6
26205559,6
26205560,6
26205561,6
26205562,6
26205563,6
26205564,6
26205565,6
26205566,6
26205567,6
26205568,6
26205569,6
26205570,6
26205571,6
26205572,6
26205573,6
26205574,6
26205575,6
26205576,6
26205577,6
26205578,6
26205579,6
26205580,6
26205581,6
26205582,6
26205583,6
26205584,6
26205585,6
26205586,6
26205587,6
26205588,6
26205589,6
26205590,6
26205591,6
26205592,6
26205593,6
26205594,6
26205595,6
26205596,6
26205597,87
26205598,6
26205599,87
26205600,87
26205601,87
26205602,87
26205603,87
26205604,87
26205605,87
26205606,87
26205607,87
26205608,87
26205609,87
26205610,87
26205611,87
26205612,126
26205613,87
26205614,87
26205615,126
26205616,126
26205617,126
26205618,126
26205619,126
26205620,126
26205621,126
26205622,126
26205623,126
26205624,126
26205625,126
26205626,126
26205627,126
26205628,126
26205629,126
26205630,126
26205631,126
26205632,126
26205633,126
26205634,126
26205635,126
26205636,126
26205637,126
26205638,126
26205639,126
26205640,126
26205641,126
26205642,126
26205643,126
26205644,126
26205645,126
26205646,126
26205647,126
26205648,126
26205649,126
26205650,126
26205651,126
26205652,126
26205653,126
26205654,126
26205655,126
26205656,126
26205657,126
26205658,126
26205659,126
26205660,126
26205661,126
26205662,126
26205663,126
26205664,126
26205665,126
26205666,126
26205667,126
26205668,126
26205669,126
26205670,126
26205671,126
26205672,126
26205673,126
26205674,126
26205675,126
26205676,126
26205677,126
26205678,126
26205679,126
26205680,126
26205681,126
26205682,126
26205683,126
26205684,126
26205685,126
26205686,126
26205687,126
26205688,126
26205689,126
26205690,126
26205691,126
26205692,126
26205693,126
26205694,126
26205695,126
26205696,126
26205697,126
26205698,126
26205699,126
26205700,126
26205701,126
26205702,126
26205703,126
26205704,126
26205705,126
26205706,126
26205707,126
26205708,126
26205709,126
26205710,126
26205711,126
26205712,126
26205713,126
26205714,126
26205715,126
26205716,126
26205717,126
26205718,126
26205719,10
26205720,10
26205721,10
26205722,10
26205723,10
26205724,10
26205725,10
26205726,10
26205727,10
26205728,10
26205729,10
26205730,10
26205731,10
26205732,10
26205733,10
26205734,10
26205735,10
26205736,10
26205737,10
26205738,10
26205739,10
26205740,10
26205741,10
26205742,10
26205743,10
26205744,10
26205745,10
26205746,10
26205747,10
26205748,10
26205749,10
26205750,10
26205751,10
26205752,10
26205753,10
26205754,10
26205755,10
26205756,10
26205757,10
26205758,10
26205759,10
26205760,10
26205761,10
26205762,10
26205763,10
26205764,10
26205765,10
26205766,10
26205767,10
26205768,10
26205769,10
26205770,10
26205771,10
26205772,10
26205773,10
26205774,10
26205775,10
26205776,10
26205777,10
26205778,10
26205779,10
26205780,10
26205782,10
26205783,10
26205784,80
26205785,80
26205786,80
26205787,80
26205788,80
26205789,80
26205790,80
26205791,80
26205792,80
26205793,80
26205794,80
26205795,80
26205796,80
26205797,80
26205798,80
26205799,80
26205800,80
26205801,80
26205802,80
26205803,80
26205804,80
26205805,80
26205806,80
26205807,80
26205808,80
26205809,80
26205810,80
26205811,80
26205812,80
26205813,80
26205814,80
26205815,80
26205816,80
26205817,80
26205818,80
26205819,80
26205820,80
26205821,80
26205822,80
26205823,80
26205824,80
26205825,80
26205826,80
26205827,80
26205828,80
26205829,80
26205830,80
26205831,80
26205832,80
26205833,80
26205834,80
26205835,80
26205836,80
26205837,80
26205838,80
26205839,80
26205840,80
26205841,80
26205842,80
26205843,80
26205844,80
26205845,80
26205846,80
26205847,80
26205848,80
26205849,80
26205850,80
26205851,80
26205852,80
26205853,80
26205854,80
26205855,80
26205856,80
26205857,80
26205858,80
26205859,80
26205860,80
26205861,80
26205862,80
26205863,80
26205864,80
26205865,80
26205866,80
26205867,80
26205868,16
26205869,80
26205870,80
26205871,16
26205872,16
26205873,16
26205874,16
26205875,16
26205876,16
26205877,16
26205878,16
26205879,16
26205880,16
26205881,16
26205882,16
26205883,16
26205884,16
26205885,16
26205886,16
26205887,16
26205888,16
26205889,16
26205890,16
26205891,16
26205892,16
26205893,16
26205894,16
26205895,16
26205896,16
26205897,12
26205898,12
26205899,12
26205900,12
26205901,12
26205902,12
26205903,12
26205904,12
26205905,12
26205906,12
26205907,12
26205908,12
26205909,12
26205910,12
26205911,12
26205912,12
26205913,12
26205914,12
26205915,12
26205916,12
26205917,12
26205918,12
26205919,12
26205920,12
26205921,12
26205922,12
26205923,12
26205924,12
26205925,12
26205926,12
26205927,12
26205928,12
26205929,12
26205930,12
26205931,12
26205932,12
26205933,12
26205934,12
26205935,12
26205936,12
26205937,12
26205938,12
26205939,12
26205940,12
26205941,12
26205942,12
26205943,12
26205944,12
26205945,12
26205946,12
26205947,12
26205948,12
26205949,12
26205950,12
26206069,120
26206070,120
26206071,120
26206072,120
26206073,120
26206074,120
26206075,120
26206076,120
26206077,120
26206078,120
26206079,120
26206080,120
26206083,126
26206084,126
26206085,126
26206086,126
26206087,126
26206088,126
26206089,126
26206090,126
26206091,126
26206092,126
26206093,126
26206094,126
26206095,126
26206096,126
26206097,126
26206098,126
26206099,126
26206100,126
26206101,126
26206102,126
26206103,126
26206104,126
26206105,126
26206106,126
26206107,126
26206108,126
26206109,126
26206110,126
26206111,126
26206112,126
26206113,126
26206114,126
26206115,126
26206116,126
26206117,126
26206118,126
26206119,126
26206120,126
26206121,126
26206122,126
26206123,126
26206124,126
26206125,126
26206126,126
26206127,126
26206128,126
26206129,126
26206130,126
26206131,126
26206132,126
26206133,126
26206134,126
26206135,126
26206136,126
26206137,126
26206138,126
26206139,126
26206140,126
26206141,126
26206142,126
26206143,126
26206144,126
26206145,126
26206146,126
26206147,126
26206148,126
26206149,126
26206150,126
26206151,126
26206152,126
26206153,126
26206154,126
26206155,126
26206156,126
26206157,126
26206158,126
26206159,126
26206160,126
26206161,126
26206162,126
26206163,126
26206164,126
26206165,126
26206166,126
26206167,126
26206168,126
26206169,126
26206170,126
26206171,126
26206172,126
26206173,126
26206174,126
26206175,126
26206176,126
26206177,126
26206178,126
26206179,126
26206180,126
26206181,126
26206182,126
26206183,126
26206184,126
26206185,126
26206186,126
26206187,126
26206188,126
26206189,126
26206190,126
26206191,126
26206192,126
26206193,126
26206194,126
26206195,126
26206196,126
26206197,126
26206198,126
26206199,126
26206200,126
26206201,126
26206202,126
26206203,126
26206204,126
26206205,126
26206206,81
26206207,81
26206208,81
26206209,81
26206210,81
26206211,81
26206212,81
26206213,81
26206214,81
26206215,81
26206216,81
26206217,81
26206218,81
26206219,81
26206220,81
26206221,81
26206222,81
26206223,81
26206224,81
26206225,81
26206226,81
26206227,81
26206228,81
26206229,81
26206230,81
26206231,81
26206232,81
26206233,81
26206234,81
26206235,81
26206236,81
26206237,81
26206238,81
26206239,81
26206240,81
26206241,81
26206242,81
26206243,81
26206244,81
26206245,81
26206246,81
26206247,81
26206248,81
26206249,81
26206250,81
26206251,81
26206252,81
26206253,81
26206254,81
26206255,81
26206256,81
26206257,81
26206258,81
26206259,81
26206260,81
26206261,81
26206262,81
26206263,81
26206264,81
26206265,81
26206266,81
26206267,81
26206268,81
26206269,81
26206270,81
26206271,81
26206272,81
26206273,81
26206274,81
26206275,81
26206276,81
26206277,81
26206278,81
26206279,81
26206280,81
26206281,81
26206282,81
26206283,81
26206284,81
26206285,81
26206286,81
26206287,81
26206288,81
26206289,81
26206290,81
26206291,81
26206292,81
26206293,81
26206294,81
26206295,81
26206296,81
26206297,81
26206298,81
26206299,81
26206300,81
26206301,126
26206302,81
26206303,81
26206304,126
26206305,81
26206306,126
26206307,126
26206308,126
26206310,126
26206314,126
26206315,126
26206322,126
26206323,126
26206324,126
26206327,126
26206328,126
26206329,126
26206330,126
26206331,126
26206332,126
26206333,126
26206334,126
26206335,126
26206336,126
26206339,126
26206340,126
26206341,126
26206342,126
26206347,81
26206349,81
26206352,81
26206353,81
26206354,81
26206355,10
26206356,10
26206357,10
26206358,10
26206359,10
26206360,10
26206361,10
26206362,10
26206364,10
26206365,10
26206366,10
26206367,10
26206368,10
26206369,10
26206370,10
26206371,10
26206372,10
26206373,10
26206374,10
26206375,10
26206376,10
26206377,10
26206378,10
26206379,10
26206380,10
26206381,10
26206382,10
26206383,10
26206384,10
26206385,10
26206386,10
26206387,10
26206388,10
26206389,10
26206390,10
26206391,10
26206392,10
26206393,10
26206394,10
26206395,10
26206396,10
26206397,10
26206398,10
26206399,10
26206400,10
26206401,10
26206402,10
26206404,10
26206405,10
26206407,81
26206409,81
26206411,81
26206412,81
26206413,126
26206414,126
26206415,126
26206416,126
26206417,126
26206419,126
26206420,119
26206421,119
26206422,126
26206424,126
26206425,126
26206427,126
26206428,126
26206429,126
26206430,126
26206432,81
26206433,81
26206434,81
26206435,81
26206437,10
26206438,10
26206439,10
26206440,10
26206441,10
26206442,10
26206443,10
26206444,10
26206445,10
26206446,10
26206447,10
26206448,10
26206450,10
26206451,10
26206452,10
26206453,126
26206455,10
26206456,126
26206457,10
26206459,126
26206460,126
26206462,119
26206464,126
26206465,126
26206466,126
26206467,126
26206468,126
26206469,126
26206470,126
26206471,126
26206472,126
26206473,126
26206474,126
26206475,126
26206477,126
26206478,126
26206479,126
26206480,126
26206483,126
26206484,126
26206485,126
26206486,126
26206487,126
26206488,16
26206489,16
26206490,16
26206491,16
26206492,16
26206493,16
26206494,16
26206495,16
26206496,16
26206497,16
26206498,16
26206499,16
26206500,16
26206501,16
26206502,16
26206503,16
26206504,16
26206505,16
26206506,16
26206507,16
26206508,16
26206509,16
26206510,16
26206511,16
26206512,16
26206513,16
26206514,16
26206515,16
26206516,16
26206517,16
26206518,16
26206519,16
26206520,16
26206521,16
26206522,16
26206523,16
26206524,16
26206525,16
26206526,16
26206527,16
26207064,126
26207451,12
26207452,12
26207453,12
26207454,12
26207455,12
26207456,12
26207457,12
26207458,12
26207459,12
26207460,12
26207461,12
26207462,12
26207463,12
26207464,12
26207465,12
26207466,12
26207467,12
26207468,12
26207469,12
26207470,12
26207471,12
26207472,12
26207473,12
26207474,12
26207475,12
26207476,12
26207477,12
26207478,12
26207479,12
26207480,12
26207481,12
26207482,12
26207483,12
26207484,12
26207485,12
26207486,12
26207487,12
26207488,12
26207489,12
26207490,12
26207491,12
26207492,12
26207493,12
26207494,12
26207495,12
26207496,12
26207497,12
26207498,12
26207499,12
26207500,12
26207501,12
26207502,12
26207503,12
26207504,12
26207505,12
26207506,12
26207507,12
26207509,12
26207517,6
26207520,6
26207521,6
26207522,6
26207523,6
26207524,6
26207525,6
26207526,6
26207527,6
26207528,6
26207529,6
26207530,6
26207531,6
26207532,6
26207533,6
26207534,6
26207535,6
26207536,6
26207537,6
26207538,6
26207539,6
26207540,6
26207541,6
26207542,6
26207543,6
26207544,6
26207545,6
26207546,6
26207547,6
26207548,6
26207549,6
26207550,6
26207551,6
26207552,6
26207553,6
26207554,6
26207555,6
26207556,6
26207557,6
26207558,6
26207559,6
26207560,6
26207561,6
26207562,6
26207563,6
26207564,6
26207565,6
26207566,6
26207567,6
26207568,6
26207569,6
26207570,6
26207571,6
26207572,6
26207746,624
26207747,624
26207748,624
26207749,624
26207750,624
26207751,624
26207752,601
26207753,601
26207754,601
26207755,601
26207756,601
26207757,601
26207758,601
26207759,601
26207760,601
26207761,601
26207762,601
26207763,601
26207764,601
26207765,601
26207766,601
26207767,601
26207768,601
26207769,601
26207770,603
26207771,606
26207772,601
26207773,613
26207774,606
26207775,601
26207776,613
26207777,601
26207778,603
26207779,613
26207780,606
26207781,603
26207782,613
26207783,603
26207784,606
26207785,603
26207786,613
26207787,601
26207788,606
26207789,603
26207790,606
26207791,601
26207792,613
26207793,613
26207794,606
26207795,601
26207796,603
26207797,601
26207798,601
26207799,613
26207800,606
26207801,603
26207802,613
26207803,606
26207804,603
26207805,601
26207806,613
26207807,606
26207808,603
26207809,601
26207810,613
26207811,613
26207812,606
26207813,603
26207814,601
26207815,606
26207816,603
26207817,601
26207818,601
26207819,601
26207820,606
26207821,601
26207822,603
26207823,613
26207824,606
26207825,606
26207826,601
26207827,613
26207828,606
26207829,603
26207830,613
26207831,606
26207832,613
26207833,601
26207834,613
26207835,606
26207836,606
26207837,608
26207838,608
26207839,608
26207840,608
26207841,608
26207842,608
26207843,608
26207844,608
26207845,608
26207846,608
26207847,608
26207848,608
26207849,608
26207850,608
26207851,608
26207852,608
26207853,608
26207854,608
26207855,608
26207856,608
26207857,608
26207858,608
26207859,608
26207860,608
26207861,608
26207862,608
26207863,608
26207864,608
26207865,608
26207866,608
26207867,608
26207868,608
26207869,608
26207870,608
26207871,608
26207872,608
26207873,608
26207874,608
26207875,608
26207876,608
26207877,608
26207878,608
26207879,608
26207880,608
26207881,607
26207882,608
26207883,608
26207884,608
26207885,607
26207886,607
26207887,607
26207888,607
26207889,607
26207890,607
26207891,607
26207892,607
26207893,619
26207894,619
26207895,607
26207896,619
26207897,619
26207898,619
26207899,619
26207900,619
26207901,619
26207902,619
26207903,619
26207904,619
26207905,619
26207906,619
26207907,613
26207908,613
26207909,613
26207910,603
26207911,603
26207912,613
26207913,603
26207914,613
26207915,603
26207916,603
26207917,613
26207918,603
26207919,613
26207920,613
26207921,613
26207922,603
26207923,603
26207924,613
26207925,603
26207926,603
26207927,613
26207928,613
26207929,603
26207930,603
26207931,613
26207932,603
26207933,613
26207934,613
26207935,613
26207936,613
26207937,613
26207938,609
26207939,613
26207940,619
26207941,619
26207942,619
26207943,609
26207944,609
26207945,619
26207946,609
26207947,609
26207948,609
26207949,609
26207950,609
26207951,609
26207952,609
26207953,609
26207954,619
26207955,609
26207956,609
26207957,609
26207958,619
26207959,609
26207960,609
26207961,609
26207962,619
26207963,609
26207964,609
26207965,609
26207966,624
26207967,624
26207968,624
26207969,624
26207970,624
26207971,624
26207972,600
26207973,606
26207974,600
26207975,600
26207976,600
26207977,600
26207978,600
26207979,606
26207980,606
26207981,606
26207982,606
26207983,606
26207984,606
26207985,606
26207986,606
26207987,606
26207988,606
26207989,606
26207990,606
26207991,606
26207992,606
26207993,606
26207994,606
26207995,606
26207996,609
26207997,605
26207998,609
26207999,606
26208000,609
26208001,609
26208002,605
26208003,609
26208004,609
26208005,605
26208006,609
26208007,609
26208008,605
26208009,609
26208010,609
26208011,609
26208012,605
26208013,609
26208014,605
26208015,609
26208016,609
26208017,609
26208018,605
26208019,609
26208020,605
26208021,605
26208022,609
26208023,609
26208024,609
26208025,609
26208026,609
26208027,605
26208028,609
26208029,605
26208030,609
26208031,609
26208032,609
26208033,609
26208034,605
26208035,605
26208036,605
26208037,609
26208038,609
26208039,605
26208040,605
26208041,605
26208042,605
26208043,605
26208044,605
26208045,605
26208046,605
26208047,605
26208048,605
26208049,607
26208050,605
26208051,607
26208052,605
26208053,607
26208054,607
26208055,607
26208056,619
26208057,607
26208058,607
26208059,607
26208060,607
26208061,607
26208062,609
26208063,609
26208064,619
26208065,609
26208066,619
26208067,609
26208068,619
26208069,609
26208070,619
26208071,609
26208072,609
26208073,619
26208074,619
26208075,609
26208076,619
26208077,609
26208078,600
26208079,600
26208080,600
26208083,600
26208085,600
26208086,600
26208221,601
26208366,601
26208367,601
26208368,601
26208369,601
26208370,601
26208371,601
26208372,601
26208373,601
26208374,601
26208375,601
26208376,601
26208377,601
26208378,613
26208379,606
26208380,601
26208381,613
26208382,601
26208383,606
26208384,603
26208385,603
26208386,606
26208387,613
26208388,603
26208389,606
26208390,613
26208391,603
26208392,606
26208393,601
26208394,613
26208395,606
26208396,601
26208397,613
26208398,603
26208399,606
26208400,601
26208401,613
26208402,603
26208403,606
26208404,606
26208405,601
26208406,613
26208407,601
26208408,613
26208409,603
26208410,606
26208411,601
26208412,613
26208413,603
26208414,613
26208415,606
26208416,601
26208417,606
26208418,606
26208419,601
26208420,601
26208421,613
26208422,613
26208423,603
26208424,613
26208425,606
26208426,601
26208427,601
26208428,613
26208429,606
26208430,613
26208431,606
26208432,606
26208433,603
26208434,613
26208435,608
26208436,608
26208437,608
26208438,608
26208439,608
26208440,608
26208441,608
26208442,608
26208443,608
26208444,608
26208445,608
26208446,608
26208447,608
26208448,608
26208449,608
26208450,608
26208451,608
26208452,608
26208453,608
26208454,608
26208455,608
26208456,608
26208457,608
26208458,608
26208459,608
26208460,608
26208461,608
26208462,608
26208463,608
26208464,608
26208465,608
26208466,608
26208467,608
26208468,608
26208469,608
26208470,608
26208471,608
26208472,608
26208473,608
26208474,608
26208475,608
26208476,608
26208477,608
26208478,608
26208479,608
26208480,607
26208481,608
26208482,608
26208483,607
26208484,607
26208485,607
26208486,607
26208487,607
26208488,607
26208489,619
26208490,607
26208491,619
26208492,607
26208493,607
26208494,619
26208495,619
26208496,619
26208497,619
26208498,619
26208499,619
26208500,619
26208501,619
26208502,619
26208503,619
26208504,619
26208505,613
26208506,613
26208507,603
26208508,613
26208509,603
26208510,613
26208511,613
26208512,603
26208513,613
26208514,613
26208515,603
26208516,613
26208517,603
26208518,613
26208519,603
26208520,603
26208521,613
26208522,613
26208523,613
26208524,613
26208525,613
26208526,613
26208527,613
26208528,613
26208529,603
26208530,619
26208531,619
26208532,619
26208533,609
26208534,609
26208535,619
26208536,609
26208537,619
26208538,609
26208539,619
26208540,609
26208541,619
26208542,609
26208543,619
26208544,609
26208545,609
26208546,619
26208547,609
26208548,619
26208549,619
26208550,619
26208551,609
26208552,609
26208553,619
26208554,609
26208555,609
26208556,619
26208557,609
26208558,609
26208559,609
26208560,619
26208561,600
26208562,609
26208563,600
26208564,600
26208565,600
26208566,606
26208567,600
26208568,606
26208569,606
26208570,606
26208571,606
26208572,606
26208573,606
26208574,606
26208575,606
26208576,606
26208577,606
26208578,606
26208579,606
26208580,606
26208581,606
26208582,605
26208583,606
26208584,609
26208585,609
26208586,609
26208587,605
26208588,609
26208589,605
26208590,605
26208591,605
26208592,609
26208593,609
26208594,605
26208595,609
26208596,609
26208597,609
26208598,605
26208599,609
26208600,605
26208601,605
26208602,609
26208603,605
26208604,609
26208605,609
26208606,609
26208607,605
26208608,605
26208609,605
26208610,605
26208611,605
26208612,605
26208613,605
26208614,605
26208615,605
26208616,607
26208617,605
26208618,605
26208619,607
26208620,607
26208621,607
26208622,607
26208623,607
26208624,607
26208625,607
26208626,607
26208627,607
26208628,609
26208629,600
26208630,600
26208632,600
26208634,600
26208637,600
26208850,196
26208851,196
26208852,196
26208853,196
26208854,196
26208855,196
26208856,196
26208857,196
26208858,196
26208859,196
26208860,196
26208861,196
26208862,196
26208863,192
26208864,199
26208865,199
26208866,199
26208867,192
26208868,192
26208869,192
26208870,192
26208871,192
26208872,192
26208873,192
26208874,192
26208875,192
26208876,195
26208877,195
26208878,195
26208879,195
26208880,195
26208881,195
26208882,195
26208883,195
26208884,199
26208885,192
26208886,199
26208887,199
26208888,199
26208889,192
26208890,199
26208891,199
26208892,199
26208893,199
26208894,199
26208895,192
26208896,192
26208897,192
26208898,192
26208899,192
26208900,192
26208901,192
26208902,192
26208903,192
26208904,192
26208905,192
26208906,192
26208907,192
26208908,192
26208909,192
26208910,199
26208911,192
26208912,192
26208913,199
26208914,192
26208915,199
26208916,199
26208917,199
26208918,199
26208919,192
26208920,199
26208921,193
26208922,193
26208923,199
26208924,193
26208925,193
26208926,193
26208927,193
26208928,193
26208929,193
26208930,193
26208931,193
26208932,193
26208933,193
26208934,197
26208935,197
26208936,197
26208937,197
26208938,197
26208939,197
26208940,197
26208941,197
26208942,197
26208943,197
26208944,197
26208945,197
26208946,197
26208947,197
26208948,197
26208949,197
26208950,197
26208951,197
26208952,197
26208953,197
26208954,197
26208955,197
26208956,197
26208957,197
26208958,197
26208959,151
26208960,151
26208961,194
26208962,151
26208963,194
26208964,194
26208965,194
26208966,194
26208967,194
26208968,194
26208969,194
26208970,194
26208971,194
26208972,194
26208973,194
26208974,194
26208975,194
26208976,194
26208977,194
26208978,194
26208979,194
26208980,194
26208981,194
26208982,194
26208983,190
26208984,190
26208985,194
26208986,190
26208987,190
26208988,194
26208989,194
26208990,190
26208991,190
26208992,190
26208993,190
26208994,190
26208995,190
26208996,190
26208997,190
26208998,190
26208999,190
26209000,190
26209001,190
26209002,190
26209003,190
26209004,190
26209005,190
26209006,190
26209007,190
26209008,190
26209009,190
26209010,190
26209011,190
26209012,190
26209013,190
26209014,190
26209015,190
26209016,190
26209017,190
26209018,190
26209019,190
26209020,190
26209021,190
26209022,190
26209023,190
26209024,190
26209025,190
26209026,190
26209027,190
26209028,190
26209029,190
26209030,190
26209031,190
26209032,190
26209033,190
26209034,190
26209035,190
26209036,190
26209037,190
26209038,190
26209039,190
26209040,190
26209041,190
26209042,190
26209043,190
26209044,190
26209045,190
26209046,190
26209047,190
26209048,190
26209049,190
26209050,190
26209051,190
26209052,190
26209053,190
26209054,190
26209055,190
26209056,122
26209057,122
26209058,122
26209059,122
26209060,122
26209061,122
26209062,122
26209063,190
26209064,190
26209065,190
26209066,190
26209067,190
26209068,190
26209069,190
26209070,190
26209071,190
26209072,190
26209073,190
26209074,190
26209075,190
26209076,190
26209077,190
26209078,190
26209079,190
26209080,190
26209081,190
26209082,190
26209083,122
26209084,190
26209085,190
26209086,122
26209087,122
26209088,190
26209089,122
26209090,122
26209091,190
26209092,190
26209093,190
26209094,190
26209095,190
26209096,190
26209097,190
26209098,190
26209099,190
26209100,190
26209101,190
26209102,190
26209103,190
26209104,190
26209105,190
26209106,190
26209107,190
26209108,190
26209109,190
26209110,190
26209111,190
26209112,190
26209113,190
26209114,190
26209115,190
26209116,190
26209117,190
26209118,190
26209119,190
26209120,190
26209121,190
26209122,190
26209123,190
26209124,190
26209125,190
26209126,190
26209127,190
26209128,190
26209129,190
26209130,190
26209131,190
26209132,190
26209133,190
26209134,190
26209135,190
26209136,190
26209137,190
26209138,190
26209139,190
26209140,190
26209141,190
26209142,190
26209143,190
26209144,190
26209145,190
26209146,190
26209147,190
26209148,190
26209149,190
26209150,190
26209151,190
26209152,190
26209153,190
26209154,190
26209155,190
26209156,190
26209157,190
26209158,190
26209159,190
26209160,190
26209161,190
26209162,190
26209163,190
26209164,190
26209165,190
26209166,190
26209167,190
26209168,190
26209169,190
26209170,199
26209171,190
26209172,192
26209173,199
26209174,199
26209175,194
26209176,194
26209177,194
26209178,192
26209179,192
26209180,194
26209181,194
26209182,194
26209183,194
26209184,194
26209185,194
26209186,194
26209187,194
26209188,194
26209189,194
26209190,194
26209191,194
26209192,194
26209193,199
26209194,151
26209195,151
26209196,151
26209197,199
26209198,199
26209199,192
26209200,199
26209201,199
26209202,199
26209203,192
26209204,192
26209205,192
26209206,192
26209207,192
26209208,192
26209209,192
26209210,192
26209211,192
26209212,192
26209213,192
26209214,192
26209215,192
26209216,192
26209217,192
26209218,192
26209219,192
26209220,192
26209221,192
26209222,192
26209223,199
26209224,192
26209225,192
26209226,192
26209227,192
26209228,192
26209229,192
26209230,192
26209231,192
26209232,192
26209233,192
26209234,192
26209235,192
26209236,192
26209237,192
26209238,192
26209239,192
26209240,192
26209241,199
26209242,199
26209243,199
26209244,199
26209245,199
26209246,199
26209247,199
26209248,192
26209249,193
26209250,193
26209251,193
26209252,193
26209253,193
26209254,193
26209255,193
26209256,193
26209257,193
26209258,193
26209259,193
26209260,193
26209261,193
26209262,193
26209263,193
26209264,193
26209265,194
26209266,194
26209267,194
26209268,195
26209269,194
26209270,195
26209271,195
26209272,195
26209273,195
26209274,195
26209275,195
26209276,195
26209277,195
26209278,195
26209279,195
26209280,197
26209281,197
26209282,197
26209283,197
26209284,195
26209285,197
26209286,197
26209287,197
26209288,197
26209289,197
26209290,197
26209291,197
26209292,197
26209293,197
26209294,197
26209295,197
26209296,197
26209297,197
26209298,197
26209299,197
26209300,197
26209301,199
26209302,197
26209303,197
26209304,190
26209305,197
26209306,197
26209307,197
26209308,197
26209309,197
26209310,190
26209311,190
26209312,190
26209313,190
26209314,190
26209315,194
26209316,192
26209317,190
26209318,194
26209319,190
26209320,192
26209321,193
26209322,192
26209323,195
26209324,196
26209325,190
26209326,190
26209327,192
26209328,195
26209329,190
26209330,192
26209331,199
26209332,199
26209333,190
26209334,190
26209335,197
26209336,190
26209337,197
26209338,193
26209339,193
26209340,192
26209341,194
26209342,194
26209343,151
26209344,151
26209345,199
26209346,192
26209347,190
26209348,193
26209349,199
26209350,192
26209351,190
26209352,192
26209353,190
26209354,122
26209355,193
26209356,192
26209357,192
26209358,122
26209359,193
26209360,193
26209361,192
26209362,192
26209363,192
26209364,192
26209365,190
26209366,190
26209367,190
26209368,190
26209369,190
26209370,190
26209371,190
26209372,190
26209373,190
26209374,190
26209375,190
26209376,190
26209377,190
26209378,190
26209379,190
26209380,190
26209381,193
26209382,151
26209383,199
26209384,190
26209385,190
26209386,190
26209387,151
26209388,190
26209389,151
26209390,190
26209391,192
26209392,151
26209393,151
26209394,192
26209395,193
26209396,195
26209397,199
26209398,196
26209399,195
26209400,199
26209401,195
26209402,199
26209403,193
26209404,190
26209405,199
26209406,194
26209407,190
26209408,190
26209409,161
26209410,190
26209411,190
26209412,161
26209413,190
26209414,190
26209415,161
26209416,122
26209417,161
26209418,161
26209419,161
26209420,161
26209421,161
26209422,161
26209423,161
26209424,161
26209425,161
26209426,161
26209427,161
26209428,161
26209429,161
26209430,161
26209431,161
26209432,161
26209433,161
26209434,161
26209435,161
26209436,161
26209437,161
26209438,161
26209439,161
26209440,161
26209441,161
26209442,161
26209443,161
26209444,161
26209445,161
26209446,161
26209447,161
26209448,161
26209449,161
26209450,161
26209451,161
26209452,161
26209453,161
26209454,161
26209455,161
26209456,161
26209457,161
26209458,161
26209459,161
26209460,161
26209461,161
26209462,161
26209463,161
26209464,161
26209465,161
26209466,161
26209467,161
26209468,161
26209469,161
26209470,161
26209471,161
26209472,161
26209473,161
26209474,161
26209475,161
26209476,161
26209477,161
26209478,161
26209479,161
26209480,161
26209481,161
26209482,161
26209483,161
26209484,161
26209485,161
26209486,161
26209487,161
26209488,161
26209489,161
26209490,161
26209491,161
26209492,161
26209493,161
26209494,161
26209495,161
26209496,161
26209497,161
26209498,161
26209499,161
26209500,161
26209501,161
26209502,161
26209503,161
26209504,161
26209505,161
26209506,161
26209507,161
26209508,161
26209509,161
26209510,161
26209511,161
26209512,161
26209513,161
26209514,161
26209515,161
26209516,161
26209517,161
26209518,161
26209519,161
26209520,161
26209521,161
26209522,161
26209523,161
26209524,161
26209525,161
26209526,161
26209527,161
26209528,161
26209529,161
26209530,161
26209531,161
26209532,161
26209533,161
26209534,161
26209535,161
26209536,161
26209537,161
26209538,161
26209539,161
26209540,161
26209541,161
26209542,161
26209543,161
26209544,161
26209545,161
26209546,161
26209547,161
26209548,161
26209549,161
26209550,161
26209551,161
26209552,161
26209553,161
26209554,191
26209555,191
26209556,191
26209557,191
26209558,191
26209559,191
26209560,191
26209561,191
26209562,191
26209563,191
26209564,191
26209565,191
26209566,191
26209567,191
26209568,191
26209569,191
26209570,191
26209571,191
26209572,191
26209573,191
26209574,191
26209575,191
26209576,191
26209577,191
26209578,191
26209579,191
26209580,191
26209581,191
26209582,191
26209583,191
26209584,191
26209585,191
26209586,191
26209587,191
26209588,198
26209589,198
26209590,198
26209591,191
26209592,191
26209593,198
26209594,198
26209595,198
26209596,198
26209597,198
26209598,198
26209599,198
26209600,198
26209601,198
26209602,198
26209603,198
26209604,198
26209605,198
26209606,198
26209607,198
26209608,324
26209609,324
26209610,324
26209611,324
26209612,324
26209613,324
26209614,324
26209615,324
26209616,324
26209617,324
26209618,324
26209619,324
26209620,324
26209621,324
26209622,324
26209623,324
26209624,324
26209625,324
26209626,324
26209627,324
26209628,324
26209629,324
26209630,324
26209631,324
26209632,324
26209633,324
26209634,324
26209635,324
26209636,324
26209637,324
26209638,324
26209639,324
26209640,324
26209641,192
26209642,192
26209643,122
26209644,192
26209645,190
26209646,190
26209647,190
26209651,190
26209652,190
26209673,161
26209681,161
26209682,161
26209684,196
26209685,193
26209737,192
26209738,192
26209740,192
26209743,190
26209744,190
26209745,190
26209747,190
26209748,190
26209749,190
26209952,160
26209953,160
26209954,160
26209955,160
26209956,160
26209957,160
26209958,160
26209959,160
26209960,160
26209961,160
26209962,160
26209963,160
26209964,160
26209965,160
26209966,160
26209967,160
26209968,160
26209969,160
26209971,160
26209972,160
26209973,160
26209974,160
26209976,160
26209977,160
26209978,160
26209979,160
26209980,160
26209981,160
26209983,160
26209984,160
26209985,160
26209986,160
26209988,160
26209989,160
26209992,145
26209993,145
26209994,145
26209995,145
26209996,145
26210000,160
26210001,160
26210002,160
26210003,160
26210004,160
26210005,160
26210006,160
26210008,160
26210010,160
26210011,160
26210012,160
26210013,164
26210014,164
26210015,160
26210016,160
26210017,160
26210018,160
26210019,145
26210020,160
26210021,164
26210022,164
26210023,160
26210024,160
26210025,145
26210026,148
26210027,164
26210028,160
26210029,160
26210030,164
26210031,164
26210032,164
26210033,145
26210034,160
26210035,160
26210036,164
26210037,160
26210038,164
26210039,160
26210040,160
26210041,160
26210042,160
26210043,160
26210044,160
26210046,160
26210047,160
26210052,164
26210053,164
26210054,164
26210055,164
26210056,164
26210057,148
26210058,164
26210059,164
26210060,164
26210061,164
26210062,164
26210064,164
26210066,164
26210078,145
26210079,145
26210081,164
26210082,164
26210083,193
26210086,193
26210186,164
26210189,160
26210190,164
26210194,193
26210197,193
26210199,193
26210299,161
26210300,161
26210301,161
26210302,161
26210303,161
26210304,161
26210305,161
26210306,161
26210307,161
26210308,161
26210310,145
26210311,161
26210346,192
26210348,192
26210349,192
26210353,190
26210363,164
26210420,101
26210421,101
26210422,105
26210423,101
26210424,101
26210425,101
26210426,105
26210427,101
26210428,101
26210429,101
26210430,105
26210431,101
26210432,101
26210433,101
26210434,105
26210435,105
26210436,105
26210437,105
26210438,105
26210439,105
26210516,193
26210519,164
26210520,193
26210521,193
26210522,193
26210523,193
26210524,193
26210525,193
26210526,193
26210527,193
26210528,193
26210529,193
26210530,193
26210531,194
26210534,194
26210602,197
26210708,192
26210733,105
26210738,145
26210739,148
26210742,151
26210743,148
26210744,145
26210745,151
26210778,606
26210779,606
26210780,606
26210781,613
26210782,624
26210783,624
26210784,624
26210785,624
26210786,624
26210787,612
26210788,612
26210789,612
26210790,612
26210791,606
26210792,606
26210793,603
26210794,600
26210795,600
26210796,600
26210797,600
26210798,600
26210799,619
26210800,609
26210801,605
26210802,605
26210803,605
26210804,605
26210805,600
26210806,600
26210807,601
26210808,600
26210809,613
26210810,606
26210811,601
26210812,606
26210813,606
26210814,606
26210815,600
26210816,606
26210817,606
26210818,603
26210819,606
26210820,613
26210821,603
26210822,613
26210823,613
26210824,608
26210825,608
26210826,603
26210827,608
26210828,608
26210829,608
26210830,608
26210831,608
26210832,624
26210833,608
26210834,624
26210835,624
26210836,624
26210837,624
26210838,624
26210839,609
26210840,609
26210841,609
26210842,609
26210843,609
26210844,609
26210845,609
26210846,619
26210847,605
26210848,613
26210849,613
26210850,609
26210851,606
26210852,606
26210853,608
26210854,608
26210855,608
26210856,608
26210857,608
26210858,601
26210859,608
26210860,600
26210861,608
26210862,600
26210863,600
26210864,600
26210865,601
26210866,606
26210867,613
26210868,600
26210869,606
26210870,606
26210871,606
26210872,607
26210873,607
26210874,607
26210875,607
26210876,607
26210877,607
26210878,607
26210879,607
26210880,624
26210881,624
26210882,624
26210883,624
26210884,624
26210885,608
26210886,608
26210887,608
26210888,608
26210889,613
26210890,613
26210891,608
26210892,609
26210893,601
26210894,601
26210895,613
26210896,619
26210897,608
26210898,608
26210899,619
26210900,619
26210901,606
26210902,619
26210903,619
26210904,606
26210905,606
26210906,606
26210907,619
26210908,609
26210909,609
26210910,609
26210911,619
26210912,601
26210913,613
26210914,613
26210915,605
26210916,605
26210917,605
26210918,605
26210919,601
26210920,601
26210921,601
26210922,609
26210923,601
26210924,619
26210925,619
26210926,601
26210927,609
26210928,609
26210929,603
26210932,609
26210933,609
26210934,600
26210935,600
26210936,603
26210937,613
26210938,601
26210939,606
26210940,600
26210941,603
26210942,600
26210943,606
26210944,603
26210947,608
26210948,603
26210949,603
26210950,608
26210951,608
26210952,608
26210953,608
26210954,608
26210955,608
26210956,619
26210957,619
26210958,606
26210959,608
26210960,609
26210961,619
26210962,606
26210963,606
26210964,606
26210965,611
26210966,609
26210967,611
26210968,611
26210969,611
26210970,611
26210971,611
26210972,611
26210973,611
26210974,611
26210975,611
26210976,611
26210977,611
26210978,611
26210979,611
26210980,609
26210981,609
26210982,609
26210983,609
26210984,603
26210985,609
26210986,603
26210989,603
26210990,603
26210992,600
26210993,605
26210994,609
26210996,603
26210997,608
26210998,608
26210999,608
26211000,613
26211001,607
26211002,607
26211003,607
26211004,607
26211005,607
26211006,607
26211007,601
26211008,613
26211009,601
26211010,601
26211011,613
26211012,601
26211013,600
26211014,600
26211015,613
26211016,601
26211017,608
26211018,601
26211019,608
26211020,608
26211021,608
26211022,608
26211023,608
26211024,609
26211025,609
26211026,608
26211027,609
26211028,605
26211029,609
26211030,605
26211031,605
26211032,606
26211033,606
26211034,609
26211035,613
26211036,603
26211038,603
26211039,603
26211040,609
26211042,609
26211043,601
26211044,601
26211045,601
26211046,619
26211047,619
26211048,619
26211049,609
26211050,609
26211051,613
26211052,609
26211053,609
26211054,613
26211055,613
26211056,606
26211057,613
26211058,606
26211059,624
26211060,613
26211061,603
26211062,624
26211063,624
26211064,624
26211065,624
26211066,624
26211067,609
26211068,609
26211069,609
26211070,619
26211071,601
26211072,601
26211073,609
26211074,619
26211075,606
26211076,608
26211077,608
26211078,606
26211079,608
26211080,606
26211081,603
26211082,603
26211085,606
26211086,613
26211087,613
26211088,606
26211089,606
26211090,606
26211091,607
26211092,607
26211093,607
26211094,607
26211095,607
26211096,607
26211097,607
26211098,624
26211099,607
26211100,624
26211101,624
26211102,624
26211103,606
26211104,601
26211105,606
26211106,624
26211107,609
26211108,606
26211109,601
26211110,601
26211111,601
26211112,606
26211113,619
26211114,606
26211115,609
26211116,609
26211117,605
26211118,619
26211119,605
26211120,609
26211121,609
26211122,605
26211123,605
26211124,605
26211125,611
26211126,605
26211127,605
26211128,611
26211129,611
26211130,611
26211131,611
26211132,611
26211133,601
26211134,605
26211135,611
26211136,611
26211137,603
26211138,605
26211139,606
26211141,613
26211142,603
26211144,603
26211145,613
26211146,607
26211147,607
26211148,607
26211149,607
26211150,607
26211151,607
26211152,607
26211153,607
26211154,608
26211155,607
26211156,608
26211157,608
26211158,624
26211159,624
26211160,608
26211161,624
26211162,624
26211163,624
26211164,624
26211165,600
26211166,601
26211167,601
26211168,601
26211169,601
26211170,609
26211171,601
26211172,619
26211173,609
26211174,609
26211175,601
26211176,613
26211177,619
26211178,609
26211179,613
26211180,613
26211181,606
26211182,606
26211183,603
26211185,613
26211186,601
26211187,613
26211189,603
26211190,601
26211191,601
26211192,601
26211193,601
26211194,601
26211195,606
26211196,606
26211197,609
26211198,609
26211199,609
26211200,619
26211201,619
26211202,608
26211203,609
26211204,624
26211205,624
26211206,608
26211207,600
26211208,600
26211209,600
26211210,608
26211211,600
26211212,608
26211213,608
26211214,608
26211215,608
26211216,608
26211217,608
26211218,606
26211219,613
26211220,619
26211221,608
26211222,608
26211223,619
26211224,613
26211225,613
26211226,606
26211227,606
26211228,619
26211229,609
26211230,609
26211231,609
26211232,609
26211233,619
26211234,619
26211235,606
26211236,613
26211237,601
26211238,600
26211239,606
26211240,607
26211241,607
26211242,600
26211243,609
26211244,600
26211245,611
26211246,600
26211247,611
26211248,611
26211249,605
26211250,611
26211251,606
26211252,605
26211253,600
26211254,605
26211255,605
26211256,613
26211257,600
26211258,606
26211259,600
26211260,606
26211261,605
26211262,619
26211263,605
26211264,603
26211265,603
26211266,613
26211267,613
26211268,608
26211269,613
26211270,613
26211271,608
26211272,608
26211273,608
26211274,608
26211275,608
26211276,608
26211277,608
26211278,612
26211279,612
26211280,612
26211281,612
26211282,609
26211283,PRIB
26211284,609
26211285,606
26211286,600
26211287,600
26211288,609
26211289,609
26211291,619
26211293,613
26211472,607
26211785,52
26211786,52
26211787,52
26211788,52
26211789,52
26211790,52
26211791,52
26211792,52
26211793,52
26211794,52
26211795,52
26211796,52
26211797,52
26211798,52
26211799,52
26211800,52
26211801,52
26211802,52
26211803,52
26211804,52
26211805,52
26211806,52
26211807,52
26211808,52
26211809,39
26211810,52
26211811,52
26211812,39
26211813,39
26211814,39
26211815,39
26211816,39
26211817,39
26211818,39
26211819,39
26211820,39
26211821,39
26211822,39
26211823,39
26211824,39
26211825,39
26211826,39
26211827,39
26211828,39
26211829,39
26211830,39
26211831,39
26211832,39
26211833,39
26211834,39
26211835,39
26211836,39
26211837,39
26211838,39
26211839,39
26211840,39
26211841,39
26211842,39
26211843,39
26211844,39
26211845,39
26211846,39
26211847,39
26211848,39
26211849,39
26211850,39
26211851,39
26211852,39
26211853,39
26211854,39
26211855,39
26211856,39
26211857,39
26211858,39
26211859,39
26211860,39
26211861,39
26211862,39
26211863,39
26211864,39
26211865,39
26211866,39
26211867,39
26211868,39
26211869,39
26211870,39
26211871,39
26211872,39
26211873,39
26211874,39
26211875,39
26211876,39
26211877,39
26211878,39
26211879,39
26211880,39
26211881,39
26211882,39
26211883,39
26211884,39
26211885,39
26211886,39
26211887,39
26211888,39
26211889,39
26211890,39
26211891,39
26211892,39
26211893,39
26211894,39
26211895,39
26211896,39
26211897,39
26211898,39
26211899,39
26211900,39
26211901,39
26211902,39
26211903,39
26211904,39
26211905,39
26211906,39
26211907,39
26211908,39
26211909,39
26211910,39
26211911,39
26211912,39
26211913,39
26211914,39
26211915,39
26211916,39
26211917,39
26211918,39
26211919,39
26211920,39
26211921,39
26211922,39
26211923,39
26211924,39
26211925,39
26211926,39
26211927,39
26211928,39
26211929,39
26211930,39
26211932,39
26211967,90
26211968,90
26211969,90
26211972,90
26211973,90
26211974,90
26211975,90
26211976,90
26211977,90
26211978,90
26211979,90
26211980,90
26211981,90
26211982,90
26211983,90
26211984,90
26211985,90
26211986,90
26211987,90
26211988,90
26211989,90
26211990,90
26211991,90
26211992,90
26211993,90
26211994,90
26211995,90
26211996,90
26211997,90
26211998,90
26211999,90
26212000,90
26212001,90
26212002,90
26212003,90
26212004,90
26212005,90
26212006,90
26212007,90
26212008,90
26212009,90
26212010,90
26212011,90
26212012,90
26212013,90
26212014,90
26212015,90
26212016,90
26212017,90
26212018,90
26212019,90
26212020,90
26212021,26
26212022,26
26212023,26
26212024,26
26212025,26
26212026,26
26212027,26
26212028,26
26212029,26
26212030,26
26212031,26
26212032,26
26212033,26
26212034,26
26212036,26
26212037,26
26212038,26
26212039,26
26212049,70
26212050,70
26212051,70
26212052,70
26212053,70
26212054,70
26212055,70
26212056,70
26212057,70
26212058,70
26212059,70
26212060,70
26212061,70
26212062,70
26212063,70
26212064,70
26212065,70
26212066,70
26212067,70
26212068,70
26212069,70
26212070,70
26212071,70
26212072,70
26212073,70
26212074,70
26212075,70
26212076,70
26212077,70
26212078,70
26212079,70
26212080,70
26212081,70
26212082,70
26212083,70
26212084,70
26212085,70
26212086,70
26212087,70
26212088,70
26212089,70
26212090,70
26212091,70
26212092,70
26212093,70
26212094,70
26212095,70
26212096,70
26212097,70
26212098,70
26212099,70
26212100,70
26212101,70
26212102,70
26212103,70
26212104,70
26212105,70
26212106,70
26212107,70
26212116,1
26212119,1
26212121,1
26212122,1
26212123,1
26212124,1
26212125,1
26212126,1
26212127,1
26212128,1
26212129,1
26212130,1
26212131,1
26212132,1
26212133,1
26212134,1
26212135,1
26212136,1
26212137,1
26212138,1
26212139,1
26212140,1
26212141,1
26212142,1
26212143,1
26212144,1
26212145,1
26212146,1
26212147,1
26212148,1
26212149,1
26212150,1
26212151,1
26212152,1
26212153,1
26212154,1
26212155,1
26212156,1
26212157,1
26212158,1
26212159,1
26212160,1
26212161,1
26212162,1
26212163,1
26212164,1
26212165,1
26212166,1
26212167,1
26212168,1
26212169,1
26212170,1
26212171,1
26212172,1
26212173,1
26212174,1
26212175,1
26212176,1
26212177,1
26212178,1
26212179,1
26212180,1
26212181,1
26212182,1
26212183,1
26212184,1
26212185,1
26212186,1
26212187,1
26212188,1
26212189,1
26212190,1
26212191,1
26212192,1
26212193,1
26212194,1
26212195,1
26212196,1
26212197,1
26212198,1
26212199,1
26212200,1
26212201,1
26212202,1
26212203,1
26212204,1
26212205,1
26212206,1
26212207,1
26212208,1
26212209,1
26212210,1
26212211,1
26212213,1
26212214,1
26212215,1
26212216,1
26212217,1
26212218,1
26212219,1
26212220,1
26212221,1
26212222,1
26212223,1
26212224,1
26212225,1
26212226,1
26212227,1
26212228,1
26212229,1
26212230,1
26212231,1
26212232,1
26212233,1
26212234,1
26212235,1
26212236,1
26212237,1
26212238,1
26212239,1
26212240,1
26212241,1
26212242,1
26212243,1
26212244,1
26212245,1
26212246,1
26212247,1
26212248,1
26212249,1
26212250,1
26212251,1
26212252,1
26212253,1
26212254,1
26212255,1
26212256,1
26212257,1
26212258,1
26212259,1
26212260,1
26212261,1
26212262,1
26212263,1
26212264,1
26212265,1
26212266,1
26212267,1
26212268,1
26212269,1
26212270,1
26212271,1
26212272,1
26212273,1
26212274,1
26212275,1
26212276,1
26212277,1
26212278,1
26212279,1
26212280,1
26212281,1
26212282,1
26212283,1
26212284,1
26212285,1
26212286,1
26212287,1
26212288,1
26212289,1
26212290,1
26212291,1
26212292,1
26212293,1
26212294,1
26212295,1
26212296,1
26212297,1
26212298,1
26212299,1
26212300,1
26212301,1
26212302,1
26212303,1
26212304,1
26212305,1
26212306,1
26212307,1
26212308,1
26212309,1
26212310,1
26212311,1
26212313,1
26212314,1
26212315,37
26212317,37
26212318,37
26212319,37
26212320,37
26212321,37
26212322,37
26212323,37
26212324,37
26212325,37
26212326,37
26212327,37
26212328,37
26212329,37
26212330,37
26212331,37
26212332,37
26212333,37
26212334,37
26212335,37
26212336,37
26212337,37
26212338,37
26212339,37
26212340,37
26212341,37
26212342,37
26212343,37
26212344,37
26212345,37
26212346,37
26212347,37
26212348,37
26212349,37
26212350,37
26212351,37
26212352,37
26212353,37
26212354,37
26212355,37
26212356,37
26212357,37
26212358,37
26212359,37
26212360,37
26212361,37
26212362,37
26212363,37
26212364,37
26212365,37
26212366,37
26212367,37
26212369,37
26212370,37
26212379,27
26212382,27
26212383,27
26212385,27
26212386,27
26212387,27
26212388,27
26212389,27
26212390,27
26212391,27
26212392,27
26212393,27
26212394,27
26212395,27
26212396,27
26212397,27
26212398,27
26212399,27
26212400,27
26212401,27
26212402,27
26212403,27
26212404,27
26212405,27
26212406,27
26212407,27
26212408,27
26212409,27
26212410,27
26212411,27
26212412,27
26212413,27
26212414,27
26212415,27
26212416,27
26212417,27
26212418,27
26212419,27
26212420,27
26212421,27
26212422,27
26212423,27
26212424,27
26212425,27
26212426,27
26212427,27
26212428,27
26212429,27
26212430,27
26212431,27
26212432,27
26212433,27
26212434,27
26212435,27
26212436,27
26212437,27
26212438,27
26212439,27
26212440,27
26212441,27
26212442,27
26212443,27
26212444,27
26212445,27
26212446,27
26212447,27
26212448,27
26212449,27
26212450,27
26212451,27
26212452,27
26212453,27
26212456,25
26212457,25
26212458,25
26212459,25
26212460,25
26212461,25
26212462,25
26212463,25
26212464,25
26212465,25
26212466,25
26212467,25
26212468,25
26212469,25
26212470,25
26212471,25
26212472,25
26212473,25
26212474,25
26212475,25
26212476,25
26212477,25
26212478,25
26212479,25
26212480,25
26212481,25
26212482,25
26212483,25
26212484,25
26212485,25
26212486,25
26212487,25
26212488,25
26212489,25
26212490,25
26212491,25
26212492,25
26212493,25
26212494,25
26212495,25
26212496,25
26212497,25
26212498,25
26212499,25
26212500,25
26212501,25
26212502,25
26212503,25
26212504,25
26212505,25
26212506,25
26212507,25
26212508,25
26212509,25
26212510,25
26212511,25
26212512,25
26212513,25
26212514,25
26212515,25
26212516,25
26212517,25
26212518,25
26212519,25
26212520,25
26212521,25
26212522,25
26212523,25
26212524,25
26212525,25
26212526,25
26212527,25
26212528,25
26212529,25
26212530,25
26212531,25
26212532,25
26212533,25
26212534,25
26212535,25
26212536,25
26212537,25
26212538,25
26212539,25
26212540,25
26212541,25
26212542,25
26212543,25
26212544,25
26212545,25
26212546,25
26212547,25
26212548,25
26212549,25
26212550,25
26212551,25
26212552,25
26212553,25
26212554,25
26212555,25
26212556,25
26212557,25
26212558,25
26212559,25
26212560,25
26212561,25
26212562,25
26212563,25
26212564,25
26212565,25
26212566,25
26212567,25
26212568,25
26212569,25
26212570,25
26212571,25
26212572,25
26212573,25
26212574,25
26212575,25
26212576,25
26212577,25
26212578,25
26212579,25
26212580,25
26212581,25
26212582,25
26212583,25
26212584,25
26212585,25
26212586,25
26212587,25
26212588,25
26212589,25
26212590,25
26212591,25
26212592,25
26212593,25
26212594,25
26212595,25
26212596,25
26212597,25
26212598,25
26212599,25
26212600,25
26212601,25
26212602,25
26212603,25
26212604,25
26212605,25
26212606,25
26212607,25
26212608,25
26212609,25
26212610,25
26212611,25
26212612,25
26212613,25
26212614,25
26212615,25
26212616,25
26212617,25
26212618,25
26212619,25
26212620,25
26212621,25
26212622,25
26212623,25
26212624,25
26212625,25
26212626,25
26212627,25
26212628,25
26212645,13
26212646,13
26212647,13
26212648,13
26212649,13
26212650,13
26212651,13
26212652,13
26212653,13
26212654,13
26212655,13
26212656,13
26212657,13
26212658,13
26212659,13
26212660,13
26212661,13
26212662,13
26212663,13
26212664,13
26212665,13
26212666,13
26212667,13
26212668,13
26212669,13
26212670,13
26212671,13
26212672,13
26212673,13
26212674,13
26212675,13
26212676,13
26212677,13
26212678,13
26212679,13
26212680,13
26212681,13
26212682,13
26212683,13
26212684,13
26212685,13
26212686,13
26212687,13
26212688,13
26212689,13
26212690,13
26212691,13
26212692,13
26212693,13
26212694,13
26212695,13
26212696,13
26212698,13
26212701,108
26212703,108
26212704,108
26212705,108
26212706,108
26212707,108
26212708,108
26212709,108
26212710,108
26212711,108
26212712,108
26212713,108
26212714,108
26212715,108
26212716,108
26212717,108
26212718,108
26212719,108
26212720,108
26212721,108
26212722,108
26212723,108
26212724,108
26212725,108
26212726,108
26212727,108
26212728,108
26212729,108
26212730,108
26212731,108
26212732,108
26212733,108
26212734,108
26212735,108
26212736,108
26212737,108
26212738,108
26212739,108
26212740,108
26212741,108
26212742,108
26212743,108
26212744,108
26212745,108
26212746,108
26212747,108
26212748,31
26212749,31
26212750,31
26212751,31
26212752,31
26212753,31
26212754,31
26212755,31
26212756,31
26212757,31
26212758,31
26212759,31
26212760,31
26212761,31
26212762,31
26212763,31
26212764,31
26212765,31
26212766,31
26212767,31
26212768,31
26212769,31
26212770,31
26212771,31
26212772,31
26212773,31
26212774,31
26212775,31
26212776,31
26212777,31
26212778,31
26212779,31
26212780,31
26212781,31
26212782,31
26212783,31
26212784,31
26212785,31
26212786,31
26212787,31
26212788,31
26212789,31
26212790,31
26212791,31
26212792,31
26212793,31
26212794,31
26212795,31
26212796,31
26212797,31
26212798,31
26212799,31
26212800,31
26212801,31
26212802,31
26212803,31
26212804,31
26212805,31
26212806,31
26212807,31
26212808,31
26212809,31
26212810,31
26212811,31
26212812,31
26212813,31
26212814,31
26212815,31
26212816,31
26212817,31
26212818,31
26212819,31
26212820,31
26212821,31
26212822,31
26212823,31
26212824,31
26212825,31
26212826,31
26212827,31
26212828,24
26212829,24
26212830,24
26212831,24
26212832,24
26212833,24
26212834,24
26212835,24
26212836,24
26212837,24
26212838,24
26212839,24
26212840,24
26212841,107
26212842,107
26212843,107
26212844,107
26212845,107
26212846,107
26212847,107
26212848,107
26212849,107
26212850,107
26212851,107
26212852,107
26212853,107
26212854,107
26212855,107
26212856,107
26212857,107
26212858,107
26212859,107
26212860,107
26212861,107
26212862,107
26212863,107
26212864,107
26212865,107
26212866,107
26212867,107
26212868,107
26212869,107
26212870,107
26212871,107
26212872,107
26212873,107
26212874,107
26212875,107
26212876,107
26212877,107
26212878,107
26212879,107
26212880,107
26212881,107
26212882,107
26212883,107
26212884,107
26212885,107
26212886,107
26212887,107
26212888,107
26212889,107
26212890,107
26212891,107
26212892,107
26212893,107
26212894,107
26212895,107
26212896,107
26212897,107
26212898,107
26212899,107
26212900,107
26212901,107
26212902,107
26212903,107
26212904,107
26212905,107
26212906,107
26212907,107
26212908,107
26212909,107
26212910,107
26212911,107
26212912,107
26212913,107
26212914,107
26212915,107
26212916,107
26212917,107
26212918,107
26212919,107
26212920,107
26212921,107
26212922,107
26212923,107
26212924,107
26212925,107
26212926,107
26212927,107
26213196,107
26213197,107
26213198,107
26213199,107
26213200,107
26213201,107
26213202,107
26213203,107
26213204,107
26213205,107
26213206,107
26213283,90
26213284,90
26213285,90
26213286,90
26213287,90
26213288,90
26213289,90
26213290,90
26213291,90
26213292,90
26213293,90
26213294,90
26213295,90
26213296,90
26213297,90
26213298,90
26213299,90
26213300,90
26213301,90
26213302,90
26213303,90
26213304,90
26213305,90
26213306,90
26213307,90
26213308,90
26213309,90
26213310,90
26213311,90
26213312,90
26213313,90
26213314,90
26213315,90
26213316,90
26213317,90
26213318,90
26213319,26
26213320,26
26213321,26
26213322,26
26213323,26
26213324,26
26213325,26
26213326,26
26213327,26
26213328,26
26213329,26
26213330,26
26213331,26
26213332,26
26213333,26
26213334,26
26213335,26
26213336,26
26213337,90
26213338,90
26213340,90
26213341,90
26213342,90
26213343,90
26213344,70
26213346,70
26213350,70
26213352,39
26213354,39
26213355,39
26213356,70
26213358,39
26213359,70
26213360,70
26213361,39
26213362,70
26213363,70
26213364,70
26213365,70
26213366,70
26213367,70
26213368,70
26213369,70
26213370,39
26213372,70
26213373,70
26213374,70
26213375,70
26213376,70
26213377,70
26213378,70
26213379,70
26213380,70
26213381,70
26213382,70
26213384,70
26213385,70
26213386,70
26213387,70
26213390,70
26213391,70
26213392,70
26213393,70
26213394,70
26213395,70
26213396,70
26213397,70
26213398,70
26213399,70
26213400,70
26213416,39
26213418,39
26213419,39
26213420,39
26213421,39
26213422,39
26213423,39
26213424,39
26213425,39
26213426,39
26213427,39
26213428,39
26213429,39
26213430,39
26213431,39
26213432,39
26213433,39
26213434,39
26213435,39
26213436,39
26213437,39
26213438,39
26213439,39
26213440,39
26213441,39
26213442,39
26213443,39
26213444,39
26213445,39
26213446,39
26213447,39
26213448,39
26213449,39
26213450,39
26213451,39
26213452,39
26213453,39
26213454,39
26213455,39
26213456,39
26213457,39
26213458,39
26213459,39
26213460,39
26213461,39
26213462,39
26213463,39
26213464,39
26213465,39
26213466,39
26213467,39
26213468,39
26213469,39
26213470,39
26213471,39
26213472,39
26213473,39
26213474,39
26213475,39
26213476,39
26213477,39
26213478,39
26213479,39
26213480,39
26213481,39
26213482,39
26213483,39
26213484,39
26213485,39
26213486,39
26213487,39
26213488,39
26213489,39
26213490,39
26213491,39
26213496,37
26213497,37
26213498,37
26213499,37
26213500,37
26213501,37
26213502,37
26213503,37
26213504,37
26213505,37
26213506,37
26213507,37
26213508,37
26213509,37
26213510,37
26213511,37
26213512,37
26213513,37
26213514,37
26213515,37
26213516,37
26213517,37
26213518,37
26213519,37
26213520,37
26213521,37
26213522,37
26213523,37
26213524,37
26213525,37
26213526,37
26213527,37
26213528,37
26213529,37
26213530,37
26213531,37
26213532,37
26213533,37
26213534,37
26213535,37
26213536,37
26213537,37
26213538,37
26213539,37
26213540,37
26213541,37
26213542,37
26213543,37
26213544,37
26213545,37
26213546,37
26213547,37
26213548,37
26213549,37
26213550,90
26213551,90
26213552,90
26213553,90
26213554,27
26213555,90
26213556,90
26213557,27
26213558,27
26213559,27
26213560,27
26213561,27
26213562,27
26213563,27
26213564,27
26213565,27
26213566,27
26213567,27
26213568,27
26213569,27
26213570,27
26213571,27
26213572,27
26213573,27
26213574,27
26213575,27
26213576,27
26213577,27
26213578,27
26213579,27
26213580,27
26213581,27
26213582,27
26213583,27
26213584,27
26213585,27
26213586,27
26213587,27
26213588,27
26213589,27
26213590,27
26213591,27
26213592,27
26213593,27
26213594,27
26213595,27
26213596,27
26213597,27
26213598,27
26213599,27
26213600,27
26213602,27
26213603,27
26213609,13
26213610,13
26213611,13
26213612,13
26213613,13
26213614,13
26213615,13
26213616,13
26213617,13
26213618,13
26213619,13
26213620,13
26213621,13
26213622,13
26213623,13
26213624,13
26213625,13
26213626,13
26213627,13
26213628,13
26213629,13
26213630,13
26213631,13
26213632,108
26213633,13
26213636,108
26213637,108
26213638,108
26213639,108
26213640,108
26213641,108
26213642,108
26213643,108
26213644,108
26213645,108
26213646,108
26213647,108
26213648,108
26213649,108
26213650,108
26213651,108
26213652,108
26213653,108
26213654,108
26213655,108
26213656,108
26213657,108
26213658,108
26213659,108
26213660,108
26213661,108
26213662,108
26213663,108
26213664,108
26213665,108
26213666,108
26213667,108
26213668,108
26213669,108
26213670,108
26213671,108
26213672,108
26213673,108
26213674,108
26213675,108
26213676,108
26213677,108
26213678,108
26213679,108
26213680,1
26213681,108
26213682,1
26213683,1
26213684,1
26213685,1
26213686,1
26213687,1
26213688,1
26213689,1
26213690,1
26213691,1
26213692,1
26213693,1
26213694,1
26213695,1
26213696,1
26213697,1
26213698,1
26213699,1
26213700,1
26213701,1
26213702,1
26213703,1
26213704,1
26213705,1
26213706,1
26213707,1
26213708,1
26213709,1
26213710,1
26213711,1
26213712,1
26213713,1
26213714,1
26213715,1
26213716,1
26213717,1
26213718,1
26213719,1
26213720,1
26213721,1
26213722,1
26213723,1
26213724,1
26213725,1
26213726,1
26213727,1
26213728,1
26213729,1
26213730,1
26213731,1
26213732,1
26213733,1
26213734,1
26213735,1
26213736,1
26213737,1
26213738,1
26213739,1
26213740,1
26213741,1
26213742,1
26213743,1
26213744,1
26213745,1
26213746,1
26213747,1
26213748,1
26213749,1
26213750,1
26213751,1
26213752,1
26213753,1
26213754,1
26213755,1
26213756,1
26213757,1
26213758,1
26213759,1
26213760,1
26213761,1
26213762,1
26213763,1
26213764,1
26213765,1
26213766,1
26213767,1
26213768,1
26213769,1
26213770,1
26213771,1
26213772,1
26213773,1
26213774,1
26213775,1
26213776,1
26213777,1
26213778,1
26213779,1
26213780,1
26213781,1
26213782,1
26213783,1
26213784,1
26213785,1
26213786,1
26213787,1
26213788,1
26213789,1
26213790,1
26213791,1
26213792,1
26213793,1
26213794,1
26213795,1
26213796,1
26213797,1
26213798,1
26213799,1
26213800,1
26213801,1
26213802,1
26213803,1
26213804,1
26213805,1
26213806,1
26213807,1
26213808,1
26213809,1
26213810,1
26213811,1
26213812,1
26213813,1
26213814,1
26213815,1
26213818,25
26213819,25
26213820,25
26213821,25
26213822,25
26213823,25
26213824,25
26213825,25
26213826,25
26213827,25
26213828,25
26213829,25
26213830,25
26213831,25
26213832,25
26213833,25
26213834,25
26213835,25
26213836,25
26213837,25
26213838,25
26213839,25
26213840,25
26213841,25
26213842,25
26213843,25
26213844,25
26213845,25
26213846,25
26213847,25
26213848,25
26213849,25
26213850,25
26213851,25
26213852,25
26213853,25
26213854,25
26213855,25
26213856,25
26213857,25
26213858,25
26213859,25
26213860,25
26213861,25
26213862,25
26213863,25
26213864,25
26213865,25
26213866,25
26213867,25
26213868,25
26213869,25
26213870,25
26213871,25
26213872,25
26213873,25
26213874,25
26213875,25
26213876,25
26213877,25
26213878,25
26213879,25
26213880,25
26213881,25
26213882,25
26213883,25
26213884,25
26213885,25
26213886,25
26213887,25
26213888,25
26213889,25
26213890,25
26213891,25
26213892,25
26213893,25
26213894,25
26213895,25
26213896,25
26213897,25
26213898,25
26213899,25
26213900,25
26213901,25
26213902,25
26213903,25
26213904,25
26213905,25
26213906,25
26213907,25
26213908,25
26213909,25
26213910,25
26213911,25
26213912,25
26213913,25
26213914,25
26213915,25
26213916,25
26213917,25
26213918,25
26213919,25
26213920,25
26213921,25
26213922,25
26213923,25
26213924,25
26213925,25
26213926,25
26213927,25
26213928,25
26213929,25
26213930,25
26213931,25
26213932,25
26213933,25
26213934,25
26213935,25
26213936,25
26213937,25
26213938,25
26213939,25
26213940,25
26213941,25
26213942,25
26213943,25
26213944,25
26213945,25
26213946,25
26213947,25
26213948,25
26213949,25
26213950,25
26213951,25
26213952,25
26213953,25
26213954,25
26213955,25
26213956,25
26213957,25
26213958,25
26213959,25
26213960,25
26213961,25
26213962,25
26213963,25
26213964,25
26213965,25
26213966,25
26213967,25
26213968,25
26213969,25
26213970,25
26213971,25
26213972,25
26213973,25
26213974,25
26213975,25
26213976,25
26213977,25
26213978,25
26213979,25
26213980,25
26213981,25
26213982,25
26213983,25
26213984,25
26213985,25
26214007,31
26214008,31
26214010,31
26214011,31
26214012,31
26214013,31
26214014,31
26214015,31
26214016,31
26214017,31
26214018,31
26214019,31
26214020,31
26214021,31
26214022,31
26214023,31
26214024,31
26214025,31
26214026,31
26214027,31
26214028,31
26214029,31
26214030,31
26214031,31
26214032,31
26214033,31
26214034,31
26214035,31
26214036,31
26214037,31
26214038,31
26214039,31
26214040,31
26214041,31
26214042,31
26214043,31
26214044,31
26214045,31
26214046,31
26214047,31
26214048,31
26214049,31
26214050,31
26214051,31
26214052,31
26214053,31
26214054,31
26214055,31
26214056,31
26214057,31
26214058,31
26214059,31
26214060,31
26214061,31
26214062,24
26214063,31
26214064,31
26214065,31
26214066,24
26214067,24
26214068,24
26214069,24
26214070,24
26214071,24
26214072,24
26214073,24
26214074,24
26214075,24
26214076,24
26214077,107
26214078,107
26214079,107
26214080,107
26214081,107
26214082,107
26214083,107
26214084,107
26214085,107
26214086,107
26214087,107
26214088,107
26214089,107
26214090,107
26214091,107
26214092,107
26214093,107
26214094,107
26214095,107
26214096,107
26214097,107
26214098,107
26214099,107
26214100,107
26214101,107
26214102,107
26214103,107
26214104,107
26214105,107
26214106,107
26214107,107
26214108,107
26214109,107
26214110,107
26214111,107
26214112,107
26214113,107
26214114,107
26214115,107
26214116,107
26214117,107
26214118,107
26214119,107
26214120,107
26214121,107
26214122,107
26214123,107
26214124,107
26214125,107
26214126,107
26214127,107
26214128,107
26214129,107
26214130,107
26214131,107
26214132,107
26214133,107
26214134,107
26214135,107
26214136,107
26214137,107
26214138,107
26214139,107
26214140,107
26214141,107
26214142,107
26214143,107
26214144,107
26214145,107
26214146,107
26214147,107
26214148,107
26214149,107
26214150,107
26214151,107
26214152,107
26214153,107
26214154,107
26214155,107
26214156,107
26214383,107
26214386,107
26214387,107
26214419,126
26214420,52
26214421,52
26214422,52
26214423,52
26214424,52
26214425,52
26214426,52
26214427,52
26214428,52
26214429,52
26214430,52
26214431,52
26214432,52
26214433,52
26214434,52
26214435,52
26214436,52
26214437,52
26214438,52
26214439,52
26214440,52
26214441,52
26214442,52
26214443,52
26214444,52
26214445,52
26214446,52
26214447,52
26214448,52
26214449,52
26214450,52
26214451,52
26214452,52
26214453,52
26214454,52
26214455,52
26214456,52
26214457,52
26214458,52
26214459,52
26214460,52
26214461,52
26214462,52
26214463,52
26214464,90
26214465,52
26214466,361
26214467,126
26214468,90
26214469,90
26214470,90
26214471,90
26214472,90
26214473,90
26214474,90
26214475,90
26214476,90
26214477,90
26214478,90
26214479,90
26214480,90
26214481,90
26214482,90
26214483,90
26214484,90
26214485,90
26214486,90
26214487,90
26214488,90
26214489,90
26214490,90
26214491,90
26214492,90
26214493,90
26214494,90
26214495,90
26214496,90
26214497,90
26214498,90
26214499,90
26214500,90
26214501,90
26214502,90
26214503,90
26214504,90
26214505,90
26214506,90
26214507,90
26214508,90
26214509,90
26214510,90
26214511,90
26214512,90
26214513,90
26214514,90
26214515,90
26214516,90
26214517,90
26214518,90
26214519,90
26214520,90
26214521,90
26214522,90
26214523,90
26214524,90
26214525,90
26214526,90
26214527,90
26214528,90
26214529,90
26214530,90
26214531,90
26214532,90
26214533,90
26214534,90
26214535,90
26214537,90
26214538,90
26214539,90
26214540,90
26214541,90
26214549,126
26214550,37
26214551,37
26214552,37
26214553,37
26214554,37
26214555,37
26214556,37
26214557,37
26214558,37
26214559,37
26214560,37
26214561,37
26214562,37
26214563,37
26214564,37
26214565,37
26214566,37
26214567,37
26214568,37
26214569,37
26214570,37
26214571,37
26214572,37
26214573,37
26214574,37
26214575,37
26214576,37
26214577,37
26214578,37
26214579,37
26214580,37
26214581,37
26214582,37
26214583,37
26214584,37
26214585,37
26214586,37
26214587,37
26214588,37
26214589,37
26214590,37
26214591,37
26214592,37
26214593,37
26214594,37
26214595,37
26214596,37
26214597,37
26214598,37
26214599,37
26214600,37
26214601,37
26214602,37
26214603,37
26214604,37
26214605,37
26214606,37
26214607,37
26214608,37
26214609,37
26214610,126
26214611,126
26214620,126
26214621,126
26214622,126
26214623,375
26214624,375
26214625,375
26214626,375
26214627,375
26214628,375
26214629,375
26214630,375
26214631,126
26214632,375
26214633,375
26214636,26
26214637,26
26214638,26
26214639,26
26214640,26
26214641,26
26214642,26
26214643,26
26214644,26
26214645,26
26214646,26
26214647,26
26214648,26
26214649,26
26214650,26
26214651,26
26214652,26
26214653,26
26214654,26
26214655,26
26214656,26
26214657,26
26214658,26
26214659,26
26214660,26
26214661,26
26214662,26
26214663,26
26214664,26
26214665,26
26214666,26
26214667,26
26214668,26
26214669,26
26214670,26
26214671,26
26214672,26
26214673,26
26214674,26
26214675,26
26214676,26
26214677,27
26214678,27
26214679,26
26214680,27
26214681,27
26214682,27
26214683,27
26214684,27
26214685,27
26214686,27
26214687,27
26214688,27
26214689,27
26214690,27
26214691,27
26214692,27
26214693,27
26214694,27
26214695,27
26214696,27
26214697,27
26214699,27
26214700,27
26214701,27
26214702,27
26214703,27
26214704,27
26214705,27
26214706,27
26214707,27
26214708,27
26214709,27
26214710,27
26214711,27
26214712,27
26214713,27
26214714,27
26214715,27
26214716,27
26214717,27
26214718,27
26214719,27
26214720,27
26214721,27
26214722,27
26214723,27
26214724,27
26214725,27
26214726,27
26214727,27
26214728,27
26214729,27
26214730,27
26214731,27
26214733,27
26214734,27
26214735,27
26214736,27
26214737,108
26214738,27
26214739,27
26214740,27
26214741,108
26214742,108
26214743,108
26214744,108
26214745,108
26214746,108
26214747,108
26214748,108
26214749,108
26214750,108
26214751,108
26214752,108
26214753,108
26214754,108
26214755,108
26214756,108
26214757,108
26214758,108
26214759,108
26214760,108
26214761,108
26214762,108
26214763,108
26214764,108
26214765,108
26214766,108
26214767,108
26214768,108
26214769,108
26214770,108
26214771,108
26214772,108
26214773,108
26214774,108
26214775,108
26214776,108
26214777,108
26214778,108
26214779,108
26214780,108
26214781,108
26214782,108
26214783,108
26214784,108
26214785,108
26214786,108
26214787,108
26214788,108
26214789,108
26214790,108
26214791,108
26214792,108
26214793,go25
26214794,go25
26214795,go25
26214796,go25
26214797,go25
26214798,go25
26214799,go25
26214800,go25
26214801,go25
26214802,go25
26214803,go25
26214804,go25
26214805,go25
26214806,go25
26214807,go25
26214808,go25
26214809,go25
26214810,go25
26214811,go25
26214812,go25
26214813,25
26214814,25
26214815,25
26214816,25
26214817,25
26214818,25
26214819,25
26214820,25
26214821,25
26214822,25
26214823,25
26214824,25
26214825,25
26214826,25
26214827,25
26214828,25
26214829,25
26214830,25
26214831,25
26214832,25
26214833,25
26214834,25
26214835,25
26214836,25
26214837,25
26214838,25
26214839,25
26214840,25
26214841,25
26214842,25
26214843,25
26214844,25
26214845,25
26214846,25
26214847,25
26214848,25
26214849,25
26214850,25
26214851,25
26214852,25
26214853,25
26214854,25
26214855,25
26214856,25
26214857,25
26214858,25
26214859,25
26214860,25
26214861,25
26214862,25
26214863,25
26214864,25
26214865,25
26214866,25
26214867,25
26214868,25
26214869,25
26214870,25
26214871,25
26214872,25
26214873,25
26214874,25
26214875,25
26214876,25
26214877,25
26214878,25
26214879,25
26214880,25
26214881,25
26214882,25
26214883,25
26214884,25
26214885,25
26214886,25
26214887,25
26214888,25
26214889,25
26214890,25
26214891,25
26214892,25
26214893,25
26214894,25
26214895,25
26214896,25
26214897,25
26214898,25
26214899,25
26214900,25
26214901,25
26214902,25
26214903,25
26214904,25
26214905,25
26214906,25
26214907,25
26214908,25
26214909,25
26214910,25
26214911,25
26214912,25
26214913,25
26214914,25
26214915,25
26214916,25
26214917,25
26214918,25
26214919,25
26214920,25
26214921,25
26214922,25
26214923,25
26214924,25
26214925,25
26214926,25
26214927,25
26214928,25
26214929,25
26214930,25
26214931,25
26214932,25
26214933,25
26214934,25
26214935,25
26214936,25
26214937,25
26214938,25
26214939,25
26214940,25
26214941,25
26214942,25
26214943,25
26214944,25
26214945,25
26214946,25
26214947,25
26214948,25
26214949,25
26214950,25
26214951,25
26214952,25
26214953,25
26214954,25
26214955,25
26214956,25
26214957,25
26214958,25
26214959,25
26214960,25
26214961,25
26214962,25
26214963,25
26214964,25
26214965,25
26214966,25
26214967,25
26214968,25
26214969,25
26214970,25
26214971,25
26214972,25
26214973,25
26214974,25
26214975,25
26214976,25
26214977,25
26214978,25
26214979,25
26214980,25
26214981,25
26214982,25
26214983,25
26214984,25
26214985,25
26214986,25
26214987,25
26214988,25
26214989,25
26214990,25
26214991,25
26214992,25
26214993,25
26214994,25
26214995,25
26214996,25
26214997,25
26214998,25
26214999,25
26215000,25
26215001,25
26215002,25
26215003,25
26215004,25
26215005,25
26215006,25
26215007,25
26215008,25
26215009,25
26215010,25
26215011,25
26215012,25
26215013,25
26215014,25
26215015,25
26215016,25
26215017,25
26215018,25
26215019,25
26215020,25
26215021,25
26215022,25
26215023,25
26215024,25
26215025,25
26215026,25
26215027,25
26215028,25
26215029,25
26215030,25
26215031,25
26215032,25
26215033,25
26215034,25
26215035,25
26215036,25
26215037,25
26215038,25
26215039,25
26215040,25
26215041,25
26215042,25
26215043,25
26215044,25
26215045,25
26215046,25
26215047,25
26215048,25
26215049,25
26215050,25
26215051,25
26215052,25
26215053,25
26215054,25
26215055,25
26215056,25
26215057,25
26215058,25
26215059,25
26215060,25
26215061,25
26215062,25
26215063,25
26215064,25
26215065,25
26215066,25
26215067,25
26215068,25
26215069,25
26215070,25
26215071,25
26215072,25
26215073,25
26215074,25
26215075,25
26215076,25
26215077,25
26215079,25
26215080,25
26215081,25
26215082,25
26215083,25
26215084,25
26215098,27
26215100,27
26215102,27
26215103,27
26215104,27
26215105,27
26215106,27
26215107,27
26215108,27
26215109,27
26215110,27
26215111,27
26215112,27
26215113,27
26215114,27
26215115,27
26215116,27
26215117,27
26215118,27
26215119,27
26215121,27
26215122,27
26215123,27
26215124,27
26215125,27
26215126,27
26215127,27
26215128,27
26215129,27
26215131,27
26215132,26
26215386,1
26215387,1
26215388,1
26215389,1
26215390,1
26215391,1
26215392,1
26215393,1
26215394,1
26215396,1
26215397,1
26215398,1
26215399,1
26215400,1
26215401,1
26215403,1
26215404,1
26215405,1
26215406,1
26215407,1
26215408,1
26215409,1
26215410,1
26215411,1
26215412,1
26215413,1
26215414,1
26215415,1
26215416,1
26215417,1
26215418,1
26215419,1
26215420,1
26215421,1
26215422,1
26215423,1
26215424,1
26215425,1
26215426,1
26215427,1
26215428,1
26215429,1
26215430,1
26215431,1
26215432,1
26215433,1
26215434,1
26215435,1
26215436,1
26215437,1
26215438,1
26215439,1
26215440,1
26215441,1
26215442,1
26215443,1
26215444,1
26215445,1
26215446,1
26215448,1
26215449,1
26215450,1
26215451,1
26215452,1
26215453,1
26215454,25
26215455,1
26215456,1
26215457,1
26215458,1
26215459,1
26215460,1
26215461,1
26215462,1
26215463,1
26215464,1
26215465,1
26215466,1
26215467,1
26215468,1
26215469,1
26215470,1
26215471,1
26215472,1
26215473,1
26215474,1
26215475,1
26215476,1
26215477,1
26215478,1
26215479,1
26215480,1
26215482,1
26215484,1
26215485,1
26215486,1
26215487,1
26215488,1
26215489,1
26215490,1
26215491,1
26215492,1
26215493,1
26215496,1
26215497,1
26215498,1
26215499,1
26215500,1
26215501,1
26215502,1
26215503,1
26215504,1
26215505,1
26215506,1
26215508,1
26215509,1
26215510,1
26215511,1
26215512,1
26215513,1
26215514,1
26215515,1
26215516,1
26215517,1
26215518,1
26215519,1
26215520,1
26215521,1
26215522,1
26215523,1
26215524,1
26215525,1
26215526,1
26215527,1
26215528,1
26215529,1
26215530,1
26215531,1
26215532,1
26215533,1
26215534,1
26215535,1
26215536,1
26215537,1
26215538,1
26215539,1
26215540,1
26215541,1
26215542,1
26215543,1
26215544,1
26215545,1
26215546,26
26215547,1
26215548,1
26215549,1
26215550,1
26215551,1
26215552,1
26215553,1
26215554,1
26215555,1
26215556,1
26215557,1
26215558,1
26215559,1
26215560,1
26215561,1
26215562,1
26215563,1
26215564,1
26215565,1
26215566,1
26215567,1
26215568,1
26215569,1
26215570,1
26215571,1
26215572,1
26215573,361
26215574,361
26215575,1
26215576,1
26215577,1
26215578,1
26215579,361
26215580,1
26215581,1
26215582,361
26215583,1
26215584,361
26215585,1
26215586,1
26215587,1
26215588,1
26215589,1
26215590,1
26215591,1
26215592,1
26215593,1
26215594,1
26215595,1
26215596,1
26215597,1
26215598,1
26215599,1
26215600,1
26215601,1
26215602,1
26215603,1
26215604,1
26215605,1
26215606,1
26215607,1
26215608,1
26215609,1
26215610,1
26215611,1
26215612,1
26215613,1
26215614,1
26215615,1
26215616,1
26215617,1
26215618,1
26215619,1
26215620,1
26215621,1
26215622,1
26215623,1
26215624,1
26215625,1
26215626,1
26215627,1
26215628,1
26215629,1
26215630,1
26215631,1
26215632,1
26215633,1
26215634,1
26215635,1
26215636,1
26215637,1
26215638,1
26215639,1
26215640,1
26215641,1
26215642,1
26215643,1
26215644,1
26215645,1
26215646,1
26215647,1
26215648,1
26215650,1
26215651,1
26215652,1
26215653,1
26215654,1
26215655,1
26215656,1
26215657,1
26215658,1
26215659,1
26215660,1
26215661,1
26215662,1
26215663,1
26215664,1
26215665,1
26215666,1
26215667,1
26215668,361
26215669,1
26215670,1
26215671,361
26215672,1
26215673,361
26215674,361
26215675,1
26215676,361
26215677,1
26215678,1
26215679,1
26215680,1
26215681,1
26215682,1
26215683,1
26215684,1
26215685,1
26215686,1
26215687,1
26215688,1
26215689,1
26215690,1
26215691,26
26216109,126
26216110,126
26216188,107
26216189,107
26216190,107
26216191,107
26216192,107
26216193,107
26216194,107
26216195,107
26216196,107
26216197,107
26216198,107
26216199,107
26216200,107
26216201,107
26216202,107
26216203,107
26216204,107
26216205,107
26216206,107
26216207,107
26216208,107
26216209,107
26216210,107
26216211,107
26216212,107
26216213,107
26216214,107
26216215,107
26216216,107
26216217,107
26216218,107
26216219,107
26216220,107
26216221,107
26216222,107
26216223,107
26216224,107
26216225,107
26216226,107
26216227,107
26216228,107
26216229,107
26216230,107
26216231,107
26216232,107
26216233,107
26216234,107
26216235,107
26216236,107
26216237,107
26216238,107
26216239,107
26216240,107
26216241,107
26216242,107
26216243,107
26216244,107
26216245,107
26216246,107
26216247,107
26216248,107
26216249,107
26216250,107
26216251,107
26216252,107
26216253,107
26216254,107
26216255,107
26216256,107
26216257,107
26216258,107
26216259,107
26216260,107
26216261,107
26216262,107
26216263,107
26216264,107
26216265,107
26216266,107
26216267,107
26216268,107
26216269,107
26216270,107
26216271,107
26216272,107
26216273,107
26216274,107
26216275,107
26216276,107
26216277,107
26216278,107
26216279,107
26216280,107
26216281,107
26216282,107
26216283,107
26216284,107
26216285,107
26216286,107
26216287,107
26216288,107
26216289,107
26216290,107
26216291,107
26216292,107
26216293,107
26216294,107
26216295,107
26216296,107
26216297,107
26216298,107
26216299,107
26216300,107
26216301,107
26216302,107
26216303,107
26216304,107
26216305,107
26216306,107
26216307,107
26216308,107
26216309,107
26216310,107
26216311,107
26216312,107
26216313,107
26216314,107
26216315,107
26216316,107
26216317,107
26216318,107
26216319,107
26216320,107
26216321,107
26216322,107
26216323,107
26216324,107
26216325,107
26216326,107
26216349,107
26216350,107
26216351,107
26216352,107
26216353,107
26216356,108
26216357,108
26216360,107
26216725,24
26216726,24
26216727,24
26216728,24
26216729,24
26216730,24
26216731,24
26216732,24
26216733,24
26216734,24
26216735,24
26216736,24
26216875,139
26216876,139
26216877,139
26216878,139
26216879,139
26216880,139
26216881,139
26216882,139
26216883,139
26216884,139
26216885,139
26216886,139
26216887,139
26216888,139
26216889,139
26216890,139
26216891,139
26216892,137
26216893,137
26216894,139
26216895,139
26216896,139
26216897,139
26216898,139
26216899,139
26216900,137
26216901,137
26216902,139
26216903,137
26216904,139
26216905,139
26216906,139
26216907,139
26216908,139
26216909,139
26216910,67
26216911,67
26216912,67
26216913,67
26216914,67
26216915,67
26216916,67
26216917,67
26216918,67
26216919,67
26216920,67
26216921,139
26216922,139
26216923,139
26216924,67
26216925,139
26216926,139
26216927,137
26216928,137
26216929,139
26216930,139
26216931,139
26216932,67
26216933,67
26216934,67
26216935,67
26216936,67
26216937,139
26216938,139
26216939,139
26216940,139
26216941,139
26216942,139
26216943,137
26216944,137
26216945,139
26216946,139
26216947,139
26216948,139
26216949,139
26216950,139
26216951,139
26216952,139
26216953,139
26216954,139
26216955,139
26216956,139
26216957,139
26216958,139
26216959,139
26216960,137
26216961,139
26216962,137
26216963,137
26216964,139
26216965,139
26216966,139
26216967,139
26216968,137
26216969,139
26216970,139
26216971,139
26216972,137
26216973,139
26216974,139
26216975,139
26216976,139
26216977,139
26216978,137
26216979,139
26216980,139
26216981,139
26216982,139
26216983,139
26216984,139
26216985,139
26216986,137
26216987,139
26216988,139
26216989,137
26216990,139
26216991,137
26216992,139
26216993,139
26216994,139
26216995,139
26216996,139
26216997,139
26216998,139
26216999,139
26217000,139
26217001,139
26217002,139
26217003,139
26217004,137
26217005,139
26217006,137
26217007,139
26217008,139
26217009,139
26217010,139
26217011,139
26217012,139
26217013,139
26217014,139
26217015,139
26217016,139
26217017,139
26217018,139
26217019,139
26217020,139
26217021,137
26217022,139
26217023,139
26217024,139
26217025,139
26217026,139
26217027,139
26217028,139
26217029,139
26217030,139
26217031,139
26217032,137
26217033,139
26217034,139
26217035,139
26217041,319
26217042,319
26217043,319
26217044,319
26217048,319
26217172,139
26217173,139
26217174,139
26217175,139
26217176,139
26217177,139
26217178,139
26217179,139
26217180,139
26217181,139
26217182,139
26217183,139
26217184,139
26217185,139
26217186,139
26217187,139
26217188,139
26217189,139
26217190,139
26217191,139
26217192,137
26217193,139
26217194,139
26217195,139
26217196,139
26217197,139
26217198,67
26217199,67
26217200,67
26217201,67
26217202,67
26217203,67
26217204,67
26217205,67
26217206,67
26217207,67
26217208,67
26217209,67
26217210,139
26217211,139
26217212,139
26217213,139
26217214,139
26217215,137
26217216,139
26217217,139
26217218,139
26217219,139
26217220,137
26217221,139
26217222,137
26217223,139
26217224,139
26217225,139
26217226,139
26217227,139
26217228,139
26217229,139
26217230,139
26217231,139
26217232,67
26217233,67
26217234,67
26217235,67
26217236,67
26217237,139
26217238,139
26217239,139
26217240,139
26217241,139
26217242,139
26217243,139
26217244,139
26217245,139
26217246,137
26217247,139
26217248,139
26217249,139
26217250,137
26217251,139
26217252,137
26217253,139
26217254,139
26217255,137
26217256,139
26217257,139
26217258,137
26217259,139
26217260,139
26217261,139
26217262,139
26217263,139
26217264,139
26217265,139
26217266,139
26217267,137
26217268,137
26217269,139
26217270,139
26217271,139
26217272,139
26217273,139
26217274,139
26217275,139
26217276,139
26217277,139
26217278,139
26217279,139
26217280,137
26217281,139
26217282,139
26217283,139
26217284,139
26217285,139
26217286,139
26217287,137
26217288,139
26217289,137
26217290,139
26217291,139
26217292,139
26217293,139
26217294,139
26217295,137
26217296,139
26217297,139
26217298,137
26217299,139
26217300,139
26217301,137
26217302,137
26217303,139
26217304,139
26217305,139
26217306,137
26217307,139
26217308,139
26217314,319
26217316,319
26217320,319
26217321,319
26217322,319
26217427,319
26217428,319
26217431,123
26217432,123
26217433,123
26217434,123
26217435,123
26217436,123
26217437,123
26217438,123
26217439,123
26217440,123
26217441,123
26217442,123
26217443,123
26217444,123
26217445,123
26217446,123
26217447,123
26217448,123
26217449,123
26217450,123
26217451,123
26217452,123
26217453,123
26217454,123
26217455,123
26217456,123
26217457,123
26217458,123
26217459,123
26217460,123
26217461,123
26217462,123
26217463,123
26217464,123
26217465,123
26217466,123
26217467,123
26217468,123
26217469,123
26217470,123
26217471,123
26217472,123
26217473,123
26217474,123
26217475,123
26217476,123
26217477,123
26217478,123
26217479,123
26217480,123
26217481,123
26217482,123
26217483,123
26217484,123
26217485,123
26217486,123
26217487,123
26217488,125
26217489,123
26217490,123
26217491,123
26217492,125
26217493,125
26217494,125
26217495,125
26217496,125
26217497,125
26217498,125
26217499,125
26217500,125
26217501,125
26217502,125
26217503,125
26217504,125
26217505,125
26217506,125
26217507,125
26217508,125
26217509,125
26217510,125
26217511,125
26217512,125
26217513,125
26217514,125
26217515,125
26217516,125
26217517,125
26217518,125
26217519,125
26217520,125
26217521,125
26217522,125
26217523,125
26217524,125
26217525,125
26217526,127
26217527,125
26217528,127
26217529,127
26217530,127
26217531,127
26217532,127
26217533,127
26217534,127
26217535,127
26217536,127
26217537,127
26217538,127
26217539,127
26217540,127
26217541,127
26217542,127
26217543,127
26217544,127
26217545,127
26217546,127
26217547,127
26217548,127
26217549,127
26217550,127
26217551,127
26217552,127
26217553,127
26217554,127
26217555,127
26217556,127
26217557,127
26217558,127
26217559,127
26217560,127
26217561,127
26217562,127
26217563,127
26217564,127
26217565,127
26217566,127
26217567,127
26217568,127
26217569,127
26217570,127
26217571,127
26217572,127
26217573,127
26217574,127
26217575,129
26217576,129
26217577,129
26217578,129
26217579,129
26217580,129
26217581,129
26217582,129
26217583,129
26217584,129
26217585,129
26217586,129
26217587,129
26217588,129
26217589,129
26217590,129
26217591,129
26217592,129
26217593,129
26217594,129
26217595,129
26217596,129
26217597,129
26217598,129
26217599,129
26217600,129
26217601,129
26217602,129
26217603,129
26217604,129
26217605,129
26217606,129
26217607,129
26217608,129
26217609,129
26217610,129
26217611,129
26217612,129
26217613,129
26217614,129
26217615,129
26217616,129
26217617,129
26217618,129
26217619,129
26217625,129
26217627,129
26217629,129
26217630,129
26217631,129
26217632,320
26217633,320
26217634,320
26217635,320
26217636,320
26217637,320
26217638,320
26217639,320
26217640,320
26217641,320
26217642,320
26217643,320
26217644,320
26217645,320
26217646,320
26217647,320
26217648,320
26217649,320
26217650,320
26217651,320
26217652,320
26217653,320
26217654,320
26217655,320
26217656,320
26217657,320
26217658,320
26217659,320
26217660,320
26217661,320
26217662,320
26217663,320
26217664,320
26217665,320
26217666,320
26217667,320
26217668,320
26217669,320
26217670,320
26217671,320
26217672,320
26217673,320
26217674,320
26217675,320
26217676,320
26217677,320
26217678,320
26217679,320
26217680,320
26217681,320
26217682,320
26217683,320
26217684,320
26217685,320
26217686,320
26217687,320
26217688,320
26217689,320
26217690,320
26217691,320
26217692,320
26217693,320
26217694,320
26217695,320
26217696,320
26217697,320
26217698,320
26217699,320
26217700,320
26217701,320
26217702,320
26217703,320
26217704,320
26217705,320
26217706,320
26217707,320
26217708,320
26217709,320
26217710,320
26217711,320
26217712,320
26217713,320
26217714,320
26217715,320
26217716,320
26217717,320
26217718,320
26217719,320
26217720,320
26217721,320
26217722,320
26217723,320
26217724,320
26217725,320
26217726,320
26217727,320
26217728,320
26217729,320
26217730,320
26217731,320
26217732,320
26217733,320
26217734,320
26217735,320
26217736,320
26217737,320
26217738,320
26217739,320
26217740,320
26217741,320
26217742,320
26217743,320
26217744,320
26217745,320
26217746,320
26217747,320
26217748,122
26217749,320
26217750,122
26217751,122
26217752,122
26217753,320
26217754,122
26217755,190
26217756,122
26217757,190
26217758,190
26217759,190
26217760,190
26217761,190
26217762,190
26217763,190
26217764,190
26217765,190
26217766,320
26217767,190
26217768,190
26217769,320
26217770,123
26217771,123
26217772,123
26217773,123
26217774,123
26217775,123
26217776,123
26217777,123
26217778,123
26217779,127
26217780,121
26217781,121
26217782,121
26217783,121
26217784,82
26217785,82
26217786,121
26217787,121
26217788,82
26217789,82
26217790,82
26217791,82
26217792,124
26217793,82
26217794,124
26217795,124
26217796,124
26217797,124
26217798,124
26217799,128
26217800,128
26217801,128
26217802,128
26217803,128
26217804,128
26217805,128
26217806,128
26217807,128
26217808,128
26217809,128
26217810,128
26217811,128
26217812,128
26217813,128
26217814,128
26217815,128
26217816,128
26217817,128
26217818,128
26217819,128
26217820,128
26217821,128
26217822,128
26217823,128
26217824,128
26217825,128
26217826,128
26217827,128
26217828,128
26217829,128
26217830,128
26217831,128
26217832,128
26217833,128
26217834,128
26217835,128
26217836,128
26217837,128
26217838,128
26217839,128
26217840,128
26217841,128
26217842,128
26217843,128
26217844,128
26217845,128
26217846,128
26217847,190
26217848,122
26217849,122
26217850,329
26217851,329
26217852,329
26217853,329
26217854,329
26217855,329
26217856,329
26217857,329
26217858,329
26217859,329
26217860,329
26217861,329
26217862,329
26217863,329
26217864,329
26217865,329
26217866,329
26217867,329
26217868,329
26217869,329
26217870,329
26217871,329
26217872,329
26217873,329
26217874,329
26217875,329
26217876,329
26217877,329
26217878,329
26217879,329
26217880,329
26217881,166
26217882,166
26217883,166
26217884,166
26217885,166
26217886,166
26217887,166
26217888,166
26217889,166
26217890,167
26217891,166
26217892,166
26217893,167
26217894,167
26217895,167
26217896,177
26217897,167
26217898,167
26217899,167
26217900,177
26217901,177
26217902,167
26217903,167
26217904,167
26217905,167
26217906,167
26217907,167
26217908,167
26217909,167
26217910,167
26217911,167
26217912,167
26217913,167
26217914,167
26217915,167
26217916,167
26217917,177
26217918,177
26217919,167
26217920,167
26217921,167
26217922,167
26217923,167
26217924,177
26217925,167
26217926,167
26217927,177
26217928,167
26217929,167
26217930,167
26217931,167
26217932,167
26217933,167
26217934,167
26217935,167
26217936,167
26217937,167
26217938,167
26217939,167
26217940,167
26217941,129
26217942,128
26217943,129
26217944,129
26217945,129
26217946,124
26217947,124
26217948,128
26217949,128
26217950,320
26217951,128
26217952,128
26217953,123
26217954,123
26217955,123
26217956,123
26217957,167
26217958,127
26217959,177
26217960,320
26217961,124
26217962,124
26217963,320
26217964,124
26217965,124
26217966,124
26217967,124
26217968,123
26217969,124
26217970,167
26217971,167
26217972,128
26217973,123
26217974,167
26217975,166
26217976,190
26217977,181
26217978,181
26217979,181
26217980,181
26217981,181
26217982,181
26217983,181
26217984,181
26217985,181
26217986,181
26217987,181
26217988,181
26217989,181
26217990,181
26217991,181
26217992,181
26217993,181
26217994,181
26217995,181
26217996,181
26217997,188
26217998,181
26217999,181
26218000,188
26218001,188
26218002,188
26218003,188
26218004,188
26218005,188
26218006,188
26218007,188
26218008,188
26218009,188
26218010,188
26218011,188
26218012,188
26218013,188
26218014,188
26218015,188
26218016,188
26218017,188
26218018,188
26218019,188
26218020,188
26218021,188
26218022,188
26218023,188
26218024,188
26218025,188
26218026,188
26218027,188
26218028,188
26218029,188
26218030,188
26218031,123
26218032,188
26218033,188
26218034,123
26218035,123
26218036,123
26218037,123
26218038,123
26218039,123
26218040,122
26218041,127
26218042,129
26218043,129
26218044,129
26218045,320
26218047,156
26218048,156
26218049,159
26218050,159
26218051,156
26218052,159
26218053,159
26218054,320
26218055,320
26218056,123
26218057,320
26218058,177
26218059,128
26218060,166
26218061,166
26218062,128
26218063,128
26218064,128
26218065,128
26218066,128
26218067,128
26218068,128
26218069,320
26218070,128
26218071,122
26218072,123
26218073,128
26218074,128
26218075,123
26218076,320
26218077,123
26218078,123
26218079,320
26218080,177
26218081,320
26218082,321
26218083,321
26218084,321
26218085,321
26218086,321
26218087,321
26218088,321
26218089,321
26218090,128
26218091,128
26218092,321
26218093,321
26218094,321
26218095,166
26218096,166
26218097,166
26218098,166
26218099,128
26218100,321
26218101,321
26218102,321
26218103,321
26218104,321
26218105,321
26218106,166
26218107,83
26218108,321
26218109,167
26218110,83
26218111,83
26218112,83
26218113,83
26218114,83
26218115,83
26218116,83
26218117,83
26218118,83
26218119,83
26218120,83
26218121,83
26218122,83
26218123,83
26218124,83
26218125,83
26218126,83
26218127,83
26218128,83
26218129,83
26218130,83
26218131,83
26218132,83
26218133,83
26218134,83
26218135,83
26218136,83
26218137,83
26218138,83
26218139,83
26218140,83
26218141,83
26218142,83
26218143,83
26218144,83
26218145,83
26218146,83
26218147,83
26218148,83
26218149,83
26218150,83
26218151,83
26218152,83
26218153,83
26218154,83
26218155,83
26218156,83
26218157,83
26218158,83
26218159,83
26218160,83
26218161,83
26218162,83
26218163,83
26218164,83
26218165,83
26218166,83
26218167,83
26218168,83
26218169,83
26218170,83
26218171,123
26218172,123
26218173,83
26218174,123
26218175,123
26218176,123
26218177,123
26218178,123
26218179,123
26218180,128
26218181,177
26218182,128
26218183,128
26218184,83
26218185,83
26218186,190
26218187,83
26218188,83
26218189,166
26218190,128
26218191,123
26218192,123
26218193,123
26218194,123
26218195,123
26218196,123
26218197,166
26218198,320
26218199,128
26218200,320
26218202,128
26218203,320
26218204,320
26218205,320
26218206,320
26218207,320
26218208,128
26218209,123
26218210,167
26218211,85
26218212,85
26218213,85
26218214,85
26218215,85
26218216,85
26218217,85
26218218,85
26218219,85
26218220,85
26218221,85
26218222,85
26218223,85
26218224,85
26218225,85
26218226,85
26218227,85
26218228,85
26218229,85
26218230,85
26218231,85
26218232,85
26218233,85
26218234,85
26218235,85
26218236,85
26218237,85
26218238,85
26218239,85
26218240,85
26218241,85
26218242,85
26218243,85
26218244,85
26218245,85
26218246,85
26218247,85
26218248,85
26218249,85
26218250,85
26218251,85
26218252,85
26218253,85
26218254,85
26218255,85
26218256,85
26218257,85
26218258,85
26218259,85
26218260,85
26218261,85
26218262,85
26218263,85
26218264,85
26218265,85
26218266,85
26218267,85
26218268,123
26218269,85
26218270,127
26218271,123
26218272,123
26218275,128
26218276,128
26218277,128
26218278,123
26218279,166
26218280,128
26218281,166
26218282,128
26218283,128
26218285,128
26218287,128
26218288,128
26218291,126
26218292,126
26218293,126
26218294,126
26218295,126
26218296,126
26218297,126
26218298,126
26218299,126
26218300,126
26218301,126
26218302,126
26218303,126
26218304,126
26218305,126
26218306,126
26218307,126
26218308,126
26218309,126
26218310,126
26218311,126
26218312,126
26218313,126
26218314,126
26218315,126
26218316,126
26218317,126
26218318,126
26218319,126
26218320,126
26218321,126
26218322,126
26218323,126
26218324,126
26218325,126
26218326,126
26218327,126
26218328,126
26218329,126
26218330,126
26218331,126
26218332,126
26218333,126
26218334,126
26218335,126
26218336,126
26218337,126
26218338,126
26218339,126
26218340,126
26218341,126
26218342,126
26218343,126
26218344,126
26218345,126
26218346,126
26218347,126
26218348,126
26218349,126
26218350,126
26218351,126
26218352,126
26218353,126
26218354,126
26218358,166
26218359,126
26218360,85
26218361,85
26218362,85
26218363,85
26218364,126
26218365,126
26218366,126
26218368,126
26218369,126
26218370,126
26218372,127
26218373,126
26218374,126
26218376,156
26218377,127
26218378,126
26218379,158
26218380,156
26218381,159
26218382,159
26218383,159
26218384,158
26218385,159
26218386,159
26218387,159
26218388,159
26218389,159
26218390,159
26218391,156
26218397,123
26218398,123
26218399,123
26218400,123
26218401,123
26218402,123
26218403,123
26218404,123
26218405,123
26218406,123
26218407,123
26218408,123
26218409,123
26218410,123
26218411,123
26218412,123
26218413,123
26218414,123
26218415,123
26218416,123
26218417,123
26218418,123
26218419,123
26218421,129
26218423,320
26218424,129
26218425,129
26218426,320
26218427,320
26218428,320
26218431,123
26218432,126
26218434,126
26218435,126
26218437,126
26218438,126
26218439,126
26218440,126
26218441,126
26218442,126
26218443,126
26218444,126
26218445,126
26218446,126
26218447,126
26218448,126
26218449,126
26218450,126
26218452,126
26218453,126
26218454,126
26218455,167
26218456,128
26218458,128
26218459,128
26218460,128
26218461,128
26218462,166
26218463,128
26218464,128
26218465,128
26218466,128
26218467,166
26218468,83
26218470,166
26218478,126
26218479,126
26218500,126
26218517,85
26218523,319
26218526,319
26218529,319
26218530,319
26218531,319
26218532,319
26218533,319
26218534,319
26218535,319
26218536,319
26218537,319
26218538,319
26218539,319
26218540,319
26218541,319
26218547,128
26218549,128
26218550,123
26218551,124
26218552,124
26218554,123
26218555,123
26218556,123
26218559,166
26218560,320
26218564,190
26218574,126
26218575,126
26218576,126
26218577,126
26218579,126
26218581,126
26218582,126
26218586,126
26218588,126
26218590,126
26218591,126
26218592,320
26218593,126
26218594,126
26218595,126
26218596,126
26218598,126
26218599,126
26218600,119
26218601,119
26218602,119
26218603,119
26218604,119
26218605,119
26218606,119
26218607,119
26218608,119
26218609,119
26218610,119
26218611,119
26218612,119
26218613,119
26218614,119
26218615,119
26218616,119
26218617,119
26218618,119
26218619,119
26218620,119
26218621,119
26218622,119
26218623,119
26218624,119
26218625,119
26218626,119
26218627,119
26218628,119
26218629,119
26218630,119
26218631,119
26218632,119
26218633,119
26218634,119
26218635,119
26218636,119
26218637,119
26218638,119
26218639,119
26218640,119
26218641,119
26218642,119
26218643,119
26218644,119
26218645,119
26218646,119
26218647,119
26218648,119
26218649,119
26218650,119
26218651,119
26218652,119
26218653,119
26218654,119
26218655,119
26218656,119
26218658,119
26218659,119
26218660,10
26218662,10
26218663,10
26218664,10
26218665,10
26218667,10
26218669,10
26218670,10
26218671,10
26218672,10
26218674,10
26218675,10
26218676,10
26218678,10
26218679,10
26218680,10
26218681,10
26218682,10
26218684,10
26218685,10
26218686,10
26218689,10
26218690,10
26218691,10
26218692,10
26218694,10
26218696,126
26218697,119
26218698,126
26218699,126
26218700,126
26218701,126
26218702,126
26218704,126
26218706,126
26218707,126
26218718,126
26218720,126
26218721,126
26218722,126
26218723,126
26218724,126
26218725,126
26218728,126
26218731,86
26218732,86
26218733,86
26218734,86
26218735,86
26218736,86
26218737,86
26218738,86
26218739,86
26218740,86
26218741,86
26218742,86
26218743,86
26218744,86
26218745,86
26218746,86
26218747,86
26218748,89
26218750,22
26218751,22
26218752,22
26218753,22
26218754,89
26218755,89
26218756,89
26218757,22
26218758,89
26218759,89
26218760,22
26218761,22
26218762,89
26218763,22
26218764,22
26218765,89
26218766,89
26218767,89
26218768,22
26218769,22
26218770,22
26218771,89
26218772,22
26218773,22
26218774,89
26218775,89
26218776,22
26218777,89
26218778,22
26218779,22
26218780,89
26218781,89
26218782,22
26218783,89
26218784,23
26218785,22
26218786,89
26218787,22
26218788,23
26218789,22
26218790,89
26218791,22
26218792,89
26218793,22
26218794,89
26218795,22
26218796,22
26218797,89
26218798,22
26218799,89
26218800,86
26218801,86
26218802,86
26218803,89
26218804,89
26218805,86
26218806,86
26218807,86
26218808,86
26218809,86
26218810,86
26218811,86
26218812,86
26218813,86
26218814,86
26218815,86
26218816,86
26218817,86
26218818,86
26218819,89
26218820,89
26218821,22
26218822,22
26218823,89
26218824,22
26218825,89
26218826,89
26218827,22
26218828,89
26218829,89
26218830,22
26218831,89
26218832,89
26218833,89
26218834,22
26218835,22
26218836,89
26218837,22
26218838,22
26218839,22
26218840,22
26218841,89
26218842,22
26218843,22
26218844,22
26218845,89
26218846,89
26218847,22
26218848,89
26218849,89
26218850,22
26218851,89
26218852,22
26218853,89
26218854,22
26218855,22
26218856,22
26218857,89
26218858,22
26218859,89
26218860,89
26218861,22
26218862,89
26218863,22
26218864,89
26218865,22
26218866,89
26218867,89
26218868,23
26218869,23
26218870,23
26218871,23
26218872,23
26218873,23
26218874,23
26218875,23
26218876,23
26218877,23
26218880,123
26218885,127
26218887,127
26218889,127
26218891,119
26218895,125
26218901,123
26218902,119
26218903,119
26218905,123
26218906,123
26218910,355
26218911,355
26218912,126
26218913,126
26218915,125
26218916,125
26218918,125
26218919,125
26218920,125
26218922,128
26218924,125
26218925,125
26218927,119
26218928,167
26218930,167
26218931,119
26218934,119
26218937,10
26218940,123
26218941,159
26218943,126
26218945,126
26218946,126
26218948,126
26218949,126
26218950,126
26218951,126
26218952,126
26218953,126
26218954,126
26218955,126
26218956,126
26218957,126
26218958,126
26218961,126
26218962,126
26218964,126
26218965,126
26218969,123
26218970,126
26218973,123
26218974,123
26218975,123
26218976,123
26218977,123
26218978,123
26218979,123
26218980,123
26218981,123
26218982,125
26218983,125
26218984,125
26218985,125
26219003,119
26219004,119
26219005,119
26219006,119
26219007,119
26219010,10
26219011,10
26219012,126
26219013,10
26219014,10
26219016,126
26219017,126
26219018,126
26219019,126
26219021,119
26219022,10
26219023,119
26219027,123
26219028,123
26219029,123
26219030,123
26219032,123
26219033,123
26219039,10
26219040,10
26219041,10
26219042,10
26219043,10
26219044,10
26219045,10
26219046,126
26219049,119
26219050,126
26219053,320
26219060,85
26219061,85
26219062,85
26219063,85
26219064,320
26219065,123
26219066,85
26219067,85
26219068,85
26219069,320
26219074,320
26219075,320
26219076,320
26219078,166
26219080,166
26219084,128
26219085,128
26219087,128
26219090,125
26219092,128
26219094,125
26219096,125
26219100,167
26219102,190
26219103,167
26219107,177
26219108,190
26219110,320
26219111,177
26219112,177
26219117,129
26219120,10
26219135,119
26219137,126
26219138,126
26219139,119
26219140,126
26219141,119
26219142,119
26219143,126
26219144,126
26219154,320
26219157,126
26219159,320
26219160,320
26219162,320
26219166,126
26219182,123
26219185,319
26219189,119
26219190,119
26219191,119
26219192,119
26219193,119
26219198,84
26219201,84
26219202,84
26219203,84
26219204,88
26219205,88
26219206,88
26219207,88
26219208,88
26219209,84
26219210,84
26219211,88
26219212,84
26219213,88
26219214,88
26219215,88
26219216,88
26219217,84
26219218,84
26219219,88
26219220,84
26219221,88
26219222,84
26219223,88
26219224,84
26219225,88
26219226,84
26219227,88
26219228,84
26219229,88
26219230,84
26219231,88
26219232,88
26219233,88
26219234,84
26219235,88
26219236,84
26219237,84
26219238,88
26219239,84
26219240,84
26219241,84
26219242,88
26219243,88
26219244,88
26219245,84
26219246,84
26219247,88
26219248,84
26219249,88
26219250,84
26219251,84
26219252,88
26219253,88
26219254,88
26219255,88
26219256,84
26219257,88
26219258,84
26219259,88
26219260,84
26219261,88
26219262,84
26219263,88
26219264,84
26219265,88
26219266,84
26219267,88
26219268,84
26219269,84
26219270,84
26219271,88
26219272,88
26219273,88
26219274,84
26219275,88
26219276,84
26219277,88
26219278,84
26219279,88
26219280,84
26219281,88
26219282,88
26219283,84
26219284,88
26219285,84
26219286,88
26219287,88
26219288,84
26219289,88
26219290,88
26219291,84
26219292,88
26219293,84
26219294,88
26219295,84
26219296,88
26219297,84
26219298,88
26219299,84
26219300,88
26219301,84
26219302,84
26219303,84
26219304,84
26219305,84
26219306,84
26219307,84
26219308,84
26219309,84
26219310,84
26219311,84
26219312,84
26219313,84
26219314,84
26219315,84
26219316,84
26219317,84
26219318,84
26219319,84
26219320,84
26219321,84
26219322,84
26219323,84
26219324,84
26219325,84
26219326,84
26219327,84
26219328,84
26219329,84
26219330,84
26219331,84
26219332,84
26219333,84
26219334,84
26219335,84
26219336,84
26219337,84
26219338,84
26219339,84
26219340,84
26219341,84
26219342,84
26219343,84
26219344,84
26219345,84
26219346,84
26219347,84
26219348,88
26219349,84
26219350,88
26219351,84
26219352,84
26219353,88
26219354,88
26219355,88
26219356,88
26219357,88
26219358,88
26219359,88
26219360,88
26219361,88
26219362,88
26219363,88
26219364,88
26219365,88
26219366,88
26219367,88
26219368,88
26219369,88
26219370,88
26219371,88
26219372,88
26219373,88
26219374,88
26219375,88
26219376,88
26219377,88
26219378,88
26219379,88
26219380,88
26219381,88
26219382,88
26219383,88
26219384,88
26219385,88
26219386,88
26219387,88
26219388,88
26219389,88
26219390,88
26219391,88
26219392,88
26219393,88
26219394,88
26219395,88
26219396,88
26219397,88
26219398,88
26219399,88
26219401,84
26219402,84
26219419,159
26219420,159
26219421,159
26219422,159
26219423,156
26219424,128
26219425,128
26219426,159
26219427,321
26219428,156
26219429,156
26219430,156
26219431,159
26219432,321
26219433,158
26219434,156
26219435,159
26219436,321
26219437,321
26219438,321
26219439,158
26219440,128
26219441,158
26219442,158
26219443,128
26219444,159
26219445,159
26219446,321
26219447,128
26219448,159
26219449,321
26219450,159
26219451,156
26219452,156
26219453,128
26219454,158
26219455,158
26219456,321
26219457,159
26219458,128
26219459,321
26219460,159
26219461,321
26219462,158
26219463,321
26219464,128
26219465,156
26219466,156
26219467,156
26219468,159
26219469,156
26219470,156
26219471,158
26219472,156
26219473,159
26219474,159
26219475,158
26219476,156
26219477,128
26219478,321
26219479,321
26219480,158
26219481,321
26219482,321
26219483,158
26219484,158
26219485,159
26219486,156
26219487,158
26219488,159
26219489,159
26219490,321
26219491,321
26219492,321
26219493,321
26219494,321
26219495,321
26219496,159
26219497,156
26219498,321
26219499,321
26219500,158
26219501,321
26219502,158
26219503,158
26219504,159
26219505,156
26219506,321
26219507,321
26219508,159
26219509,128
26219510,321
26219511,159
26219512,128
26219513,159
26219514,156
26219515,159
26219516,159
26219517,159
26219518,321
26219519,321
26219520,321
26219521,159
26219522,158
26219523,158
26219524,159
26219525,321
26219526,159
26219527,156
26219528,159
26219529,156
26219530,158
26219569,320
26219573,320
26219574,320
26219575,320
26219576,320
26219580,158
26219582,158
26219583,119
26219584,159
26219586,119
26219589,85
26219590,85
26219591,85
26219615,355
26219618,355
26219620,355
26219621,355
26219622,355
26219646,86
26219650,86
26219654,122
26219656,123
26219657,125
26219665,123
26219671,129
26219674,85
26219675,85
26219677,167
26219678,177
26219679,167
26219682,177
26219683,119
26219685,119
26219688,126
26219689,126
26219690,126
26219691,126
26219696,126
26219699,319
26219700,119
26219702,119
26219705,126
26219707,126
26219709,126
26219712,126
26219716,126
26219719,126
26219720,126
26219721,126
26219722,126
26219723,126
26219727,126
26219728,126
26219730,126
26219731,126
26219732,126
26219738,128
26219741,128
26219743,128
26219744,128
26219745,128
26219746,128
26219747,128
26219754,125
26219755,125
26219756,125
26219761,10
26219763,177
26219777,10
26219778,320
26219782,320
26219783,320
26220605,128
26220606,128
26220607,128
26220608,128
26220609,128
26220610,128
26220611,128
26220612,128
26220613,128
26220614,128
26220615,128
26220616,128
26220617,128
26220618,128
26220619,128
26220620,128
26220621,128
26220622,128
26220623,128
26220624,128
26220625,128
26220626,128
26220627,128
26220628,128
26220629,128
26220630,128
26220631,128
26220632,128
26220633,128
26220634,128
26220635,128
26220636,128
26220637,128
26220638,128
26220639,128
26220640,128
26220641,128
26220642,128
26220643,68
26220644,128
26220645,68
26220646,68
26220647,68
26220648,68
26220649,131
26220650,131
26220651,131
26220652,131
26220653,131
26220654,131
26220655,131
26220656,131
26220657,131
26220658,133
26220659,131
26220660,131
26220661,133
26220662,131
26220663,131
26220664,133
26220665,133
26220666,133
26220667,133
26220668,133
26220669,133
26220670,133
26220671,133
26220672,133
26220673,133
26220674,133
26220675,133
26220676,133
26220677,133
26220678,64
26220679,133
26220680,64
26220681,64
26220682,64
26220683,64
26220684,64
26220685,64
26220686,131
26220687,135
26220688,135
26220689,135
26220690,137
26220691,135
26220692,135
26220693,135
26220694,137
26220695,135
26220696,135
26220697,137
26220698,137
26220699,137
26220700,137
26220701,137
26220702,137
26220703,137
26220704,137
26220705,137
26220706,137
26220707,137
26220708,137
26220709,137
26220710,137
26220711,137
26220712,137
26220713,137
26220714,137
26220715,137
26220716,137
26220717,137
26220718,138
26220719,137
26220720,138
26220721,138
26220722,138
26220723,138
26220724,138
26220725,138
26220726,138
26220727,138
26220728,138
26220729,138
26220730,67
26220731,67
26220732,67
26220733,67
26220734,67
26220735,67
26220736,67
26220737,67
26220738,67
26220739,67
26220740,67
26220741,67
26220742,67
26220743,67
26220744,67
26220745,67
26220746,139
26220747,67
26220748,139
26220749,139
26220750,139
26220751,139
26220752,139
26220753,139
26220754,139
26220755,139
26220756,139
26220757,139
26220758,139
26220759,132
26220760,139
26220761,139
26220762,139
26220763,139
26220764,139
26220765,139
26220766,139
26220767,139
26220768,139
26220769,139
26220770,139
26220771,139
26220772,139
26220773,139
26220774,139
26220775,139
26220776,139
26220777,139
26220778,139
26220779,139
26220780,139
26220781,139
26220782,139
26220783,139
26220784,139
26220785,139
26220786,139
26220787,139
26220788,139
26220789,139
26220790,139
26220791,139
26220792,139
26220793,139
26220794,139
26220795,139
26220796,139
26220797,139
26220798,139
26220799,139
26220800,139
26220801,139
26220802,139
26220803,139
26220804,139
26220805,139
26220806,139
26220807,139
26220808,139
26220809,139
26220810,139
26220811,139
26220812,321
26220813,321
26220814,321
26220815,321
26220816,139
26220817,321
26220818,139
26220819,321
26220820,132
26220821,132
26220822,139
26220823,139
26220824,139
26220825,139
26220826,139
26220827,139
26220828,139
26220829,139
26220830,139
26220831,139
26220832,139
26220833,139
26220834,139
26220835,139
26220836,139
26220837,139
26220838,139
26220839,139
26220840,139
26220841,139
26220842,139
26220843,139
26220844,139
26220845,139
26220846,139
26220847,139
26220848,139
26220849,139
26220850,139
26220851,139
26220852,139
26220853,139
26220854,139
26220855,139
26220856,139
26220857,130
26220858,139
26220859,139
26220860,139
26220861,139
26220862,139
26220863,130
26220864,130
26220865,139
26220866,139
26220867,139
26220868,139
26220869,139
26220870,132
26220871,130
26220872,130
26220873,136
26220874,139
26220875,139
26220876,136
26220877,139
26220878,130
26220879,130
26220880,139
26220881,132
26220882,139
26220883,139
26220884,130
26220885,139
26220886,139
26220887,139
26220888,130
26220889,139
26220890,132
26220891,139
26220892,139
26220893,132
26220894,139
26220895,139
26220896,139
26220897,130
26220898,136
26220899,132
26220900,139
26220901,130
26220902,139
26220903,132
26220904,136
26220905,130
26220906,139
26220907,132
26220908,139
26220909,139
26220910,136
26220911,132
26220912,139
26220913,139
26220914,130
26220915,130
26220916,139
26220917,139
26220918,139
26220919,139
26220920,139
26220921,139
26220922,139
26220923,139
26220924,139
26220925,139
26220926,139
26220927,139
26220928,139
26220929,139
26220930,139
26220931,139
26220932,139
26220933,139
26220934,139
26220935,128
26220936,128
26220937,64
26220938,64
26220939,64
26220940,128
26220941,128
26220942,128
26220943,128
26220944,128
26220945,67
26220946,131
26220947,128
26220948,67
26220949,64
26220951,130
26220952,139
26220953,137
26220954,133
26220955,139
26220956,133
26220957,128
26220958,139
26220959,139
26220960,128
26220962,68
26220963,128
26220964,128
26220965,128
26220966,128
26220967,128
26220968,128
26220969,128
26220970,128
26220975,131
26220976,139
26220977,137
26220978,131
26220979,139
26220980,139
26220981,133
26220982,321
26220983,137
26220984,138
26220985,130
26220986,132
26220987,139
26220988,139
26220989,139
26220990,139
26220991,64
26220992,139
26220993,139
26220994,139
26220996,139
26220997,137
26220998,68
26220999,139
26221001,128
26221002,128
26221003,128
26221005,128
26221006,139
26221007,137
26221008,137
26221009,139
26221010,139
26221012,64
26221014,68
26221015,139
26221016,67
26221017,131
26221018,128
26221019,128
26221020,137
26221021,139
26221022,128
26221023,139
26221024,139
26221025,128
26221026,128
26221027,128
26221028,128
26221029,128
26221030,128
26221031,128
26221032,128
26221034,139
26221035,139
26221036,139
26221037,139
26221038,139
26221039,139
26221040,139
26221041,139
26221042,130
26221043,139
26221044,139
26221045,139
26221046,132
26221064,130
26221065,135
26221071,133
26221072,139
26221073,131
26221074,131
26221075,137
26221077,133
26221079,138
26221080,131
26221081,130
26221082,131
26221083,137
26221084,131
26221085,131
26221086,133
26221087,133
26221090,133
26221091,135
26221092,135
26221093,138
26221094,138
26221101,64
26221102,139
26221103,139
26221104,64
26221105,64
26221106,68
26221107,64
26221108,64
26221109,64
26221110,68
26221111,68
26221112,68
26221113,139
26221114,68
26221115,137
26221116,139
26221117,68
26221118,128
26221119,128
26221121,128
26221122,128
26221123,128
26221126,139
26221131,139
26221153,138
26221161,128
26221204,64
26221207,139
26221208,63
26221209,64
26221210,64
26221211,133
26221212,139
26221213,139
26221214,139
26221215,139
26221216,137
26221218,137
26221219,137
26221221,137
26221222,137
26221224,137
26221229,137
26221233,63
26221300,321
26221306,139
26221308,321
26221309,139
26221317,321
26221371,137
26221401,139
26221403,128
26221404,128
26221405,128
26221406,158
26221407,128
26221409,128
26221410,158
26221411,128
26221414,138
26221415,138
26221417,132
26221423,132
26221424,132
26221439,137
26221440,137
26221505,128
26221507,128
26221509,128
26221521,128
26221528,319
26221530,64
26221531,137
26221532,64
26221533,68
26221534,319
26221535,319
26221536,319
26221537,68
26221538,319
26221539,319
26221586,158
26221587,158
26221604,137
26221657,68
26221662,68
26221704,139
26221710,319
26221721,128
26221722,128
26221723,128
26221724,128
26221738,139
26221752,158
26221831,64
26221836,64
26221839,68
26221840,68
26221841,68
26221843,68
26221889,128
26221890,128
26221891,128
26221892,128
26222085,58
26222086,58
26222087,58
26222088,58
26222089,58
26222090,58
26222091,58
26222092,58
26222093,58
26222094,58
26222095,58
26222096,58
26222097,58
26222098,58
26222099,58
26222100,58
26222101,58
26222102,58
26222103,58
26222104,58
26222105,58
26222106,58
26222107,58
26222108,58
26222109,59
26222110,59
26222111,59
26222112,59
26222113,59
26222114,59
26222115,59
26222116,59
26222117,59
26222118,59
26222119,59
26222120,59
26222121,59
26222122,59
26222123,59
26222124,59
26222125,59
26222126,59
26222127,59
26222128,59
26222129,59
26222130,59
26222131,59
26222132,59
26222133,59
26222134,116
26222135,116
26222136,59
26222137,59
26222138,59
26222139,116
26222140,116
26222141,116
26222142,116
26222143,116
26222144,116
26222145,116
26222146,116
26222147,116
26222148,116
26222149,116
26222150,116
26222151,116
26222152,116
26222153,116
26222154,116
26222155,116
26222156,116
26222157,116
26222158,116
26222159,116
26222160,116
26222161,116
26222162,116
26222163,116
26222164,116
26222165,116
26222166,116
26222167,116
26222168,116
26222169,116
26222170,113
26222171,116
26222172,116
26222173,113
26222174,116
26222175,113
26222176,113
26222177,113
26222178,113
26222179,113
26222180,113
26222181,113
26222182,113
26222183,113
26222184,113
26222185,113
26222186,113
26222187,113
26222188,113
26222189,113
26222190,113
26222191,113
26222192,113
26222193,113
26222194,113
26222195,113
26222196,113
26222197,113
26222198,113
26222199,113
26222200,113
26222201,114
26222202,114
26222203,114
26222204,114
26222205,114
26222206,114
26222207,114
26222208,114
26222209,114
26222210,114
26222211,114
26222212,114
26222213,114
26222214,114
26222215,114
26222216,114
26222217,114
26222218,114
26222219,114
26222220,114
26222221,114
26222222,114
26222223,114
26222224,114
26222225,114
26222226,114
26222227,114
26222228,114
26222229,114
26222230,114
26222231,114
26222232,114
26222233,114
26222234,114
26222235,114
26222236,114
26222237,114
26222238,114
26222239,114
26222240,114
26222241,114
26222242,114
26222243,114
26222244,114
26222245,114
26222246,114
26222247,114
26222248,114
26222249,114
26222250,114
26222251,114
26222252,114
26222253,114
26222254,114
26222255,114
26222256,111
26222257,111
26222258,111
26222259,111
26222260,111
26222261,111
26222262,111
26222263,111
26222264,111
26222265,111
26222266,111
26222267,111
26222268,111
26222269,111
26222270,111
26222271,57
26222272,111
26222273,111
26222274,65
26222275,57
26222276,57
26222277,57
26222278,57
26222279,57
26222280,57
26222281,57
26222282,57
26222283,57
26222284,57
26222285,57
26222286,57
26222287,57
26222288,57
26222289,57
26222290,57
26222291,57
26222292,57
26222293,57
26222294,57
26222295,57
26222296,57
26222297,57
26222298,57
26222299,115
26222300,57
26222301,57
26222302,115
26222303,115
26222304,115
26222305,115
26222306,115
26222307,115
26222308,115
26222309,115
26222310,115
26222311,115
26222312,115
26222313,115
26222314,115
26222315,115
26222316,115
26222317,115
26222318,115
26222319,115
26222320,115
26222321,115
26222322,115
26222323,115
26222324,115
26222325,116
26222326,59
26222327,59
26222328,59
26222329,59
26222330,59
26222331,59
26222332,59
26222333,59
26222334,59
26222335,59
26222336,59
26222337,59
26222338,59
26222339,59
26222340,59
26222341,59
26222342,59
26222343,59
26222344,59
26222345,59
26222346,59
26222347,114
26222348,48
26222349,48
26222350,59
26222351,48
26222352,48
26222353,48
26222354,48
26222355,48
26222356,48
26222357,48
26222358,48
26222359,48
26222360,48
26222361,48
26222362,48
26222363,48
26222364,48
26222365,48
26222366,48
26222367,48
26222368,48
26222369,48
26222370,48
26222371,48
26222372,48
26222373,48
26222374,48
26222375,48
26222376,48
26222377,48
26222378,48
26222379,48
26222380,48
26222381,48
26222382,48
26222383,48
26222384,48
26222385,48
26222386,48
26222387,48
26222388,48
26222389,48
26222390,48
26222391,48
26222392,48
26222393,111
26222394,48
26222396,111
26222397,57
26222398,111
26222399,111
26222400,113
26222401,57
26222402,57
26222403,56
26222404,56
26222405,56
26222406,56
26222407,56
26222408,56
26222409,56
26222410,56
26222411,56
26222412,56
26222413,56
26222414,56
26222415,56
26222416,56
26222417,56
26222418,56
26222419,56
26222420,56
26222421,56
26222422,56
26222423,48
26222424,48
26222425,48
26222426,48
26222427,48
26222428,66
26222429,48
26222430,114
26222431,65
26222432,66
26222433,66
26222434,66
26222435,66
26222436,66
26222437,66
26222438,66
26222439,66
26222440,66
26222441,66
26222442,66
26222443,66
26222444,66
26222445,66
26222446,66
26222447,66
26222448,66
26222449,66
26222450,66
26222451,66
26222452,66
26222453,66
26222454,66
26222455,66
26222456,66
26222457,66
26222458,66
26222459,66
26222460,66
26222461,62
26222462,66
26222463,66
26222464,62
26222465,62
26222466,62
26222467,62
26222468,62
26222469,62
26222470,62
26222471,62
26222472,62
26222473,62
26222474,62
26222475,62
26222476,62
26222477,62
26222478,62
26222479,62
26222480,62
26222481,62
26222482,62
26222483,62
26222484,62
26222485,62
26222486,62
26222487,62
26222488,62
26222489,62
26222490,62
26222491,62
26222492,62
26222493,62
26222494,62
26222495,62
26222496,62
26222497,62
26222498,62
26222499,62
26222500,62
26222501,62
26222502,62
26222503,62
26222504,62
26222505,62
26222506,62
26222507,62
26222508,62
26222509,62
26222510,62
26222511,62
26222512,62
26222513,62
26222514,62
26222515,62
26222516,62
26222517,62
26222518,62
26222519,62
26222520,62
26222521,62
26222522,62
26222523,62
26222524,62
26222525,62
26222526,62
26222527,62
26222528,62
26222529,62
26222530,62
26222531,62
26222532,62
26222533,62
26222534,62
26222535,62
26222536,62
26222537,62
26222538,62
26222539,62
26222540,62
26222541,62
26222542,62
26222543,62
26222544,62
26222545,62
26222546,62
26222547,62
26222548,62
26222549,62
26222550,62
26222551,62
26222552,62
26222553,62
26222554,62
26222555,62
26222556,62
26222557,62
26222558,62
26222559,62
26222560,62
26222561,62
26222562,62
26222563,62
26222564,62
26222565,62
26222566,62
26222567,62
26222568,62
26222569,62
26222570,62
26222571,62
26222572,62
26222573,62
26222574,62
26222575,48
26222576,62
26222577,62
26222578,62
26222579,111
26222580,111
26222581,111
26222582,111
26222583,111
26222584,62
26222585,111
26222586,62
26222587,62
26222588,62
26222589,62
26222590,62
26222591,62
26222592,62
26222593,59
26222594,62
26222595,111
26222596,59
26222597,59
26222598,59
26222599,59
26222600,59
26222601,111
26222602,59
26222603,59
26222604,111
26222605,59
26222606,59
26222607,59
26222608,59
26222609,59
26222610,59
26222611,59
26222612,59
26222613,59
26222614,59
26222615,59
26222616,59
26222617,59
26222618,115
26222619,59
26222620,59
26222621,59
26222622,59
26222623,59
26222624,59
26222625,115
26222626,115
26222627,112
26222628,112
26222629,112
26222630,112
26222631,112
26222632,112
26222633,112
26222634,112
26222635,112
26222636,112
26222637,112
26222638,112
26222639,112
26222640,112
26222641,112
26222642,112
26222643,112
26222644,112
26222645,112
26222646,112
26222647,112
26222648,112
26222649,112
26222650,112
26222651,112
26222652,112
26222653,112
26222654,112
26222655,112
26222656,112
26222657,112
26222658,112
26222659,112
26222660,112
26222661,113
26222662,112
26222663,112
26222664,113
26222665,113
26222666,113
26222667,113
26222668,113
26222669,113
26222670,113
26222671,113
26222672,113
26222673,112
26222674,112
26222675,112
26222676,112
26222677,116
26222678,112
26222679,112
26222680,113
26222681,116
26222682,48
26222683,48
26222684,48
26222685,48
26222686,48
26222687,48
26222688,48
26222689,48
26222690,48
26222691,48
26222692,48
26222693,48
26222694,48
26222695,111
26222696,48
26222697,48
26222698,111
26222699,111
26222700,111
26222701,111
26222702,111
26222703,111
26222704,59
26222705,111
26222706,111
26222707,111
26222708,48
26222738,48
26222741,62
26222742,62
26222743,62
26222744,62
26222745,62
26222746,62
26222747,62
26222748,62
26222751,62
26222752,62
26222765,58
26222766,58
26222820,62
26222824,62
26222825,62
26222826,62
26222830,62
26222838,62
26222842,24
26222843,24
26222844,24
26222845,24
26222846,24
26222847,24
26222848,24
26222849,24
26222850,24
26222851,24
26222852,24
26222853,24
26222854,24
26222855,24
26222856,24
26222857,24
26222858,24
26222859,24
26222860,24
26222861,24
26222862,24
26222863,24
26222864,24
26222865,24
26222866,24
26222867,24
26222868,24
26222869,24
26222870,24
26222871,24
26222872,24
26222873,24
26222874,24
26222875,24
26222876,24
26222877,24
26222878,24
26222879,24
26222880,24
26222881,24
26222882,24
26222883,24
26222884,24
26222885,24
26222886,24
26222887,24
26222888,24
26222889,24
26222890,24
26222891,24
26222892,24
26222893,24
26222894,24
26222895,24
26222896,24
26222897,24
26222898,24
26222899,24
26223124,24
26223125,24
26223126,24
26223127,24
26223128,24
26223130,24
26223131,24
26223132,24
26223157,59
26223158,59
26223159,59
26223160,59
26223161,59
26223162,59
26223163,59
26223164,59
26223165,59
26223166,59
26223167,59
26223168,59
26223169,59
26223170,111
26223171,111
26223172,111
26223173,111
26223174,111
26223175,111
26223176,111
26223177,111
26223178,111
26223179,111
26223180,113
26223181,113
26223182,113
26223183,113
26223184,113
26223185,113
26223186,113
26223187,113
26223188,113
26223189,113
26223190,113
26223191,113
26223192,113
26223193,113
26223194,113
26223195,113
26223196,113
26223197,113
26223198,113
26223199,113
26223200,113
26223201,113
26223202,113
26223203,114
26223204,113
26223205,113
26223206,113
26223207,114
26223208,114
26223209,113
26223210,113
26223211,114
26223212,114
26223213,114
26223214,114
26223215,114
26223216,114
26223217,114
26223218,114
26223219,114
26223220,114
26223221,114
26223222,114
26223223,114
26223224,114
26223225,114
26223226,114
26223227,114
26223228,114
26223229,114
26223230,114
26223231,114
26223232,114
26223233,114
26223234,114
26223235,114
26223236,114
26223237,114
26223238,114
26223239,114
26223240,114
26223241,114
26223242,114
26223243,114
26223244,114
26223245,114
26223246,114
26223247,114
26223248,114
26223249,116
26223250,114
26223251,114
26223252,116
26223253,116
26223254,116
26223255,116
26223256,116
26223257,116
26223258,116
26223259,116
26223260,116
26223261,116
26223262,116
26223263,116
26223264,116
26223265,116
26223266,116
26223267,116
26223268,116
26223269,116
26223270,116
26223271,116
26223272,116
26223273,116
26223274,116
26223275,116
26223276,116
26223277,116
26223278,116
26223279,116
26223280,116
26223281,116
26223282,116
26223283,59
26223284,116
26223285,59
26223286,59
26223287,59
26223288,59
26223289,59
26223290,59
26223291,59
26223292,59
26223293,59
26223294,113
26223295,113
26223296,62
26223297,62
26223298,62
26223299,62
26223300,62
26223301,62
26223302,62
26223303,62
26223304,62
26223305,62
26223306,62
26223307,62
26223308,62
26223309,62
26223310,62
26223311,62
26223312,62
26223313,62
26223314,62
26223315,62
26223316,62
26223317,62
26223318,62
26223319,62
26223320,62
26223321,62
26223322,62
26223323,62
26223324,62
26223325,62
26223326,62
26223327,62
26223328,62
26223329,62
26223330,62
26223331,62
26223332,62
26223333,62
26223334,62
26223335,62
26223336,62
26223337,62
26223338,62
26223339,62
26223340,62
26223341,62
26223342,62
26223343,62
26223344,62
26223345,62
26223346,62
26223347,62
26223348,62
26223349,62
26223350,62
26223351,62
26223352,62
26223353,62
26223354,62
26223355,62
26223356,62
26223357,62
26223358,62
26223359,62
26223360,62
26223361,62
26223362,62
26223363,62
26223364,62
26223365,62
26223366,62
26223367,62
26223368,62
26223369,62
26223370,62
26223371,62
26223372,62
26223373,62
26223374,62
26223375,62
26223376,62
26223377,62
26223378,62
26223379,62
26223380,62
26223381,62
26223382,62
26223383,62
26223384,62
26223385,62
26223386,62
26223387,111
26223388,62
26223389,62
26223390,111
26223391,111
26223392,111
26223393,111
26223394,111
26223395,111
26223396,66
26223397,66
26223398,66
26223399,66
26223400,66
26223401,66
26223402,66
26223403,66
26223404,66
26223405,66
26223406,66
26223407,66
26223408,66
26223409,66
26223410,66
26223411,66
26223412,66
26223413,66
26223414,66
26223415,66
26223416,66
26223417,66
26223418,66
26223419,66
26223420,66
26223421,66
26223422,66
26223423,66
26223424,66
26223425,66
26223426,59
26223427,66
26223428,111
26223429,59
26223430,59
26223431,111
26223432,111
26223433,62
26223434,111
26223435,62
26223436,62
26223437,62
26223438,62
26223439,62
26223440,111
26223441,111
26223442,111
26223443,111
26223444,59
26223445,59
26223446,59
26223447,59
26223448,59
26223449,59
26223450,59
26223451,59
26223452,59
26223453,59
26223454,59
26223455,59
26223456,59
26223457,59
26223458,59
26223459,62
26223460,112
26223461,112
26223462,112
26223463,112
26223464,112
26223465,112
26223466,112
26223467,112
26223468,112
26223469,112
26223470,112
26223471,112
26223472,112
26223473,112
26223474,112
26223475,112
26223476,112
26223477,112
26223478,112
26223479,112
26223480,112
26223481,112
26223482,112
26223483,112
26223484,112
26223485,112
26223486,112
26223487,112
26223488,112
26223489,112
26223490,112
26223491,112
26223492,113
26223493,112
26223494,112
26223495,116
26223496,113
26223497,111
26223498,111
26223499,111
26223500,111
26223501,116
26223502,116
26223503,111
26223504,59
26223505,116
26223506,116
26223507,59
26223508,58
26223509,58
26223510,58
26223511,58
26223512,58
26223513,58
26223514,58
26223515,58
26223516,58
26223517,58
26223518,58
26223519,58
26223520,58
26223521,58
26223522,58
26223523,58
26223524,58
26223525,58
26223526,58
26223527,58
26223528,58
26223529,58
26223530,58
26223531,58
26223532,48
26223533,48
26223534,48
26223535,48
26223536,48
26223537,48
26223538,48
26223539,48
26223540,48
26223541,48
26223542,48
26223543,48
26223544,48
26223545,48
26223546,48
26223547,48
26223548,48
26223549,48
26223550,48
26223551,48
26223552,48
26223553,48
26223554,48
26223555,48
26223556,48
26223557,48
26223558,48
26223559,48
26223560,48
26223561,48
26223562,48
26223563,48
26223564,48
26223565,48
26223566,48
26223567,48
26223568,48
26223569,48
26223570,48
26223571,48
26223572,48
26223573,48
26223574,48
26223575,48
26223576,48
26223577,48
26223578,48
26223579,48
26223580,48
26223581,48
26223582,48
26223583,48
26223584,48
26223585,48
26223586,48
26223587,48
26223588,48
26223589,48
26223590,48
26223591,48
26223592,48
26223593,48
26223594,48
26223595,48
26223596,48
26223597,48
26223598,48
26223599,115
26223600,115
26223601,115
26223602,115
26223603,115
26223604,115
26223605,115
26223606,115
26223607,115
26223608,115
26223609,115
26223610,115
26223611,115
26223612,115
26223613,115
26223614,115
26223615,115
26223616,115
26223617,115
26223618,115
26223619,115
26223620,115
26223621,115
26223622,115
26223623,115
26223625,115
26223627,115
26223638,59
26223639,59
26223657,62
26223658,62
26223659,62
26223660,62
26223670,58
26223671,58
26223711,62
26223714,62
26223715,62
26223716,62
26223717,62
26223718,62
26223719,62
26223720,62
26223721,62
26223728,62
26223729,62
26223730,62
26223732,62
26223733,62
26223734,62
26223752,24
26223753,24
26223754,24
26223755,24
26223756,24
26223757,24
26223758,24
26223759,24
26223760,24
26223761,24
26223762,24
26223763,24
26223764,24
26223765,24
26223766,24
26223767,24
26223768,24
26223769,24
26223770,24
26223771,24
26223772,24
26223773,24
26223774,24
26223775,24
26223776,24
26223777,24
26223778,24
26223779,24
26223780,24
26223781,24
26223782,24
26223783,24
26223784,24
26223785,24
26223786,24
26223787,24
26223788,24
26223789,24
26223790,24
26223792,24
26223793,24
26223938,24
26223939,24
26223940,24
26223941,24
26223942,24
26223943,24
26223944,24
26223945,24
26223953,72
26223954,72
26223955,72
26223956,72
26223957,72
26223958,72
26223959,72
26223960,72
26223961,72
26223962,72
26223963,72
26223964,72
26223965,72
26223966,72
26223967,72
26223968,72
26223969,72
26223970,72
26223971,72
26223972,72
26223973,72
26223974,72
26223975,72
26223976,72
26223977,72
26223978,72
26223979,72
26223980,72
26223981,72
26223982,72
26223983,72
26223984,72
26223985,72
26223986,72
26223987,72
26223988,72
26223989,72
26223990,72
26223991,72
26223992,72
26223993,72
26223994,72
26223995,72
26223996,72
26223997,72
26223998,72
26223999,72
26224000,72
26224001,72
26224002,72
26224003,72
26224004,72
26224005,72
26224006,72
26224007,72
26224008,72
26224009,72
26224010,72
26224011,72
26224012,72
26224013,72
26224014,72
26224015,72
26224016,72
26224017,72
26224018,72
26224019,72
26224020,72
26224021,72
26224022,72
26224023,72
26224024,72
26224025,72
26224026,72
26224027,72
26224028,72
26224029,74
26224030,72
26224031,72
26224032,72
26224033,74
26224034,74
26224035,74
26224036,74
26224037,74
26224038,74
26224039,74
26224040,74
26224041,74
26224042,74
26224043,74
26224044,74
26224045,74
26224046,74
26224047,74
26224048,74
26224049,74
26224050,74
26224051,74
26224052,74
26224053,74
26224054,74
26224055,74
26224056,74
26224057,74
26224058,74
26224059,74
26224060,74
26224061,74
26224062,74
26224063,74
26224064,74
26224065,74
26224066,74
26224067,74
26224068,74
26224069,74
26224070,74
26224071,74
26224072,74
26224073,74
26224074,74
26224075,74
26224076,74
26224077,74
26224078,74
26224079,74
26224080,74
26224081,74
26224082,74
26224083,74
26224084,74
26224085,74
26224086,74
26224087,74
26224088,74
26224089,74
26224090,74
26224091,74
26224092,74
26224093,74
26224094,74
26224095,74
26224096,74
26224097,74
26224098,74
26224099,74
26224100,74
26224101,74
26224102,74
26224103,74
26224104,74
26224105,74
26224106,74
26224107,74
26224108,74
26224109,74
26224110,74
26224111,74
26224112,74
26224113,74
26224114,74
26224115,74
26224116,74
26224117,74
26224118,74
26224119,74
26224120,74
26224121,74
26224122,74
26224123,74
26224124,74
26224125,74
26224126,74
26224127,74
26224128,74
26224129,74
26224130,74
26224131,74
26224132,74
26224133,74
26224134,74
26224135,74
26224136,74
26224137,74
26224138,74
26224139,74
26224140,74
26224141,74
26224142,74
26224143,74
26224144,704
26224145,74
26224146,704
26224147,74
26224148,704
26224150,704
26224151,704
26224152,704
26224153,704
26224154,704
26224155,704
26224156,704
26224157,704
26224158,704
26224159,704
26224160,704
26224161,704
26224162,704
26224163,704
26224164,704
26224165,704
26224166,704
26224167,704
26224168,704
26224169,704
26224170,704
26224171,704
26224172,704
26224173,704
26224174,704
26224175,704
26224176,704
26224177,704
26224178,704
26224179,704
26224180,704
26224181,704
26224182,704
26224183,704
26224184,704
26224185,704
26224186,704
26224187,704
26224188,704
26224189,704
26224190,704
26224191,704
26224192,704
26224193,704
26224194,704
26224195,704
26224196,704
26224197,704
26224198,704
26224199,704
26224200,704
26224201,704
26224202,704
26224203,704
26224204,704
26224205,704
26224206,704
26224207,704
26224208,770
26224209,704
26224210,770
26224211,770
26224212,770
26224213,770
26224214,770
26224215,770
26224216,770
26224217,770
26224218,770
26224219,770
26224220,770
26224221,770
26224222,770
26224223,770
26224224,770
26224225,770
26224226,770
26224227,770
26224228,770
26224229,770
26224230,770
26224231,770
26224232,770
26224233,770
26224234,770
26224235,770
26224236,770
26224237,770
26224238,770
26224239,770
26224240,770
26224241,770
26224242,770
26224243,770
26224244,770
26224245,770
26224246,712
26224247,770
26224248,712
26224249,770
26224250,712
26224251,712
26224252,712
26224253,712
26224254,712
26224255,712
26224256,712
26224257,712
26224258,712
26224259,712
26224260,712
26224261,712
26224262,712
26224263,712
26224264,712
26224265,712
26224266,712
26224267,712
26224268,712
26224269,712
26224270,712
26224271,712
26224272,712
26224273,712
26224274,712
26224275,712
26224276,712
26224277,712
26224278,712
26224279,712
26224280,712
26224281,712
26224282,712
26224283,712
26224284,712
26224285,712
26224286,712
26224287,712
26224288,712
26224289,712
26224290,712
26224291,712
26224292,712
26224293,712
26224294,712
26224295,712
26224296,712
26224297,712
26224298,712
26224299,712
26224300,712
26224301,712
26224302,712
26224303,712
26224304,712
26224305,712
26224306,712
26224307,712
26224308,712
26224309,712
26224310,712
26224311,712
26224312,712
26224313,712
26224314,712
26224315,712
26224316,712
26224317,712
26224318,712
26224319,712
26224320,712
26224321,712
26224322,712
26224323,712
26224324,712
26224325,712
26224326,712
26224327,712
26224328,712
26224329,712
26224330,712
26224331,712
26224332,712
26224333,712
26224334,712
26224335,712
26224336,712
26224337,712
26224338,712
26224339,712
26224340,712
26224341,712
26224342,712
26224343,712
26224344,712
26224345,703
26224346,712
26224347,703
26224348,712
26224349,712
26224350,770
26224351,703
26224352,703
26224353,703
26224354,703
26224355,703
26224356,703
26224357,703
26224358,703
26224359,703
26224360,703
26224361,703
26224362,703
26224363,703
26224364,703
26224365,703
26224366,703
26224367,703
26224368,703
26224369,703
26224370,703
26224371,703
26224372,703
26224373,703
26224374,703
26224375,703
26224376,703
26224377,703
26224378,703
26224379,703
26224380,703
26224381,703
26224382,703
26224383,703
26224384,703
26224385,703
26224386,703
26224387,703
26224388,703
26224389,703
26224390,703
26224391,703
26224392,703
26224393,703
26224394,703
26224395,703
26224396,703
26224397,703
26224398,703
26224399,703
26224400,703
26224401,703
26224402,703
26224403,703
26224404,703
26224405,703
26224406,703
26224407,703
26224408,703
26224409,703
26224410,703
26224411,703
26224412,703
26224413,703
26224414,703
26224415,703
26224416,703
26224417,703
26224418,703
26224419,703
26224420,703
26224421,703
26224422,703
26224423,703
26224424,703
26224425,703
26224426,703
26224427,703
26224428,703
26224429,703
26224430,703
26224431,703
26224432,703
26224433,703
26224434,703
26224435,703
26224436,703
26224437,703
26224438,703
26224439,703
26224440,703
26224441,703
26224442,703
26224443,703
26224444,703
26224445,74
26224446,703
26224447,72
26224448,703
26224449,703
26224450,74
26224451,74
26224452,72
26224453,712
26224454,72
26224460,72
26224461,171
26224462,171
26224463,171
26224464,72
26224465,72
26224466,171
26224467,171
26224468,171
26224469,171
26224470,171
26224471,171
26224472,171
26224473,171
26224474,171
26224475,171
26224476,171
26224477,171
26224478,171
26224479,171
26224480,171
26224481,171
26224482,186
26224483,171
26224484,186
26224485,171
26224486,186
26224487,186
26224488,186
26224489,186
26224490,186
26224491,186
26224492,186
26224493,186
26224494,186
26224495,186
26224496,186
26224497,186
26224498,186
26224499,186
26224500,186
26224501,186
26224502,186
26224503,186
26224504,186
26224505,186
26224506,186
26224507,186
26224508,186
26224509,186
26224510,186
26224511,186
26224512,186
26224513,186
26224514,186
26224515,186
26224516,186
26224517,186
26224518,186
26224519,186
26224520,178
26224521,186
26224522,186
26224523,186
26224524,186
26224525,186
26224526,182
26224527,182
26224528,182
26224529,178
26224530,178
26224531,178
26224532,182
26224533,182
26224534,178
26224535,178
26224536,182
26224537,182
26224538,182
26224539,178
26224540,182
26224541,178
26224542,182
26224543,178
26224544,182
26224545,178
26224546,182
26224547,182
26224548,178
26224549,182
26224550,178
26224551,178
26224552,178
26224553,182
26224554,178
26224555,178
26224556,182
26224557,182
26224558,182
26224559,178
26224560,182
26224561,178
26224562,182
26224563,178
26224564,182
26224565,182
26224566,178
26224567,182
26224568,178
26224569,178
26224570,178
26224571,178
26224572,182
26224573,182
26224574,182
26224575,178
26224576,182
26224577,178
26224578,182
26224579,186
26224580,182
26224581,186
26224582,182
26224583,171
26224584,178
26224585,175
26224586,186
26224587,178
26224588,186
26224589,178
26224590,186
26224591,182
26224592,186
26224593,171
26224594,178
26224595,175
26224596,182
26224597,175
26224598,171
26224599,178
26224600,178
26224601,186
26224602,182
26224603,186
26224604,182
26224605,182
26224606,186
26224607,178
26224608,175
26224609,186
26224610,186
26224611,171
26224612,186
26224613,182
26224614,175
26224615,186
26224616,175
26224617,178
26224618,178
26224619,171
26224620,178
26224621,178
26224622,182
26224623,186
26224624,182
26224625,175
26224626,178
26224627,171
26224628,186
26224629,186
26224630,175
26224631,182
26224632,186
26224633,171
26224634,175
26224635,178
26224636,175
26224637,186
26224638,171
26224639,182
26224640,178
26224641,175
26224642,186
26224643,186
26224644,171
26224645,182
26224646,175
26224647,178
26224648,186
26224649,178
26224650,175
26224651,171
26224652,182
26224653,186
26224654,186
26224655,178
26224656,182
26224657,186
26224658,171
26224659,175
26224660,186
26224661,178
26224662,186
26224663,186
26224664,182
26224665,171
26224666,175
26224667,182
26224668,178
26224669,186
26224670,186
26224671,175
26224672,178
26224673,186
26224674,182
26224675,171
26224676,186
26224677,178
26224678,175
26224679,182
26224680,186
26224681,186
26224682,171
26224683,178
26224684,186
26224685,186
26224686,175
26224687,182
26224688,186
26224689,171
26224690,178
26224691,186
26224692,178
26224693,182
26224694,175
26224695,186
26224696,186
26224697,171
26224698,175
26224699,182
26224700,178
26224701,186
26224702,175
26224703,186
26224704,182
26224705,178
26224706,171
26224707,186
26224708,175
26224709,182
26224710,171
26224711,186
26224712,171
26224713,182
26224714,175
26224715,178
26224716,186
26224717,178
26224718,175
26224719,175
26224720,171
26224721,182
26224722,186
26224723,171
26224724,178
26224725,175
26224726,175
26224727,175
26224728,175
26224729,175
26224730,175
26224731,175
26224732,175
26224733,175
26224734,175
26224735,175
26224736,175
26224737,175
26224738,175
26224739,175
26224740,175
26224741,175
26224742,175
26224743,175
26224744,175
26224745,175
26224746,175
26224747,175
26224748,175
26224749,175
26224750,175
26224753,712
26224754,712
26225118,126
26225119,126
26225121,126
26225122,126
26225123,126
26225124,59
26225125,59
26225126,59
26225127,59
26225128,59
26225129,59
26225130,59
26225131,59
26225132,59
26225133,59
26225134,59
26225135,59
26225136,59
26225137,59
26225138,59
26225139,59
26225140,59
26225141,59
26225142,59
26225143,59
26225144,59
26225145,59
26225146,59
26225147,59
26225148,59
26225149,59
26225150,59
26225151,59
26225152,59
26225153,59
26225154,59
26225155,59
26225156,59
26225157,59
26225158,59
26225159,59
26225160,59
26225161,59
26225162,59
26225163,59
26225164,59
26225165,59
26225166,59
26225167,59
26225168,59
26225169,59
26225170,59
26225171,59
26225172,59
26225173,59
26225174,59
26225175,59
26225176,59
26225177,59
26225178,59
26225179,59
26225180,59
26225181,59
26225182,56
26225183,59
26225184,56
26225185,56
26225186,56
26225187,56
26225188,56
26225189,56
26225190,56
26225191,56
26225192,56
26225193,56
26225194,56
26225195,56
26225196,57
26225197,56
26225198,57
26225199,57
26225200,57
26225201,57
26225202,57
26225203,57
26225204,57
26225205,57
26225206,57
26225207,57
26225208,57
26225209,57
26225210,114
26225211,114
26225212,114
26225213,114
26225214,114
26225215,114
26225216,114
26225217,114
26225218,114
26225219,114
26225220,114
26225221,114
26225222,114
26225223,112
26225224,112
26225225,114
26225226,114
26225227,114
26225228,114
26225229,114
26225230,114
26225231,114
26225232,114
26225233,114
26225234,114
26225235,114
26225236,114
26225237,114
26225238,114
26225239,114
26225240,114
26225241,114
26225242,114
26225243,114
26225244,114
26225245,114
26225246,114
26225247,113
26225248,113
26225249,113
26225250,113
26225251,113
26225252,113
26225253,111
26225254,113
26225255,111
26225256,111
26225257,111
26225258,111
26225259,111
26225260,111
26225261,111
26225262,111
26225263,116
26225264,111
26225265,116
26225266,116
26225267,116
26225268,116
26225269,116
26225270,116
26225271,116
26225272,116
26225273,116
26225274,116
26225275,116
26225276,116
26225277,116
26225278,116
26225279,116
26225280,116
26225281,116
26225282,116
26225283,116
26225284,116
26225285,126
26225286,116
26225287,116
26225288,116
26225289,126
26225290,126
26225291,113
26225292,113
26225293,126
26225294,113
26225295,112
26225296,113
26225297,113
26225298,114
26225299,113
26225300,114
26225301,114
26225302,114
26225303,112
26225304,114
26225305,114
26225306,114
26225307,116
26225308,115
26225309,116
26225310,112
26225311,116
26225312,115
26225313,113
26225314,113
26225315,115
26225316,114
26225317,115
26225318,116
26225319,112
26225320,113
26225321,113
26225322,116
26225323,112
26225324,115
26225325,111
26225326,111
26225327,113
26225328,114
26225329,116
26225330,113
26225331,111
26225332,111
26225333,112
26225334,111
26225335,114
26225336,116
26225337,113
26225338,111
26225339,115
26225340,112
26225341,115
26225342,114
26225343,112
26225344,113
26225345,111
26225346,114
26225347,116
26225348,112
26225349,114
26225350,113
26225351,115
26225352,111
26225353,116
26225354,113
26225355,113
26225356,112
26225357,114
26225358,113
26225359,114
26225360,114
26225361,116
26225362,112
26225363,114
26225364,112
26225365,114
26225366,115
26225367,113
26225368,116
26225369,111
26225370,116
26225371,116
26225372,114
26225373,115
26225374,113
26225375,114
26225376,113
26225377,114
26225378,114
26225379,113
26225380,116
26225381,112
26225382,116
26225383,113
26225384,112
26225385,116
26225386,113
26225387,113
26225388,114
26225389,117
26225390,115
26225391,113
26225392,116
26225393,114
26225394,113
26225395,112
26225396,113
26225397,113
26225398,115
26225399,116
26225400,114
26225401,114
26225402,116
26225403,113
26225404,114
26225405,113
26225406,114
26225407,113
26225408,113
26225409,113
26225410,115
26225411,112
26225412,117
26225413,113
26225414,116
26225415,113
26225416,112
26225417,113
26225418,114
26225419,113
26225420,115
26225421,113
26225422,114
26225423,112
26225424,114
26225425,116
26225426,113
26225427,114
26225428,116
26225429,114
26225430,113
26225431,112
26225432,116
26225433,114
26225434,113
26225435,115
26225436,114
26225437,113
26225438,116
26225439,114
26225440,112
26225441,113
26225442,114
26225443,113
26225444,116
26225445,115
26225446,112
26225447,114
26225448,114
26225449,116
26225450,112
26225451,115
26225452,113
26225453,116
26225454,114
26225455,114
26225456,114
26225457,115
26225458,115
26225459,114
26225460,114
26225461,115
26225462,115
26225463,115
26225464,115
26225465,115
26225466,115
26225467,115
26225468,115
26225469,115
26225470,115
26225471,115
26225472,115
26225473,117
26225474,115
26225475,115
26225476,115
26225477,115
26225478,114
26225479,112
26225480,112
26225481,117
26225482,117
26225483,112
26225484,112
26225485,112
26225486,112
26225487,112
26225488,112
26225489,112
26225490,112
26225491,112
26225492,112
26225493,112
26225494,112
26225495,112
26225496,112
26225497,112
26225498,112
26225499,112
26225500,113
26225501,116
26225502,114
26225503,114
26225504,117
26225505,112
26225506,112
26225507,112
26225508,113
26225509,112
26225510,113
26225511,113
26225512,113
26225513,113
26225514,113
26225515,113
26225516,113
26225517,113
26225518,113
26225519,113
26225520,113
26225521,113
26225522,113
26225523,113
26225524,113
26225525,113
26225526,113
26225527,111
26225528,111
26225529,113
26225530,113
26225531,113
26225532,111
26225533,111
26225534,111
26225535,111
26225536,126
26225537,56
26225538,113
26225540,56
26225541,56
26225542,56
26225543,56
26225544,56
26225545,56
26225546,57
26225547,56
26225548,57
26225549,57
26225550,57
26225551,57
26225552,57
26225553,57
26225554,57
26225555,57
26225556,57
26225557,57
26225558,57
26225559,57
26225560,114
26225561,116
26225562,113
26225563,111
26225565,115
26225567,113
26225568,113
26225569,111
26225570,113
26225571,111
26225572,115
26225574,111
26225575,111
26225576,116
26225577,116
26225578,114
26225579,116
26225580,112
26225581,59
26225582,59
26225583,114
26225584,114
26225585,114
26225586,113
26225587,114
26225588,114
26225589,114
26225590,114
26225591,111
26225592,111
26225593,111
26225594,111
26225595,66
26225596,66
26225597,48
26225598,48
26225599,66
26225600,66
26225601,66
26225602,66
26225603,66
26225604,66
26225605,66
26225606,66
26225607,66
26225608,66
26225609,62
26225610,62
26225611,62
26225612,62
26225613,62
26225614,62
26225615,62
26225616,62
26225617,62
26225618,62
26225619,62
26225620,62
26225621,62
26225622,62
26225623,62
26225624,62
26225625,62
26225626,62
26225627,62
26225628,62
26225629,62
26225630,62
26225631,62
26225632,62
26225633,62
26225634,62
26225635,62
26225636,62
26225637,62
26225638,62
26225639,62
26225640,62
26225641,62
26225642,62
26225643,62
26225644,62
26225645,62
26225646,62
26225647,62
26225648,62
26225649,62
26225650,62
26225651,62
26225652,62
26225653,62
26225654,62
26225655,62
26225656,62
26225657,62
26225658,62
26225659,62
26225660,62
26225661,62
26225662,62
26225663,62
26225664,62
26225665,62
26225666,62
26225667,62
26225668,62
26225669,62
26225670,62
26225671,62
26225672,62
26225673,62
26225674,62
26225675,62
26225676,62
26225677,62
26225678,62
26225679,62
26225680,62
26225681,62
26225682,48
26225683,48
26225684,48
26225685,48
26225686,48
26225687,48
26225688,48
26225689,48
26225690,48
26225691,48
26225692,48
26225693,48
26225694,48
26225695,48
26225696,48
26225697,48
26225698,48
26225699,48
26225700,48
26225701,48
26225702,48
26225703,48
26225704,48
26225705,48
26225706,48
26225707,48
26225708,48
26225709,48
26225710,48
26225711,48
26225712,65
26225713,48
26225714,62
26225715,48
26225716,48
26225717,48
26225718,62
26225719,48
26225720,48
26225721,62
26225722,62
26225723,62
26225724,62
26225725,62
26225726,62
26225727,65
26225728,62
26225729,66
26225730,62
26225731,65
26225732,66
26225733,62
26225734,65
26225735,62
26225736,62
26225737,66
26225738,62
26225739,62
26225740,62
26225741,66
26225742,62
26225743,65
26225744,66
26225745,62
26225746,66
26225747,62
26225748,62
26225749,66
26225750,66
26225751,66
26225752,62
26225753,66
26225754,62
26225755,62
26225756,62
26225757,66
26225758,62
26225759,62
26225760,62
26225761,62
26225762,66
26225763,62
26225764,62
26225765,62
26225766,62
26225767,62
26225768,66
26225769,62
26225770,66
26225771,62
26225772,66
26225773,66
26225774,62
26225775,62
26225776,66
26225777,62
26225778,62
26225779,65
26225780,62
26225781,62
26225782,66
26225783,62
26225784,62
26225785,65
26225786,62
26225787,62
26225788,66
26225789,66
26225790,62
26225791,62
26225792,65
26225793,62
26225794,66
26225795,66
26225796,62
26225797,66
26225798,66
26225799,62
26225800,62
26225801,62
26225802,62
26225803,62
26225804,66
26225805,66
26225806,62
26225807,66
26225808,62
26225809,62
26225810,66
26225811,66
26225812,62
26225813,62
26225814,62
26225815,66
26225816,62
26225817,66
26225818,62
26225819,62
26225820,66
26225821,66
26225822,62
26225823,62
26225824,62
26225825,62
26225826,62
26225827,62
26225828,62
26225829,62
26225830,62
26225831,65
26225832,65
26225833,65
26225834,48
26225835,48
26225836,65
26225837,65
26225838,48
26225839,65
26225840,48
26225841,48
26225842,48
26225843,48
26225844,48
26225845,48
26225846,48
26225847,48
26225848,48
26225849,48
26225850,48
26225851,48
26225852,66
26225853,48
26225854,48
26225855,66
26225856,66
26225857,66
26225858,66
26225859,66
26225860,66
26225861,66
26225862,66
26225863,66
26225864,66
26225865,66
26225866,66
26225867,66
26225868,66
26225869,66
26225870,66
26225871,66
26225872,66
26225873,66
26225874,48
26225875,66
26225876,66
26225877,48
26225878,48
26225879,48
26225880,48
26225881,48
26225882,48
26225883,48
26225884,48
26225885,48
26225886,48
26225887,111
26225888,48
26225889,48
26225890,48
26225891,48
26225892,48
26225893,59
26225894,66
26225895,113
26225896,59
26225897,59
26225898,59
26225899,59
26225900,59
26225901,59
26225902,59
26225903,59
26225904,59
26225905,59
26225906,59
26225907,59
26225908,59
26225909,59
26225910,59
26225911,59
26225912,59
26225913,59
26225914,59
26225915,59
26225916,59
26225917,59
26225918,59
26225919,59
26225920,59
26225921,59
26225922,126
26225923,59
26225924,59
26225925,59
26225926,59
26225927,126
26225928,112
26225929,114
26225930,66
26225931,126
26225932,113
26225933,113
26225934,113
26225935,113
26225936,113
26225937,113
26225938,113
26225939,114
26225940,113
26225941,113
26225942,114
26225943,114
26225944,114
26225945,114
26225946,114
26225947,114
26225948,114
26225949,114
26225950,114
26225951,114
26225952,114
26225953,115
26225954,115
26225955,115
26225956,116
26225957,116
26225958,116
26225959,116
26225960,116
26225961,116
26225962,116
26225963,48
26225964,116
26225965,48
26225966,111
26225967,111
26225968,111
26225969,111
26225970,111
26225971,111
26225972,111
26225973,111
26225980,111
26225981,62
26225982,62
26225983,65
26225984,65
26225985,111
26225986,111
26225987,111
26225988,113
26225989,113
26225990,114
26225991,116
26225992,114
26225993,114
26225994,114
26225995,117
26225996,126
26225997,126
26225998,116
26226001,62
26226003,62
26226004,62
26226005,126
26226007,126
26226009,114
26226010,114
26226012,126
26226014,112
26226015,113
26226016,115
26226021,114
26226024,355
26226026,113
26226028,58
26226030,113
26226031,58
26226032,58
26226033,58
26226034,58
26226035,58
26226036,58
26226037,58
26226038,58
26226039,58
26226040,58
26226041,58
26226042,58
26226043,58
26226044,58
26226045,58
26226046,58
26226047,58
26226048,58
26226049,58
26226050,58
26226051,58
26226052,58
26226053,58
26226054,58
26226055,58
26226056,58
26226057,58
26226058,58
26226059,58
26226060,58
26226061,58
26226062,58
26226063,58
26226064,58
26226065,58
26226066,58
26226067,58
26226068,58
26226069,58
26226070,58
26226071,58
26226072,58
26226073,126
26226074,58
26226075,58
26226076,126
26226077,126
26226078,115
26226079,126
26226080,126
26226081,126
26226082,112
26226083,113
26226084,113
26226085,113
26226086,114
26226087,114
26226088,116
26226089,116
26226104,126
26226106,62
26226107,62
26226108,62
26226109,62
26226110,62
26226111,62
26226113,62
26226118,114
26226119,114
26226120,115
26226121,112
26226122,112
26226123,112
26226126,113
26226127,113
26226129,114
26226130,116
26226133,115
26226134,116
26226139,117
26226140,59
26226141,59
26226142,59
26226143,59
26226144,59
26226145,59
26226146,59
26226147,59
26226148,102
26226151,102
26226152,102
26226153,102
26226154,102
26226155,102
26226156,102
26226157,102
26226158,102
26226159,102
26226160,102
26226161,102
26226162,102
26226163,109
26226164,109
26226165,109
26226166,109
26226167,109
26226168,109
26226169,109
26226170,109
26226171,109
26226172,109
26226173,109
26226174,109
26226175,109
26226176,102
26226177,102
26226178,102
26226179,109
26226180,109
26226181,109
26226182,126
26226183,109
26226186,126
26226187,126
26226188,126
26226189,126
26226190,126
26226194,62
26226197,62
26226199,126
26226200,126
26226201,126
26226203,109
26226205,62
26226584,111
26226585,111
26226588,126
26226590,126
26226598,126
26226599,126
26226601,109
26226642,102
26226643,102
26226644,109
26226655,102
26226806,109
26226810,109
26226811,109
26226863,102
26226870,113
26226875,113
26226905,115
26226906,115
26226907,115
26226908,115
26226922,24
26226923,24
26226924,24
26226925,24
26226926,24
26226927,24
26226928,24
26226929,24
26226930,24
26226931,24
26226932,24
26226933,24
26226934,24
26226935,24
26226936,24
26226937,24
26226938,24
26226939,24
26226940,24
26226941,24
26226942,24
26226943,24
26226944,24
26226945,24
26226946,24
26226947,24
26226948,24
26226949,24
26226950,24
26226951,24
26226952,24
26226953,24
26226954,24
26226955,24
26226956,24
26226957,24
26226958,24
26226959,24
26226960,24
26226961,24
26226962,24
26226963,24
26226964,24
26226965,24
26226966,24
26226967,24
26226968,24
26226969,24
26226970,24
26226971,24
26226972,24
26226973,24
26226974,24
26226975,24
26226976,24
26227008,109
26227009,126
26227023,8
26227024,8
26227025,8
26227026,8
26227027,8
26227028,8
26227029,8
26227030,8
26227031,8
26227032,8
26227033,8
26227034,8
26227035,8
26227036,8
26227037,8
26227038,8
26227039,8
26227040,8
26227041,8
26227042,9
26227043,9
26227044,9
26227045,9
26227046,9
26227047,9
26227048,9
26227049,9
26227050,9
26227051,9
26227052,8
26227053,8
26227054,8
26227055,8
26227056,8
26227057,8
26227058,8
26227059,8
26227060,8
26227061,8
26227062,8
26227063,8
26227064,8
26227065,8
26227066,8
26227067,8
26227068,8
26227069,8
26227070,8
26227071,8
26227072,8
26227073,9
26227074,9
26227075,9
26227076,9
26227077,2
26227078,9
26227079,9
26227080,9
26227081,9
26227082,9
26227083,2
26227084,9
26227085,2
26227086,2
26227087,2
26227088,2
26227089,2
26227090,2
26227091,2
26227092,2
26227093,2
26227094,2
26227095,2
26227096,2
26227097,2
26227098,2
26227099,2
26227100,2
26227101,2
26227102,2
26227103,2
26227104,2
26227105,2
26227106,2
26227107,2
26227108,2
26227109,2
26227110,2
26227111,2
26227112,2
26227113,2
26227114,2
26227115,2
26227116,2
26227117,2
26227118,2
26227119,2
26227120,2
26227121,2
26227122,2
26227123,2
26227124,2
26227125,2
26227126,2
26227127,2
26227128,10
26227129,10
26227130,10
26227131,10
26227132,10
26227133,10
26227134,10
26227135,10
26227136,10
26227137,10
26227138,10
26227139,10
26227140,10
26227141,10
26227142,10
26227143,10
26227145,10
26227164,8
26227172,14
26227173,14
26227174,14
26227175,14
26227176,14
26227177,14
26227178,14
26227179,14
26227180,14
26227181,14
26227182,14
26227183,14
26227184,14
26227185,14
26227186,14
26227187,14
26227188,14
26227189,14
26227190,14
26227191,14
26227192,14
26227193,14
26227194,14
26227195,14
26227196,14
26227197,14
26227198,14
26227199,14
26227200,14
26227201,14
26227202,14
26227203,14
26227204,14
26227205,14
26227206,14
26227207,14
26227208,14
26227209,14
26227210,14
26227211,14
26227220,9
26227221,9
26227222,9
26227223,9
26227224,9
26227225,9
26227227,9
26227228,9
26227238,119
26227239,119
26227240,119
26227241,119
26227242,119
26227243,119
26227244,119
26227245,119
26227246,119
26227247,119
26227248,119
26227249,119
26227250,119
26227251,119
26227252,119
26227253,119
26227254,119
26227255,119
26227256,119
26227257,119
26227258,119
26227259,119
26227260,119
26227261,119
26227262,119
26227263,119
26227264,119
26227265,119
26227266,119
26227267,119
26227268,119
26227269,119
26227270,119
26227271,119
26227291,9
26227292,9
26227293,9
26227294,9
26227295,9
26227296,9
26227297,9
26227298,9
26227299,9
26227300,9
26227301,9
26227302,9
26227303,9
26227304,9
26227305,9
26227306,9
26227307,9
26227308,9
26227309,9
26227310,9
26227311,2
26227312,2
26227313,2
26227314,2
26227315,2
26227316,2
26227317,2
26227318,2
26227319,2
26227320,2
26227321,2
26227322,2
26227323,2
26227324,2
26227325,2
26227326,2
26227327,2
26227328,2
26227329,2
26227330,2
26227331,2
26227332,2
26227333,2
26227334,2
26227335,2
26227336,2
26227337,10
26227338,10
26227339,10
26227340,10
26227341,10
26227342,10
26227343,10
26227344,10
26227345,10
26227346,10
26227347,10
26227348,10
26227349,10
26227350,10
26227351,10
26227352,10
26227354,10
26227355,10
26227356,10
26227368,8
26227369,8
26227370,8
26227371,8
26227372,8
26227373,8
26227374,8
26227375,8
26227376,8
26227377,8
26227378,8
26227379,8
26227380,8
26227381,8
26227382,8
26227383,8
26227384,8
26227385,8
26227386,8
26227387,8
26227388,8
26227389,8
26227390,8
26227391,8
26227392,8
26227393,8
26227394,8
26227395,8
26227396,8
26227397,8
26227398,8
26227399,8
26227400,8
26227401,8
26227402,8
26227403,8
26227404,8
26227405,8
26227406,8
26227407,8
26227408,8
26227417,14
26227418,14
26227419,14
26227420,14
26227421,14
26227422,14
26227423,14
26227424,14
26227425,14
26227426,14
26227427,14
26227428,14
26227429,14
26227430,14
26227431,14
26227432,14
26227433,14
26227434,14
26227435,14
26227436,14
26227437,14
26227438,14
26227439,14
26227440,14
26227441,14
26227442,14
26227443,14
26227444,14
26227445,14
26227446,14
26227447,14
26227448,14
26227449,14
26227450,14
26227451,14
26227452,14
26227453,14
26227454,14
26227455,14
26227456,14
26227465,9
26227466,9
26227467,9
26227468,9
26227469,9
26227470,9
26227479,119
26227480,119
26227481,119
26227482,119
26227483,119
26227484,119
26227485,119
26227486,119
26227487,119
26227488,119
26227489,119
26227490,119
26227491,119
26227492,119
26227493,119
26227494,119
26227495,119
26227496,119
26227497,119
26227498,119
26227499,119
26227500,119
26227501,119
26227502,119
26227503,119
26227504,119
26227505,119
26227506,119
26227507,119
26227508,119
26227509,119
26227510,119
26227511,119
26227512,119
26227513,119
26227514,119
26227515,119
26227516,119
26227517,119
26227518,119
26227519,119
26227520,119
26227521,119
26227522,119
26227523,119
26227524,119
26227525,119
26227526,119
26227531,119
26227558,9
26227559,9
26227560,9
26227561,9
26227562,9
26227563,9
26227564,9
26227565,9
26227566,9
26227567,9
26227568,9
26227569,9
26227570,9
26227571,9
26227572,9
26227573,9
26227574,9
26227575,9
26227576,9
26227577,9
26227578,9
26227579,9
26227580,9
26227581,9
26227582,9
26227583,9
26227584,9
26227585,2
26227586,2
26227587,2
26227588,2
26227589,2
26227590,2
26227591,2
26227592,2
26227593,2
26227594,2
26227595,2
26227596,2
26227597,2
26227598,2
26227599,2
26227600,2
26227601,2
26227602,2
26227603,2
26227604,2
26227605,2
26227606,2
26227607,2
26227608,2
26227609,2
26227610,2
26227611,2
26227612,2
26227613,2
26227614,2
26227615,2
26227616,2
26227617,2
26227618,2
26227619,2
26227620,2
26227621,2
26227622,2
26227623,2
26227624,2
26227625,2
26227626,2
26227627,2
26227628,2
26227629,2
26227630,2
26227631,2
26227632,2
26227633,2
26227634,2
26227635,2
26227636,2
26227637,2
26227638,2
26227639,2
26227640,2
26227641,2
26227642,2
26227643,2
26227644,2
26227645,2
26227646,2
26227647,2
26227648,2
26227649,2
26227650,2
26227651,2
26227652,2
26227653,2
26227654,2
26227655,2
26227656,2
26227657,2
26227658,2
26227659,2
26227660,2
26227661,2
26227662,2
26227663,2
26227664,2
26227665,2
26227666,2
26227667,2
26227668,2
26227669,2
26227670,2
26227671,2
26227672,2
26227673,2
26227674,2
26227680,10
26227681,10
26227682,10
26227683,10
26227684,10
26227685,10
26227686,10
26227687,10
26227688,10
26227689,10
26227690,10
26227691,10
26227692,10
26227693,10
26227694,10
26227695,10
26227696,10
26227697,10
26227698,10
26227699,10
26227700,10
26227701,10
26227702,10
26227703,10
26227705,10
26227706,10
26227708,119
26227710,119
26227711,119
26227712,119
26227713,119
26227714,119
26227715,119
26227716,119
26227717,119
26227718,119
26227719,119
26227720,119
26227721,119
26227722,119
26227724,119
26227725,119
26227726,119
26227727,119
26227728,119
26227729,119
26227730,119
26227731,119
26227732,119
26227733,119
26227734,119
26227738,10
26227739,10
26227740,10
26227741,10
26227742,119
26227743,10
26227746,10
26227749,119
26227750,119
26227752,119
26227753,119
26227754,119
26227756,119
26227757,10
26227758,10
26227759,10
26227760,10
26227761,10
26227762,10
26227763,10
26227764,10
26227765,10
26227766,10
26227767,10
26227768,10
26227770,119
26227771,119
26227772,10
26227773,119
26227774,10
26227775,10
26227776,10
26227777,10
26227778,10
26227779,10
26227780,10
26227781,10
26227783,8
26227784,8
26227785,8
26227786,8
26227787,8
26227788,8
26227789,8
26227790,8
26227791,8
26227792,8
26227793,8
26227794,8
26227795,8
26227796,8
26227797,8
26227798,8
26227799,8
26227800,8
26227801,8
26227802,8
26227803,8
26227804,8
26227805,8
26227806,8
26227807,8
26227808,8
26227809,8
26227810,8
26227811,8
26227812,8
26227813,8
26227814,8
26227815,8
26227816,8
26227817,8
26227818,8
26227819,8
26227820,8
26227821,8
26227822,8
26227823,8
26227824,8
26227825,8
26227826,8
26227827,8
26227828,8
26227829,8
26227830,8
26227831,8
26227832,8
26227833,8
26227834,8
26227835,8
26227836,8
26227837,8
26227838,8
26227839,8
26227840,8
26227841,8
26227842,8
26227843,8
26227844,8
26227845,8
26227846,8
26227847,8
26227848,8
26227849,8
26227850,8
26227851,8
26227852,8
26227853,8
26227854,8
26227855,8
26227856,8
26227857,119
26227858,10
26227860,10
26227861,119
26227862,119
26227863,14
26227864,14
26227865,14
26227866,14
26227867,14
26227868,14
26227869,14
26227870,14
26227871,14
26227872,14
26227873,14
26227874,14
26227875,14
26227876,14
26227877,14
26227878,14
26227879,14
26227880,14
26227881,14
26227882,14
26227883,14
26227884,14
26227885,14
26227886,14
26227887,14
26227888,14
26227889,14
26227890,14
26227891,14
26227892,14
26227893,14
26227894,14
26227895,14
26227896,14
26227897,14
26227898,14
26227899,14
26227900,14
26227901,14
26227902,14
26227903,986
26227904,986
26227905,986
26227906,986
26227907,986
26227908,986
26227909,986
26227910,986
26227911,986
26227912,986
26227913,986
26227914,986
26227915,986
26227916,986
26227917,986
26227918,986
26227919,986
26227920,986
26227921,986
26227922,986
26227923,986
26227924,986
26227926,986
26227927,986
26227928,10
26227930,119
26227931,119
26227932,119
26227933,119
26227934,119
26227935,119
26227936,119
26227937,119
26227941,119
26227943,119
26227944,119
26227945,119
26227946,119
26227947,119
26227948,119
26227949,119
26227950,119
26227951,119
26227952,119
26227956,10
26227957,119
26227958,119
26227959,119
26227960,119
26227961,119
26227962,119
26227963,119
26227964,119
26227965,119
26227967,119
26227970,119
26227971,126
26227973,126
26227974,9
26227975,9
26227976,9
26227977,9
26227978,119
26227979,119
26227981,119
26227982,119
26227983,119
26227984,119
26227985,119
26227986,119
26227987,119
26227988,119
26227996,119
26227997,119
26227999,119
26228000,119
26228004,126
26228005,126
26228006,126
26228007,126
26228011,126
26228167,119
26228171,126
26228178,72
26228179,72
26228180,72
26228181,72
26228182,72
26228183,72
26228184,72
26228185,72
26228186,72
26228187,72
26228188,72
26228189,72
26228190,72
26228191,72
26228192,72
26228193,72
26228194,72
26228195,72
26228196,72
26228197,72
26228198,72
26228199,72
26228200,72
26228201,72
26228202,72
26228203,72
26228204,72
26228205,72
26228206,72
26228207,72
26228208,72
26228209,72
26228210,72
26228211,72
26228212,74
26228213,74
26228214,74
26228215,74
26228216,74
26228217,74
26228218,74
26228219,74
26228220,74
26228221,74
26228222,74
26228223,74
26228224,74
26228225,74
26228226,74
26228227,74
26228228,74
26228229,74
26228230,74
26228231,74
26228232,74
26228233,74
26228234,74
26228235,74
26228236,74
26228237,74
26228238,74
26228239,74
26228240,74
26228241,74
26228242,74
26228243,74
26228244,74
26228245,74
26228246,74
26228247,74
26228248,74
26228249,74
26228250,74
26228251,74
26228252,74
26228253,74
26228254,74
26228255,74
26228256,74
26228257,74
26228258,74
26228259,74
26228260,74
26228261,74
26228262,74
26228263,74
26228264,74
26228265,74
26228266,74
26228267,74
26228268,74
26228269,74
26228270,74
26228271,703
26228272,74
26228273,703
26228274,74
26228275,74
26228276,74
26228277,703
26228278,770
26228279,770
26228280,770
26228281,770
26228282,770
26228283,770
26228284,770
26228285,770
26228286,770
26228287,770
26228288,770
26228289,770
26228290,770
26228291,770
26228292,770
26228293,770
26228294,770
26228295,770
26228296,770
26228297,770
26228298,770
26228299,770
26228300,770
26228301,770
26228302,770
26228303,770
26228304,770
26228305,770
26228306,770
26228307,74
26228308,74
26228309,770
26228310,770
26228311,770
26228312,770
26228313,770
26228314,74
26228315,74
26228316,74
26228317,74
26228318,74
26228319,74
26228320,74
26228321,74
26228322,74
26228323,704
26228324,704
26228325,704
26228326,704
26228327,704
26228328,704
26228329,704
26228330,704
26228331,704
26228332,704
26228333,704
26228334,704
26228335,704
26228336,704
26228337,704
26228338,704
26228339,704
26228340,704
26228341,704
26228342,704
26228343,704
26228344,704
26228345,704
26228346,704
26228347,704
26228348,704
26228349,704
26228350,704
26228351,704
26228352,704
26228353,704
26228354,704
26228355,74
26228356,72
26228357,72
26228358,72
26228359,171
26228360,72
26228361,72
26228362,72
26228363,171
26228364,171
26228365,171
26228366,171
26228367,171
26228368,171
26228369,171
26228370,171
26228371,171
26228372,171
26228373,171
26228374,171
26228375,171
26228376,171
26228377,171
26228378,171
26228379,171
26228380,186
26228381,186
26228382,186
26228383,186
26228384,186
26228385,186
26228386,186
26228387,186
26228388,186
26228389,186
26228390,186
26228391,186
26228392,186
26228393,182
26228394,182
26228395,178
26228396,182
26228397,178
26228398,178
26228399,182
26228400,178
26228401,178
26228402,182
26228403,178
26228404,182
26228405,182
26228406,178
26228407,178
26228408,178
26228409,182
26228410,178
26228411,182
26228412,182
26228413,178
26228414,182
26228415,178
26228416,182
26228417,182
26228418,182
26228419,178
26228420,182
26228421,178
26228422,182
26228423,178
26228424,178
26228425,178
26228426,182
26228427,186
26228428,171
26228429,178
26228430,182
26228431,186
26228432,171
26228433,171
26228434,175
26228435,182
26228436,186
26228437,186
26228438,178
26228439,175
26228440,182
26228441,171
26228442,171
26228443,178
26228444,175
26228445,182
26228446,186
26228447,171
26228448,178
26228449,175
26228450,182
26228451,186
26228452,178
26228453,186
26228454,182
26228455,171
26228456,175
26228457,175
26228458,178
26228459,178
26228460,182
26228461,186
26228462,171
26228463,175
26228464,171
26228465,178
26228466,182
26228467,186
26228468,171
26228469,175
26228470,182
26228471,186
26228472,178
26228473,175
26228474,178
26228475,182
26228476,186
26228477,171
26228478,182
26228479,175
26228480,171
26228481,186
26228482,171
26228483,178
26228484,175
26228485,178
26228486,182
26228487,186
26228488,178
26228489,171
26228490,182
26228491,175
26228492,182
26228493,175
26228494,178
26228495,171
26228496,171
26228497,175
26228498,175
26228499,175
26228500,171
26228501,175
26228502,171
26228503,175
26228504,175
26228505,175
26228506,175
26228507,175
26228508,175
26228509,175
26228510,175
26228511,175
26228512,175
26228513,175
26228514,175
26228515,175
26228516,72
26228517,175
26228518,175
26228519,175
26228520,175
26228521,72
26228522,712
26228523,72
26228524,712
26228525,712
26228526,712
26228527,712
26228528,712
26228529,712
26228530,712
26228531,712
26228532,712
26228533,712
26228534,712
26228535,712
26228536,712
26228537,712
26228538,712
26228539,712
26228540,712
26228541,712
26228542,712
26228543,712
26228544,712
26228545,712
26228546,712
26228547,712
26228548,712
26228549,712
26228550,712
26228551,712
26228552,712
26228553,712
26228554,712
26228555,712
26228556,712
26228557,712
26228558,712
26228559,712
26228560,712
26228561,712
26228562,712
26228563,712
26228564,712
26228565,712
26228566,712
26228567,712
26228568,703
26228569,703
26228570,712
26228571,703
26228572,703
26228573,703
26228574,703
26228575,703
26228576,703
26228577,703
26228578,703
26228579,703
26228580,703
26228581,703
26228582,703
26228583,703
26228584,703
26228585,703
26228586,703
26228587,703
26228588,703
26228589,703
26228590,703
26228591,703
26228592,703
26228593,703
26228594,703
26228595,703
26228596,703
26228597,703
26228598,703
26228599,703
26228600,703
26228601,703
26228602,703
26228603,703
26228604,703
26228605,703
26228606,703
26228607,703
26228608,703
26228609,703
26228610,703
26228611,703
26228612,703
26228613,703
26228614,703
26228615,703
26228616,703
26228617,703
26228618,703
26228619,703
26228620,703
26228621,703
26228622,703
26228623,703
26228624,703
26228625,703
26228626,703
26228627,703
26228628,703
26228629,703
26228630,703
26228631,703
26228632,703
26228633,703
26228634,703
26228635,703
26228636,703
26228637,703
26228638,703
26228639,74
26228640,74
26228641,74
26228642,74
26228643,74
26228644,74
26228645,74
26228646,74
26228647,74
26228797,74
26228798,74
26228799,74
26228800,74
26228801,74
26228802,74
26228803,74
26228804,74
26228805,74
26228806,74
26228807,74
26228808,74
26228809,74
26228810,74
26228811,74
26228812,74
26228813,74
26228814,74
26228815,74
26228816,74
26228817,74
26228818,74
26228819,74
26228820,74
26228821,74
26228822,74
26228823,74
26228824,74
26228825,74
26228826,74
26228827,74
26228828,74
26228829,74
26228830,74
26228831,74
26228832,74
26228833,74
26228834,74
26228835,74
26228836,74
26228837,74
26228838,72
26228839,72
26228840,72
26228841,72
26228842,72
26228843,72
26228844,72
26228845,72
26228846,72
26228847,72
26228848,72
26228849,72
26228850,72
26228851,72
26228852,72
26228853,72
26228854,72
26228855,72
26228856,704
26228857,72
26228858,704
26228859,704
26228860,704
26228861,704
26228862,704
26228863,704
26228864,704
26228865,704
26228866,704
26228867,704
26228868,704
26228869,704
26228870,704
26228871,704
26228872,704
26228873,704
26228874,704
26228875,704
26228876,704
26228877,704
26228878,770
26228879,704
26228880,770
26228881,770
26228882,770
26228883,770
26228884,770
26228885,770
26228886,770
26228887,770
26228888,770
26228889,770
26228890,770
26228891,770
26228892,770
26228893,770
26228894,770
26228895,770
26228896,770
26228897,770
26228898,770
26228899,770
26228900,770
26228901,770
26228902,770
26228903,770
26228904,770
26228905,72
26228906,770
26228907,770
26228908,72
26228909,72
26228910,72
26228911,72
26228912,72
26228913,72
26228914,72
26228915,72
26228916,72
26228917,72
26228918,72
26228919,171
26228920,72
26228921,72
26228922,72
26228923,171
26228924,72
26228925,171
26228926,72
26228927,171
26228928,171
26228929,171
26228930,171
26228931,171
26228932,171
26228933,171
26228934,171
26228935,171
26228936,171
26228937,171
26228938,171
26228939,171
26228940,171
26228941,171
26228942,171
26228943,171
26228944,171
26228945,171
26228946,171
26228947,171
26228948,171
26228949,175
26228950,171
26228951,171
26228952,171
26228953,171
26228954,178
26228955,171
26228956,178
26228957,171
26228958,178
26228959,171
26228960,178
26228961,178
26228962,178
26228963,178
26228964,178
26228965,178
26228966,178
26228967,178
26228968,178
26228969,178
26228970,178
26228971,178
26228972,178
26228973,182
26228974,182
26228975,182
26228976,182
26228977,182
26228978,182
26228979,182
26228980,182
26228981,182
26228982,182
26228983,182
26228984,182
26228985,182
26228986,182
26228987,182
26228988,178
26228989,182
26228990,178
26228991,178
26228992,178
26228993,178
26228994,178
26228995,178
26228996,178
26228997,182
26228998,182
26228999,175
26229000,175
26229001,175
26229002,175
26229003,175
26229004,175
26229005,175
26229006,175
26229007,175
26229008,175
26229009,175
26229010,175
26229011,175
26229012,175
26229013,186
26229014,175
26229015,175
26229016,175
26229017,175
26229018,175
26229019,186
26229020,186
26229021,186
26229022,186
26229023,186
26229024,186
26229025,186
26229026,186
26229027,186
26229028,186
26229029,186
26229030,186
26229031,186
26229032,186
26229033,186
26229034,186
26229035,186
26229036,175
26229037,175
26229038,186
26229039,186
26229040,175
26229041,175
26229042,175
26229043,175
26229044,175
26229045,175
26229046,175
26229047,74
26229048,175
26229049,72
26229050,72
26229051,74
26229052,712
26229053,712
26229054,712
26229055,712
26229056,712
26229057,712
26229058,712
26229059,712
26229060,712
26229061,712
26229062,712
26229063,712
26229064,712
26229065,712
26229066,712
26229067,712
26229068,712
26229069,712
26229070,712
26229071,712
26229072,712
26229073,712
26229074,712
26229075,712
26229076,712
26229077,703
26229078,712
26229079,712
26229080,703
26229081,703
26229082,703
26229083,703
26229084,703
26229085,703
26229086,703
26229087,703
26229088,703
26229089,703
26229090,703
26229091,703
26229092,703
26229093,703
26229094,703
26229095,703
26229096,703
26229097,703
26229098,703
26229099,703
26229100,703
26229101,703
26229102,703
26229103,703
26229104,703
26229105,703
26229106,703
26229107,703
26229108,703
26229109,703
26229110,703
26229111,703
26229112,703
26229113,703
26229114,703
26229115,703
26229116,703
26229117,703
26229118,703
26229119,703
26229120,703
26229121,703
26229122,703
26229123,703
26229124,703
26229125,703
26229126,703
26229127,703
26229128,703
26229129,703
26229130,703
26229131,703
26229132,703
26229133,703
26229134,703
26229135,703
26229136,703
26229137,703
26229138,703
26229139,703
26229140,703
26229141,74
26229142,74
26229143,74
26229144,74
26229145,74
26229146,74
26229147,74
26229148,712
26229349,83
26229350,83
26229351,83
26229352,83
26229353,83
26229354,83
26229355,83
26229356,83
26229357,83
26229358,83
26229359,83
26229360,83
26229361,123
26229362,123
26229363,123
26229364,123
26229365,123
26229366,123
26229367,123
26229368,123
26229369,123
26229370,123
26229371,123
26229372,123
26229373,123
26229374,123
26229375,123
26229376,123
26229377,123
26229378,123
26229379,123
26229380,123
26229381,123
26229382,123
26229383,123
26229384,123
26229385,123
26229386,123
26229387,123
26229388,123
26229389,123
26229390,123
26229391,123
26229392,123
26229393,123
26229394,125
26229395,127
26229396,125
26229397,127
26229398,125
26229399,127
26229400,127
26229401,127
26229402,127
26229403,129
26229404,127
26229405,127
26229406,129
26229407,129
26229408,129
26229409,129
26229410,129
26229411,129
26229412,129
26229413,129
26229414,129
26229415,129
26229416,129
26229417,129
26229418,129
26229419,129
26229420,125
26229421,129
26229422,129
26229423,129
26229424,129
26229425,129
26229426,129
26229427,129
26229428,129
26229429,129
26229430,129
26229431,129
26229432,129
26229433,129
26229434,129
26229435,129
26229436,129
26229437,83
26229438,129
26229439,129
26229440,83
26229441,83
26229442,83
26229443,124
26229444,83
26229445,83
26229446,123
26229447,124
26229448,129
26229449,123
26229450,123
26229451,123
26229452,123
26229453,123
26229454,123
26229455,123
26229456,123
26229457,123
26229458,123
26229459,123
26229460,123
26229461,83
26229462,123
26229463,83
26229464,83
26229465,83
26229466,83
26229467,181
26229468,83
26229469,83
26229470,181
26229471,181
26229472,181
26229473,181
26229474,181
26229475,181
26229476,181
26229477,181
26229478,181
26229479,181
26229480,181
26229481,181
26229482,181
26229483,181
26229484,181
26229485,181
26229486,181
26229487,181
26229488,188
26229489,181
26229490,181
26229491,188
26229492,188
26229493,188
26229494,188
26229495,188
26229496,188
26229497,188
26229498,188
26229499,188
26229500,188
26229501,188
26229502,188
26229503,123
26229504,188
26229505,188
26229506,188
26229507,181
26229508,123
26229509,123
26229510,123
26229511,123
26229512,123
26229513,123
26229514,123
26229515,123
26229516,123
26229517,123
26229518,123
26229519,123
26229520,123
26229521,123
26229522,123
26229523,123
26229524,83
26229525,123
26229526,83
26229527,83
26229528,83
26229529,83
26229530,83
26229531,83
26229532,83
26229533,83
26229534,83
26229535,83
26229536,83
26229537,83
26229538,123
26229539,123
26229540,123
26229541,123
26229542,123
26229543,123
26229544,123
26229545,123
26229546,123
26229547,123
26229548,123
26229549,123
26229550,123
26229551,83
26229552,123
26229553,123
26229554,123
26229555,123
26229556,123
26229557,123
26229558,123
26229559,123
26229560,123
26229561,123
26229562,123
26229563,123
26229564,123
26229565,123
26229566,123
26229567,123
26229568,123
26229569,123
26229570,123
26229571,123
26229572,123
26229573,123
26229574,123
26229576,123
26229579,85
26229580,85
26229581,85
26229582,85
26229583,85
26229584,85
26229585,85
26229586,85
26229587,85
26229588,85
26229589,85
26229590,85
26229591,85
26229592,85
26229593,85
26229594,85
26229595,85
26229596,85
26229597,85
26229598,85
26229599,85
26229600,85
26229601,85
26229602,85
26229603,85
26229604,85
26229605,85
26229606,85
26229607,85
26229608,85
26229609,85
26229610,85
26229611,85
26229612,85
26229613,85
26229614,85
26229615,85
26229616,85
26229617,85
26229618,85
26229619,85
26229620,85
26229621,85
26229622,85
26229623,85
26229624,85
26229625,85
26229626,85
26229627,85
26229628,85
26229630,85
26229633,125
26229634,125
26229636,125
26229637,125
26229638,125
26229639,125
26229640,125
26229641,125
26229642,125
26229643,125
26229644,125
26229645,125
26229646,125
26229647,125
26229648,125
26229649,125
26229650,125
26229651,125
26229652,125
26229653,125
26229654,125
26229655,125
26229656,125
26229657,125
26229658,125
26229659,125
26229660,125
26229661,125
26229662,125
26229663,125
26229664,125
26229665,127
26229666,125
26229667,127
26229668,127
26229669,127
26229670,127
26229671,127
26229672,127
26229673,127
26229674,127
26229675,127
26229676,127
26229677,127
26229678,127
26229679,127
26229680,127
26229681,127
26229682,127
26229683,127
26229684,127
26229685,127
26229686,127
26229687,127
26229688,127
26229689,127
26229690,127
26229691,127
26229692,166
26229693,127
26229694,127
26229695,166
26229696,166
26229697,166
26229698,166
26229699,166
26229700,166
26229701,167
26229702,166
26229703,166
26229704,166
26229705,167
26229706,166
26229707,166
26229708,166
26229709,166
26229710,166
26229711,166
26229712,166
26229713,166
26229714,166
26229715,167
26229716,166
26229717,166
26229718,166
26229719,166
26229720,166
26229721,166
26229722,166
26229723,166
26229724,166
26229725,166
26229726,166
26229727,166
26229728,166
26229729,166
26229730,166
26229731,166
26229732,166
26229733,166
26229734,166
26229736,166
26229737,166
26229738,166
26229740,319
26229741,85
26229742,85
26229743,319
26229744,319
26229745,319
26229746,319
26229747,319
26229748,319
26229749,319
26229750,319
26229751,319
26229752,319
26229753,126
26229754,319
26229755,319
26229756,126
26229757,126
26229758,126
26229759,126
26229760,126
26229761,126
26229762,126
26229763,126
26229764,126
26229765,126
26229766,126
26229767,126
26229768,126
26229769,126
26229770,126
26229771,126
26229772,126
26229773,126
26229774,126
26229775,126
26229776,126
26229777,126
26229778,126
26229779,126
26229780,126
26229781,126
26229782,126
26229783,126
26229784,126
26229785,126
26229786,126
26229787,126
26229788,126
26229789,126
26229790,126
26229791,126
26229792,126
26229793,126
26229794,126
26229795,126
26229796,126
26229797,126
26229798,126
26229799,126
26229800,126
26229801,126
26229802,126
26229808,10
26229810,10
26229811,10
26229812,10
26229813,10
26229814,10
26229815,10
26229816,10
26229817,10
26229818,10
26229819,10
26229820,10
26229821,10
26229822,10
26229823,10
26229824,10
26229825,10
26229826,10
26229827,10
26229828,10
26229829,10
26229830,10
26229831,10
26229832,10
26229833,10
26229834,10
26229835,10
26229836,10
26229837,10
26229838,10
26229839,86
26229840,86
26229841,86
26229842,86
26229843,86
26229844,86
26229845,86
26229846,86
26229847,86
26229848,22
26229849,89
26229850,86
26229851,86
26229852,22
26229853,22
26229854,89
26229855,89
26229856,22
26229857,22
26229858,89
26229859,22
26229860,22
26229861,22
26229862,89
26229863,89
26229864,89
26229865,22
26229866,22
26229867,89
26229868,22
26229869,22
26229870,22
26229871,22
26229872,89
26229873,22
26229874,22
26229875,22
26229876,22
26229877,89
26229878,89
26229879,89
26229880,22
26229881,89
26229882,22
26229883,89
26229884,89
26229885,89
26229886,22
26229887,86
26229888,86
26229889,22
26229890,86
26229891,86
26229892,86
26229893,86
26229894,86
26229895,86
26229896,86
26229897,86
26229898,22
26229899,86
26229900,22
26229901,89
26229902,89
26229903,22
26229904,22
26229905,22
26229906,89
26229907,22
26229908,89
26229909,89
26229910,89
26229911,22
26229912,89
26229913,22
26229914,22
26229915,22
26229916,22
26229917,22
26229918,89
26229919,22
26229920,22
26229921,89
26229922,89
26229923,89
26229924,89
26229925,22
26229926,22
26229927,22
26229928,22
26229929,89
26229930,22
26229931,89
26229932,22
26229933,89
26229934,89
26229935,123
26229936,123
26229937,123
26229938,123
26229939,123
26229940,123
26229941,123
26229942,123
26229949,125
26229951,125
26229952,125
26229953,125
26229954,125
26229955,125
26229962,85
26229963,85
26229964,85
26229965,85
26229966,85
26229967,85
26229968,85
26229969,85
26229970,85
26229971,85
26229972,85
26229973,85
26229975,85
26230073,84
26230076,88
26230077,84
26230078,84
26230079,319
26230081,88
26230082,84
26230083,84
26230084,84
26230085,84
26230086,88
26230087,84
26230088,88
26230089,84
26230090,88
26230091,88
26230092,84
26230093,84
26230094,84
26230095,88
26230096,84
26230097,88
26230098,88
26230099,84
26230100,84
26230101,88
26230102,84
26230103,84
26230104,88
26230105,84
26230106,84
26230107,84
26230108,84
26230109,88
26230110,88
26230111,88
26230112,88
26230113,84
26230114,88
26230115,84
26230116,84
26230117,88
26230118,88
26230119,84
26230120,84
26230121,84
26230122,88
26230123,84
26230124,88
26230125,88
26230126,84
26230127,84
26230128,84
26230129,88
26230130,88
26230131,84
26230132,88
26230133,84
26230134,88
26230135,84
26230136,88
26230137,84
26230138,84
26230139,84
26230140,84
26230141,84
26230142,84
26230143,84
26230144,84
26230145,84
26230146,84
26230147,84
26230148,84
26230149,84
26230150,84
26230151,84
26230152,84
26230153,84
26230154,84
26230155,84
26230156,84
26230157,84
26230158,84
26230159,84
26230160,84
26230161,84
26230162,84
26230163,84
26230164,84
26230165,84
26230166,84
26230167,84
26230168,84
26230169,84
26230170,84
26230171,84
26230172,88
26230173,88
26230174,88
26230175,88
26230176,88
26230177,88
26230178,88
26230179,88
26230180,88
26230181,88
26230182,88
26230183,88
26230184,88
26230185,88
26230186,88
26230187,88
26230188,88
26230189,88
26230190,88
26230191,88
26230192,88
26230193,88
26230195,88
26230196,88
26230197,88
26230224,85
26230232,84
26230235,84
26230236,84
26230237,84
26230238,84
26230239,84
26230240,84
26230241,84
26230242,84
26230243,84
26230244,84
26230245,84
26230246,84
26230247,84
26230250,84
26230251,84
26230296,320
26230297,320
26230300,320
26230301,320
26230302,320
26230303,320
26230304,320
26230305,320
26230306,320
26230307,320
26230308,320
26230309,320
26230310,320
26230311,320
26230312,320
26230313,320
26230314,320
26230315,320
26230316,320
26230317,320
26230318,320
26230319,320
26230320,320
26230321,320
26230322,320
26230323,320
26230324,320
26230325,320
26230326,320
26230327,320
26230328,320
26230329,320
26230330,320
26230331,320
26230332,320
26230333,320
26230334,320
26230335,320
26230336,320
26230337,320
26230338,320
26230339,320
26230340,320
26230341,320
26230342,320
26230343,320
26230344,320
26230345,320
26230346,320
26230347,320
26230348,320
26230349,320
26230350,320
26230351,320
26230352,320
26230353,320
26230354,320
26230355,320
26230356,320
26230357,320
26230358,320
26230359,320
26230360,320
26230361,320
26230362,320
26230363,320
26230364,320
26230365,320
26230366,320
26230367,320
26230368,320
26230369,320
26230370,320
26230371,320
26230372,320
26230373,320
26230374,320
26230375,320
26230376,320
26230377,320
26230378,320
26230379,320
26230380,320
26230381,320
26230382,320
26230383,320
26230384,320
26230385,320
26230386,320
26230387,320
26230388,320
26230389,320
26230390,320
26230391,320
26230392,320
26230393,320
26230394,320
26230395,320
26230396,320
26230397,320
26230398,320
26230399,320
26230400,320
26230401,320
26230402,320
26230403,320
26230404,320
26230405,320
26230406,320
26230407,320
26230408,320
26230409,320
26230410,320
26230411,320
26230412,320
26230413,320
26230414,320
26230415,320
26230416,320
26230417,320
26230418,320
26230419,320
26230420,320
26230421,320
26230422,320
26230423,320
26230424,320
26230425,320
26230426,320
26230427,320
26230428,320
26230429,320
26230430,320
26230431,320
26230432,320
26230433,320
26230434,320
26230435,320
26230492,125
26230495,125
26230538,86
26230539,86
26230553,119
26230554,119
26230555,119
26230556,119
26230557,119
26230558,119
26230559,119
26230560,119
26230561,119
26230562,119
26230563,119
26230564,119
26230565,119
26230566,119
26230567,119
26230568,119
26230569,119
26230570,119
26230571,119
26230572,119
26230573,119
26230574,119
26230575,119
26230576,119
26230577,119
26230578,119
26230579,119
26230580,119
26230581,119
26230582,119
26230583,119
26230584,119
26230585,119
26230586,119
26230587,119
26230588,119
26230589,119
26230590,119
26230591,119
26230592,119
26230593,119
26230594,119
26230595,119
26230596,119
26230597,119
26230598,119
26230599,119
26230600,119
26230601,119
26230602,119
26230603,119
26230604,119
26230605,119
26230606,119
26230607,119
26230608,119
26230609,119
26230610,119
26230611,119
26230612,119
26230613,119
26230614,119
26230615,119
26230616,119
26230617,119
26230618,119
26230619,119
26230620,119
26230621,119
26230622,119
26230623,119
26230624,119
26230625,119
26230626,119
26230627,119
26230628,119
26230629,119
26230630,119
26230631,119
26230632,119
26230633,119
26230634,119
26230635,119
26230639,119
26230640,119
26230688,158
26230689,158
26230690,159
26230691,158
26230692,158
26230693,158
26230694,158
26230695,159
26230700,125
26230701,127
26230702,127
26230703,127
26230704,127
26230705,129
26230706,129
26230707,129
26230708,129
26230709,129
26230710,129
26230711,129
26230712,129
26230713,129
26230714,129
26230715,129
26230716,129
26230717,129
26230718,129
26230719,129
26230720,129
26230721,188
26230722,188
26230723,188
26230724,188
26230725,188
26230726,188
26230727,188
26230728,188
26230729,188
26230730,188
26230731,129
26230732,125
26230733,129
26230734,129
26230735,129
26230736,129
26230737,129
26230738,129
26230739,129
26230740,129
26230741,129
26230742,129
26230743,129
26230744,129
26230745,129
26230746,129
26230747,129
26230748,83
26230749,129
26230750,83
26230751,83
26230752,83
26230753,83
26230754,83
26230755,83
26230756,83
26230757,83
26230758,83
26230759,83
26230760,83
26230761,83
26230762,83
26230763,83
26230764,83
26230765,83
26230766,83
26230767,83
26230768,83
26230769,83
26230770,83
26230771,83
26230772,83
26230773,83
26230774,83
26230775,83
26230776,167
26230777,83
26230778,167
26230779,83
26230780,167
26230781,167
26230782,167
26230783,167
26230784,167
26230785,167
26230786,167
26230787,167
26230788,167
26230789,167
26230790,167
26230791,167
26230792,167
26230793,167
26230794,167
26230795,167
26230796,167
26230797,167
26230798,167
26230799,167
26230800,167
26230801,167
26230802,167
26230803,167
26230804,167
26230805,123
26230806,123
26230807,123
26230808,123
26230809,123
26230810,123
26230811,123
26230812,123
26230813,123
26230814,123
26230815,123
26230816,123
26230817,123
26230818,123
26230819,123
26230820,123
26230821,123
26230822,123
26230823,123
26230824,123
26230825,123
26230826,123
26230827,123
26230828,123
26230829,123
26230830,123
26230831,123
26230832,123
26230833,123
26230834,123
26230835,123
26230836,123
26230837,123
26230838,123
26230839,123
26230840,123
26230841,123
26230842,123
26230843,123
26230844,123
26230845,123
26230846,123
26230847,123
26230848,123
26230849,123
26230850,123
26230851,123
26230852,123
26230853,123
26230854,123
26230855,123
26230856,123
26230857,123
26230858,123
26230859,123
26230860,123
26230861,123
26230862,123
26230863,123
26230864,123
26230865,123
26230866,123
26230867,123
26230868,123
26230869,123
26230870,123
26230871,123
26230872,83
26230873,123
26230874,123
26230875,123
26230876,123
26230877,123
26230878,123
26230879,123
26230880,123
26230881,123
26230882,123
26230883,123
26230884,123
26230885,123
26230886,123
26230887,123
26230888,123
26230889,123
26230890,85
26230891,123
26230892,123
26230893,85
26230894,85
26230895,85
26230896,85
26230897,85
26230898,85
26230899,85
26230900,85
26230901,85
26230902,85
26230903,85
26230904,85
26230905,85
26230906,85
26230907,85
26230908,85
26230909,85
26230910,85
26230911,85
26230912,85
26230913,85
26230914,85
26230915,85
26230916,85
26230917,85
26230918,85
26230919,85
26230920,85
26230921,85
26230922,85
26230923,85
26230924,85
26230925,85
26230926,85
26230927,85
26230928,85
26230929,85
26230930,85
26230931,85
26230932,85
26230933,85
26230934,85
26230935,85
26230936,85
26230937,85
26230938,85
26230939,85
26230940,85
26230941,85
26230942,85
26230943,85
26230944,123
26230945,85
26230946,85
26230947,123
26230949,85
26230950,85
26230951,125
26230952,85
26230954,125
26230955,125
26230956,125
26230957,125
26230958,125
26230959,125
26230960,125
26230961,125
26230962,125
26230963,125
26230964,125
26230965,125
26230966,125
26230967,125
26230968,125
26230969,125
26230970,125
26230971,125
26230972,125
26230973,125
26230974,125
26230975,125
26230976,125
26230977,125
26230978,125
26230979,125
26230980,127
26230981,125
26230982,127
26230983,127
26230984,127
26230985,127
26230986,127
26230987,127
26230988,127
26230989,127
26230990,127
26230991,127
26230992,127
26230993,127
26230994,127
26230995,127
26230996,127
26230997,127
26230998,127
26230999,127
26231000,127
26231001,127
26231002,127
26231003,127
26231004,127
26231005,127
26231006,127
26231009,319
26231010,319
26231011,319
26231012,319
26231013,319
26231014,319
26231015,319
26231016,319
26231017,319
26231018,319
26231019,10
26231020,319
26231021,319
26231022,319
26231023,10
26231024,10
26231025,10
26231026,10
26231027,10
26231028,10
26231029,10
26231030,10
26231031,10
26231032,10
26231033,10
26231034,10
26231035,10
26231036,10
26231037,10
26231038,10
26231039,10
26231040,10
26231041,10
26231042,10
26231043,10
26231044,10
26231045,10
26231046,10
26231047,10
26231048,10
26231049,86
26231050,86
26231051,86
26231052,86
26231053,86
26231054,86
26231055,89
26231056,86
26231057,86
26231058,89
26231059,86
26231060,89
26231061,22
26231062,22
26231063,22
26231064,22
26231065,89
26231066,89
26231067,89
26231068,89
26231069,22
26231070,89
26231071,89
26231072,22
26231073,22
26231074,22
26231075,22
26231076,89
26231077,22
26231078,89
26231079,89
26231080,89
26231081,89
26231082,22
26231083,89
26231084,22
26231085,89
26231086,22
26231087,22
26231088,89
26231089,89
26231090,89
26231091,89
26231092,22
26231093,22
26231094,89
26231095,86
26231096,86
26231097,86
26231098,86
26231099,86
26231100,86
26231101,86
26231102,89
26231103,86
26231104,86
26231105,89
26231106,89
26231107,22
26231108,89
26231109,89
26231110,22
26231111,89
26231112,22
26231113,22
26231114,22
26231115,89
26231116,89
26231117,89
26231118,22
26231119,89
26231120,22
26231121,22
26231122,22
26231123,22
26231124,89
26231125,89
26231126,89
26231127,89
26231128,22
26231129,89
26231130,89
26231131,22
26231132,22
26231133,22
26231134,89
26231135,89
26231136,89
26231137,89
26231138,89
26231139,123
26231140,123
26231141,123
26231142,123
26231143,123
26231145,123
26231146,123
26231150,125
26231154,125
26231156,125
26231157,125
26231159,125
26231160,125
26231168,85
26231169,85
26231170,85
26231171,85
26231235,319
26231237,88
26231238,88
26231239,88
26231240,84
26231241,88
26231242,84
26231243,84
26231244,84
26231245,84
26231246,88
26231247,84
26231248,88
26231249,88
26231250,84
26231251,84
26231252,84
26231253,84
26231254,88
26231255,84
26231256,84
26231257,88
26231258,88
26231259,88
26231260,84
26231261,84
26231262,88
26231263,84
26231264,88
26231265,84
26231266,84
26231267,84
26231268,88
26231269,84
26231270,88
26231271,84
26231272,84
26231273,84
26231274,88
26231275,88
26231276,88
26231277,88
26231278,88
26231279,84
26231280,84
26231281,84
26231282,88
26231283,88
26231284,84
26231285,84
26231286,88
26231287,84
26231288,88
26231289,84
26231290,84
26231291,84
26231292,84
26231293,84
26231294,84
26231295,84
26231296,84
26231297,84
26231298,84
26231299,84
26231300,84
26231301,84
26231302,84
26231303,84
26231304,84
26231305,84
26231306,84
26231307,84
26231308,84
26231309,84
26231310,84
26231311,84
26231312,84
26231313,84
26231314,84
26231315,84
26231316,84
26231317,84
26231318,88
26231319,88
26231320,88
26231321,88
26231322,88
26231323,88
26231324,88
26231325,88
26231326,88
26231327,88
26231328,88
26231329,88
26231330,88
26231331,88
26231332,88
26231333,88
26231334,88
26231335,88
26231336,88
26231337,88
26231338,88
26231339,88
26231341,88
26231405,320
26231406,320
26231407,320
26231408,320
26231409,320
26231410,320
26231411,320
26231412,320
26231413,320
26231414,320
26231415,320
26231416,320
26231417,320
26231418,320
26231419,320
26231420,320
26231421,320
26231422,320
26231423,320
26231424,320
26231425,320
26231426,320
26231427,320
26231428,320
26231429,320
26231430,320
26231431,320
26231432,320
26231433,320
26231434,320
26231435,320
26231436,320
26231437,320
26231438,320
26231439,320
26231440,320
26231441,320
26231442,320
26231443,320
26231444,320
26231445,320
26231446,320
26231447,320
26231448,320
26231449,320
26231450,320
26231451,320
26231452,320
26231453,320
26231454,320
26231455,320
26231456,320
26231457,320
26231458,320
26231459,320
26231460,320
26231461,320
26231462,320
26231463,320
26231464,320
26231465,320
26231466,320
26231467,320
26231468,320
26231469,320
26231470,320
26231471,320
26231472,320
26231473,320
26231474,320
26231475,320
26231476,320
26231477,320
26231479,320
26231480,320
26231481,320
26231523,125
26231566,86
26231567,86
26231618,126
26231619,126
26231620,126
26231621,126
26231622,126
26231623,126
26231624,126
26231625,126
26231626,126
26231627,126
26231628,126
26231629,126
26231630,126
26231631,126
26231632,126
26231633,126
26231634,126
26231635,126
26231636,126
26231637,126
26231638,126
26231639,126
26231640,126
26231641,126
26231642,126
26231643,126
26231644,126
26231645,126
26231646,126
26231647,126
26231648,126
26231649,126
26231650,126
26231651,126
26231652,126
26231653,126
26231654,126
26231655,126
26231656,126
26231657,126
26231668,119
26231669,119
26231670,119
26231671,119
26231672,119
26231673,119
26231674,119
26231675,119
26231676,119
26231677,119
26231678,119
26231679,119
26231680,119
26231681,119
26231682,119
26231683,119
26231684,119
26231685,119
26231686,119
26231687,119
26231688,119
26231689,119
26231690,119
26231691,119
26231692,119
26231693,119
26231694,119
26231695,119
26231696,119
26231697,119
26231698,119
26231699,119
26231700,119
26231701,119
26231702,119
26231703,119
26231704,119
26231705,119
26231706,119
26231707,119
26231708,119
26231709,119
26231710,119
26231711,119
26231712,119
26231713,119
26231714,119
26231740,159
26231741,159
26231742,156
26231743,156
26231744,158
26231745,159
26231746,158
26231747,158
26231748,158
26231749,158
26231750,158
26231751,158
26231752,158
26231758,813
26231759,813
26231760,813
26231761,813
26231762,813
26231763,813
26231764,813
26231765,813
26231766,813
26231767,813
26231768,813
26231769,813
26231770,813
26231771,813
26231772,813
26231773,813
26231774,813
26231775,813
26231776,813
26231777,813
26231778,813
26231779,814
26231780,814
26231781,814
26231782,814
26231783,814
26231784,814
26231785,814
26231786,814
26231787,814
26231788,814
26231789,814
26231790,814
26231791,814
26231792,814
26231793,814
26231794,814
26231795,814
26231796,814
26231797,814
26231798,814
26231799,814
26231800,814
26231801,814
26231802,814
26231803,815
26231804,815
26231805,815
26231806,815
26231807,815
26231808,815
26231809,815
26231810,815
26231811,818
26231812,818
26231813,818
26231814,818
26231815,818
26231816,818
26231817,818
26231818,818
26231819,818
26231820,818
26231821,815
26231822,818
26231823,815
26231824,818
26231825,818
26231826,815
26231827,815
26231828,818
26231829,815
26231830,815
26231831,818
26231832,818
26231833,818
26231834,818
26231835,818
26231836,818
26231837,818
26231838,818
26231839,818
26231840,818
26231841,815
26231842,815
26231843,818
26231844,815
26231845,815
26231846,815
26231847,815
26231848,815
26231849,815
26231850,815
26231851,815
26231852,817
26231853,815
26231854,815
26231855,817
26231856,817
26231857,817
26231858,817
26231859,817
26231860,817
26231861,817
26231862,817
26231863,817
26231864,817
26231865,817
26231866,817
26231867,817
26231868,817
26231869,817
26231870,817
26231871,817
26231872,817
26231873,817
26231874,817
26231875,817
26231876,819
26231877,817
26231878,817
26231879,817
26231880,819
26231881,819
26231882,819
26231883,819
26231884,819
26231885,819
26231886,819
26231887,819
26231888,819
26231889,819
26231890,819
26231891,822
26231892,822
26231893,819
26231894,822
26231895,822
26231896,819
26231897,822
26231898,822
26231899,822
26231900,822
26231901,822
26231902,822
26231903,822
26231904,822
26231905,822
26231906,822
26231908,822
26231909,822
26231910,818
26231913,815
26231923,810
26231925,810
26231926,810
26231927,810
26231928,810
26231929,810
26231930,810
26231931,810
26231932,810
26231933,810
26231934,810
26231935,810
26231936,810
26231937,810
26231938,810
26231939,810
26231940,810
26231941,810
26231942,810
26231943,810
26231944,810
26231945,810
26231946,810
26231947,810
26231948,810
26231949,810
26231950,810
26231951,810
26231952,810
26231953,810
26231955,810
26232019,814
26232020,814
26232021,814
26232022,814
26232023,814
26232024,814
26232025,814
26232026,814
26232027,814
26232028,814
26232029,814
26232030,814
26232031,814
26232032,814
26232033,814
26232034,814
26232035,814
26232036,814
26232037,815
26232038,815
26232039,815
26232040,815
26232041,815
26232042,815
26232043,815
26232044,815
26232045,815
26232046,815
26232047,815
26232048,815
26232049,815
26232050,815
26232051,818
26232052,818
26232053,818
26232054,818
26232055,818
26232056,818
26232057,818
26232058,818
26232059,818
26232060,818
26232061,818
26232062,818
26232063,818
26232064,818
26232065,815
26232066,818
26232067,818
26232068,815
26232069,815
26232070,818
26232071,815
26232072,815
26232073,818
26232074,810
26232075,810
26232076,810
26232077,810
26232078,810
26232079,810
26232080,810
26232081,810
26232082,810
26232083,810
26232084,810
26232085,810
26232086,810
26232087,810
26232088,810
26232089,815
26232090,810
26232091,810
26232092,815
26232093,815
26232119,810
26232120,810
26232121,810
26232122,810
26232123,810
26232124,810
26232125,810
26232126,810
26232127,810
26232128,810
26232129,810
26232130,810
26232131,810
26232132,810
26232133,810
26232134,810
26232135,810
26232136,810
26232137,810
26232138,810
26232139,810
26232140,810
26232141,810
26232142,810
26232143,810
26232144,810
26232145,810
26232146,810
26232147,810
26232148,810
26232149,810
26232150,810
26232151,811
26232152,810
26232153,811
26232154,811
26232155,811
26232156,811
26232157,811
26232158,811
26232159,811
26232160,811
26232161,811
26232162,811
26232163,811
26232164,811
26232165,811
26232166,811
26232167,811
26232168,811
26232169,811
26232170,811
26232171,811
26232172,811
26232173,818
26232174,811
26232175,813
26232176,811
26232177,811
26232178,813
26232179,813
26232180,813
26232181,813
26232182,813
26232183,813
26232184,813
26232185,813
26232186,813
26232187,813
26232188,813
26232189,813
26232190,813
26232191,813
26232192,813
26232193,813
26232194,813
26232195,813
26232196,813
26232197,813
26232198,813
26232199,813
26232200,813
26232201,813
26232202,813
26232203,813
26232204,813
26232205,813
26232206,813
26232207,813
26232208,813
26232209,813
26232210,813
26232211,814
26232212,813
26232213,814
26232214,814
26232215,814
26232216,814
26232217,814
26232218,814
26232219,814
26232220,814
26232221,814
26232222,814
26232223,814
26232224,814
26232225,814
26232226,814
26232227,814
26232228,814
26232229,814
26232230,814
26232231,814
26232232,814
26232233,814
26232234,814
26232235,814
26232236,814
26232237,814
26232238,814
26232239,814
26232240,814
26232241,814
26232242,814
26232243,814
26232244,814
26232245,814
26232246,814
26232247,814
26232248,814
26232249,814
26232250,814
26232251,814
26232252,814
26232253,814
26232254,814
26232255,814
26232256,814
26232257,814
26232258,814
26232259,814
26232260,814
26232261,814
26232262,814
26232263,814
26232264,814
26232265,815
26232266,815
26232267,814
26232268,815
26232269,815
26232270,815
26232271,815
26232272,815
26232273,815
26232274,815
26232275,818
26232276,815
26232277,815
26232278,815
26232279,818
26232280,818
26232281,818
26232282,814
26232283,818
26232284,818
26232285,818
26232286,818
26232287,818
26232288,815
26232289,815
26232290,818
26232291,818
26232292,818
26232293,818
26232294,818
26232295,818
26232296,818
26232297,818
26232298,818
26232299,818
26232300,818
26232301,818
26232302,818
26232303,818
26232304,818
26232305,818
26232306,818
26232307,815
26232308,815
26232309,815
26232310,815
26232311,815
26232312,818
26232313,818
26232314,815
26232315,815
26232316,815
26232317,815
26232318,815
26232319,815
26232320,815
26232321,815
26232322,815
26232323,815
26232324,815
26232325,815
26232326,817
26232327,817
26232328,817
26232329,817
26232330,817
26232331,817
26232332,817
26232333,817
26232334,813
26232335,817
26232336,813
26232337,813
26232338,817
26232339,817
26232340,817
26232341,817
26232342,817
26232343,817
26232344,817
26232345,817
26232346,817
26232347,817
26232348,817
26232349,817
26232350,817
26232351,817
26232352,817
26232353,817
26232354,817
26232355,822
26232356,817
26232357,817
26232358,822
26232359,822
26232360,822
26232361,822
26232362,822
26232363,822
26232364,822
26232365,822
26232366,822
26232367,822
26232368,822
26232369,822
26232370,822
26232371,822
26232372,822
26232373,822
26232374,822
26232375,822
26232376,822
26232377,822
26232378,822
26232379,822
26232380,813
26232381,813
26232382,814
26232383,814
26232384,815
26232414,819
26232415,815
26232416,819
26232417,819
26232418,819
26232419,819
26232420,819
26232421,819
26232422,819
26232423,819
26232424,819
26232425,819
26232426,819
26232427,819
26232428,819
26232429,819
26232430,819
26232431,819
26232432,819
26232433,819
26232434,819
26232435,819
26232436,819
26232437,819
26232438,819
26232439,819
26232440,819
26232441,819
26232442,819
26232443,819
26232444,819
26232445,819
26232446,819
26232447,819
26232448,819
26232449,819
26232450,819
26232451,819
26232452,819
26232453,819
26232454,819
26232455,819
26232456,819
26232457,819
26232458,819
26232555,804
26232556,813
26232557,801
26232558,801
26232559,801
26232560,801
26232561,801
26232562,801
26232563,801
26232564,801
26232565,801
26232566,801
26232567,801
26232568,801
26232569,801
26232570,801
26232571,801
26232572,801
26232573,801
26232574,802
26232575,802
26232576,802
26232577,802
26232578,802
26232579,802
26232580,802
26232581,802
26232582,802
26232583,802
26232584,802
26232585,802
26232586,802
26232587,802
26232588,803
26232589,803
26232591,802
26232592,802
26232593,802
26232594,802
26232595,802
26232596,803
26232597,803
26232598,803
26232599,803
26232600,803
26232601,803
26232602,803
26232603,803
26232604,803
26232605,803
26232606,803
26232607,803
26232608,803
26232609,803
26232610,805
26232611,805
26232612,805
26232613,805
26232614,805
26232615,805
26232616,805
26232617,805
26232618,805
26232619,805
26232620,805
26232621,805
26232622,805
26232623,805
26232624,805
26232625,805
26232626,805
26232627,805
26232628,805
26232629,805
26232630,804
26232631,804
26232632,804
26232633,804
26232634,804
26232635,804
26232636,804
26232637,804
26232638,804
26232639,804
26232640,804
26232641,803
26232642,803
26232643,804
26232644,804
26232645,803
26232646,803
26232647,803
26232648,803
26232649,803
26232650,803
26232651,803
26232652,803
26232844,874
26232845,874
26232846,874
26232847,874
26232848,874
26232849,874
26232850,874
26232851,874
26232852,874
26232853,871
26232854,871
26232855,871
26232856,871
26232857,871
26232858,871
26232859,871
26232860,871
26232861,874
26232862,874
26232863,873
26232864,873
26232865,873
26232866,873
26232867,873
26232868,873
26232869,873
26232870,873
26232871,873
26232872,873
26232873,873
26232874,873
26232875,880
26232876,880
26232877,880
26232878,880
26232879,880
26232880,880
26232881,880
26232882,880
26232883,880
26232884,880
26232885,880
26232886,880
26232887,880
26232888,880
26232889,880
26232890,880
26232891,880
26232892,880
26232914,874
26232922,880
26232923,880
26232924,880
26232925,880
26232926,880
26232927,880
26232928,880
26232929,880
26232930,880
26232931,880
26232932,880
26232933,880
26232934,880
26232935,880
26232936,880
26232937,880
26232938,880
26232939,880
26232940,880
26232941,880
26232942,880
26232943,880
26232944,880
26232945,871
26232946,871
26232947,871
26232948,871
26232949,871
26232950,871
26232951,871
26232952,871
26232953,871
26232954,871
26232955,871
26232956,871
26232957,871
26232958,873
26232959,873
26232960,873
26232961,873
26232962,873
26232963,873
26232964,873
26232965,873
26232966,873
26232967,873
26232968,873
26232969,873
26232970,873
26232971,873
26232972,873
26232973,873
26232974,874
26232975,873
26232976,873
26232977,874
26232978,874
26232979,874
26232980,874
26232981,874
26232982,874
26232983,874
26232984,874
26232985,874
26232986,874
26232987,874
26233019,872
26233022,872
26233023,872
26233024,872
26233025,872
26233026,872
26233027,872
26233028,872
26233029,872
26233030,872
26233031,872
26233032,872
26233033,872
26233034,872
26233035,872
26233036,872
26233037,872
26233038,872
26233039,875
26233040,875
26233041,875
26233042,875
26233043,875
26233044,875
26233045,875
26233046,875
26233047,875
26233048,875
26233049,875
26233050,875
26233053,875
26233054,875
26233055,878
26233057,878
26233059,878
26233060,878
26233061,878
26233063,878
26233065,878
26233067,878
26233068,878
26233089,831
26233090,831
26233091,831
26233092,831
26233093,831
26233094,831
26233095,831
26233096,831
26233097,831
26233098,831
26233099,831
26233100,831
26233101,831
26233102,831
26233103,831
26233104,831
26233105,831
26233106,831
26233107,831
26233108,831
26233109,831
26233110,831
26233111,834
26233112,834
26233113,834
26233114,834
26233115,834
26233116,834
26233117,834
26233118,834
26233119,834
26233120,834
26233121,834
26233122,834
26233123,834
26233124,834
26233125,834
26233126,834
26233127,834
26233128,834
26233129,834
26233130,834
26233131,834
26233132,834
26233133,834
26233134,834
26233135,834
26233136,834
26233137,837
26233138,834
26233139,837
26233140,837
26233141,837
26233142,837
26233143,837
26233144,837
26233145,837
26233146,837
26233147,837
26233148,837
26233149,837
26233150,837
26233151,837
26233152,837
26233153,837
26233154,837
26233155,837
26233156,837
26233157,837
26233158,837
26233159,837
26233160,837
26233161,836
26233162,836
26233163,837
26233164,836
26233165,836
26233166,837
26233167,836
26233168,837
26233169,836
26233170,836
26233171,836
26233172,836
26233173,836
26233174,836
26233175,836
26233176,838
26233177,836
26233178,838
26233179,836
26233180,838
26233181,838
26233182,838
26233183,838
26233184,838
26233185,838
26233186,838
26233187,838
26233188,838
26233189,838
26233190,838
26233191,838
26233192,838
26233193,838
26233194,832
26233195,838
26233196,838
26233197,832
26233198,832
26233199,832
26233200,832
26233201,832
26233202,832
26233203,832
26233204,832
26233205,832
26233206,832
26233207,832
26233208,832
26233209,832
26233210,832
26233211,832
26233212,832
26233213,832
26233214,832
26233215,832
26233216,832
26233217,832
26233218,832
26233219,832
26233220,832
26233221,832
26233222,832
26233223,832
26233224,832
26233225,832
26233226,830
26233227,830
26233228,832
26233229,830
26233230,830
26233231,830
26233232,830
26233233,830
26233234,830
26233235,830
26233236,830
26233237,830
26233238,830
26233239,830
26233240,830
26233241,830
26233242,830
26233243,830
26233244,830
26233245,830
26233246,830
26233247,830
26233248,830
26233249,830
26233251,830
26233277,831
26233278,831
26233279,831
26233280,831
26233281,831
26233282,831
26233283,831
26233284,831
26233285,831
26233286,831
26233287,831
26233288,831
26233289,831
26233290,831
26233291,831
26233292,831
26233293,831
26233294,831
26233295,832
26233296,832
26233297,832
26233298,832
26233299,832
26233300,832
26233301,832
26233302,832
26233303,832
26233304,832
26233305,832
26233306,832
26233307,832
26233308,832
26233309,832
26233310,832
26233311,832
26233312,832
26233313,832
26233314,832
26233315,836
26233316,836
26233317,836
26233318,836
26233319,836
26233320,836
26233321,836
26233322,836
26233323,836
26233324,836
26233325,836
26233326,836
26233327,836
26233328,836
26233337,831
26233338,831
26233339,831
26233340,831
26233341,831
26233342,831
26233343,831
26233344,831
26233345,831
26233346,831
26233347,831
26233348,831
26233349,831
26233350,831
26233351,831
26233352,831
26233353,831
26233354,831
26233355,831
26233356,831
26233357,831
26233358,831
26233359,831
26233360,834
26233361,834
26233362,834
26233363,834
26233364,834
26233365,834
26233366,834
26233367,834
26233368,834
26233369,834
26233370,834
26233371,834
26233372,834
26233373,834
26233374,834
26233375,834
26233376,834
26233377,834
26233378,834
26233379,834
26233380,834
26233381,834
26233382,834
26233383,834
26233384,834
26233385,834
26233386,834
26233387,834
26233388,837
26233389,834
26233390,837
26233391,837
26233392,837
26233393,837
26233394,837
26233395,837
26233396,837
26233397,837
26233398,837
26233399,837
26233400,837
26233401,837
26233402,837
26233403,837
26233404,837
26233405,837
26233406,837
26233407,837
26233408,837
26233409,837
26233410,837
26233411,837
26233412,837
26233413,837
26233414,836
26233415,837
26233416,836
26233417,836
26233418,836
26233419,836
26233420,836
26233421,836
26233422,836
26233423,836
26233424,836
26233425,836
26233426,836
26233427,836
26233428,836
26233429,836
26233430,836
26233431,836
26233432,836
26233433,836
26233434,836
26233435,836
26233436,836
26233437,831
26233438,836
26233439,836
26233440,831
26233441,831
26233442,836
26233443,838
26233444,836
26233445,838
26233446,838
26233447,838
26233448,838
26233449,838
26233450,838
26233451,838
26233452,838
26233453,838
26233454,838
26233455,838
26233456,838
26233457,838
26233458,838
26233459,838
26233460,838
26233461,838
26233462,838
26233463,838
26233464,838
26233465,838
26233466,838
26233467,838
26233468,838
26233469,838
26233470,838
26233471,838
26233472,830
26233473,830
26233474,830
26233475,830
26233476,830
26233477,830
26233478,830
26233479,830
26233480,830
26233481,830
26233482,830
26233483,830
26233484,830
26233485,830
26233486,830
26233487,830
26233488,830
26233489,830
26233490,830
26233491,830
26233492,830
26233493,830
26233494,830
26233495,830
26233496,830
26233526,832
26233527,832
26233528,832
26233529,832
26233530,832
26233531,832
26233532,832
26233533,832
26233534,832
26233535,832
26233536,832
26233537,832
26233538,832
26233539,832
26233540,832
26233541,832
26233542,832
26233543,832
26233544,832
26233545,832
26233546,832
26233547,832
26233548,832
26233549,832
26233550,832
26233551,832
26233552,832
26234681,404
26234682,404
26234683,404
26234684,404
26234685,404
26234686,404
26234687,404
26234688,404
26234689,404
26234690,404
26234691,404
26234692,404
26234693,404
26234694,404
26234695,404
26234696,404
26234697,404
26234698,404
26234699,404
26234700,404
26234701,404
26234702,404
26234703,404
26234704,404
26234705,404
26234706,404
26234707,405
26234708,405
26234709,405
26234710,405
26234711,405
26234712,405
26234713,405
26234714,405
26234715,405
26234716,405
26234717,405
26234718,405
26234719,405
26234720,405
26234721,405
26234722,405
26234723,407
26234724,405
26234725,405
26234726,407
26234727,407
26234728,407
26234729,407
26234730,407
26234731,407
26234732,407
26234733,407
26234734,407
26234735,407
26234736,407
26234737,407
26234738,407
26234739,407
26234740,407
26234741,407
26234742,407
26234743,407
26234744,407
26234745,407
26234746,407
26234747,407
26234748,407
26234750,407
26234751,407
26234752,407
26234802,450
26234803,450
26234804,450
26234805,450
26234806,450
26234807,450
26234808,450
26234809,450
26234810,450
26234811,450
26234812,450
26234813,450
26234814,450
26234815,450
26234816,450
26234817,450
26234818,450
26234819,450
26234820,450
26234821,450
26234822,450
26234823,450
26234824,450
26234825,450
26234829,450
26234830,450
26234847,452
26234849,452
26234850,452
26234851,452
26234852,452
26234853,452
26234854,452
26234855,452
26234856,452
26234857,452
26234858,452
26234859,452
26234860,452
26234861,452
26234862,452
26234863,452
26234864,452
26234865,452
26234866,452
26234867,452
26234868,452
26234869,452
26234870,452
26234871,452
26234872,452
26234873,452
26234874,452
26234875,452
26234876,452
26234877,452
26234878,452
26234879,452
26234880,452
26234881,452
26234882,452
26234883,452
26234884,452
26234885,452
26234886,452
26234887,452
26234888,452
26234889,452
26234890,452
26234891,452
26234892,452
26234893,452
26234894,455
26234895,452
26234896,452
26234897,455
26234898,455
26234899,455
26234901,455
26234903,455
26234904,455
26234905,455
26234906,455
26234907,455
26234910,455
26234914,455
26234915,455
26234916,455
26234918,455
26234920,455
26234922,455
26234923,455
26234924,455
26234925,455
26234928,455
26234929,455
26234931,455
26234932,455
26234934,455
26234935,455
26234937,455
26234939,455
26234940,455
26234943,455
26234944,455
26234946,457
26234949,457
26234950,457
26234952,457
26234956,457
26234957,457
26234960,457
26234961,457
26234963,457
26234965,457
26234966,457
26234967,457
26234969,457
26234970,457
26234971,457
26234972,457
26234976,457
26234977,457
26234980,457
26234982,457
26234983,457
26234985,457
26234986,457
26234988,457
26234989,457
26234990,457
26234991,457
26234995,457
26234997,457
26234998,317
26235000,317
26235001,317
26235003,317
26235004,317
26235005,317
26235006,317
26235007,317
26235008,317
26235009,317
26235010,317
26235011,317
26235012,317
26235013,317
26235014,317
26235015,413
26235016,317
26235017,413
26235018,413
26235019,413
26235020,413
26235021,413
26235022,413
26235023,413
26235024,413
26235025,413
26235026,413
26235027,413
26235028,413
26235029,413
26235030,413
26235031,413
26235032,413
26235033,413
26235034,413
26235035,413
26235036,413
26235037,413
26235038,413
26235039,413
26235040,413
26235041,419
26235042,413
26235043,413
26235044,413
26235045,413
26235046,413
26235047,413
26235048,413
26235049,419
26235050,413
26235051,419
26235052,419
26235053,419
26235054,419
26235055,419
26235056,419
26235057,419
26235058,419
26235059,419
26235060,419
26235061,419
26235062,419
26235063,419
26235064,419
26235065,419
26235066,419
26235067,419
26235068,419
26235069,419
26235070,419
26235071,409
26235072,419
26235073,419
26235074,419
26235075,419
26235076,419
26235077,409
26235078,419
26235079,419
26235080,419
26235081,409
26235082,409
26235083,409
26235084,409
26235085,409
26235086,409
26235087,409
26235088,409
26235089,409
26235090,409
26235091,409
26235092,409
26235093,409
26235094,409
26235095,409
26235096,409
26235097,409
26235098,409
26235099,409
26235100,409
26235101,409
26235102,409
26235103,409
26235104,409
26235105,409
26235106,409
26235107,409
26235108,409
26235109,409
26235110,409
26235113,409
26235115,409
26235303,455
26235304,455
26235305,455
26235306,455
26235307,455
26235308,455
26235309,455
26235310,455
26235311,455
26235312,455
26235313,455
26235314,455
26235315,455
26235316,455
26235317,455
26235318,455
26235319,455
26235320,455
26235321,455
26235322,455
26235323,455
26235324,455
26235325,455
26235326,455
26235327,455
26235328,455
26235329,455
26235330,455
26235331,455
26235332,455
26235333,455
26235334,404
26235335,455
26235336,404
26235337,404
26235338,404
26235339,404
26235340,404
26235341,404
26235342,404
26235343,404
26235344,404
26235345,404
26235346,404
26235347,404
26235348,404
26235349,404
26235350,404
26235351,404
26235352,404
26235353,404
26235354,404
26235355,404
26235356,404
26235357,404
26235358,404
26235359,404
26235360,404
26235361,404
26235362,404
26235363,404
26235364,404
26235365,404
26235366,404
26235367,404
26235368,404
26235369,404
26235370,404
26235371,404
26235372,404
26235373,404
26235374,404
26235375,405
26235376,404
26235377,404
26235378,404
26235379,405
26235380,404
26235381,404
26235382,405
26235383,404
26235384,405
26235385,405
26235386,405
26235387,405
26235388,405
26235389,405
26235390,405
26235391,405
26235392,405
26235393,405
26235394,405
26235395,405
26235396,405
26235397,405
26235398,405
26235399,405
26235400,405
26235401,405
26235402,405
26235403,405
26235404,405
26235405,405
26235406,405
26235407,405
26235408,405
26235409,405
26235410,405
26235411,405
26235412,405
26235413,405
26235414,405
26235415,405
26235416,405
26235417,404
26235418,404
26235419,405
26235420,405
26235421,404
26235422,407
26235423,404
26235424,404
26235425,407
26235426,407
26235427,407
26235428,407
26235429,407
26235430,407
26235431,407
26235432,407
26235433,407
26235434,407
26235435,407
26235436,407
26235437,407
26235438,407
26235439,407
26235440,407
26235441,407
26235442,407
26235443,407
26235444,407
26235445,407
26235446,407
26235447,407
26235448,407
26235449,407
26235450,407
26235451,407
26235452,407
26235453,407
26235454,407
26235455,407
26235456,407
26235457,405
26235458,407
26235459,407
26235460,405
26235461,404
26235462,405
26235463,407
26235464,405
26235465,407
26235466,404
26235467,407
26235468,405
26235469,407
26235470,407
26235471,407
26235472,407
26235473,404
26235506,419
26235507,419
26235508,419
26235509,419
26235510,419
26235511,419
26235512,419
26235513,419
26235514,419
26235515,419
26235516,419
26235517,419
26235518,419
26235519,419
26235520,419
26235521,419
26235522,419
26235523,419
26235524,419
26235525,419
26235526,419
26235527,419
26235528,419
26235529,419
26235530,419
26235531,419
26235532,419
26235533,419
26235534,419
26235535,419
26235536,419
26235537,419
26235538,419
26235539,419
26235540,419
26235541,419
26235542,419
26235543,419
26235544,419
26235545,419
26235546,414
26235547,419
26235548,419
26235549,419
26235550,414
26235551,418
26235552,418
26235553,414
26235554,414
26235555,414
26235556,414
26235557,417
26235558,417
26235559,417
26235560,417
26235561,417
26235562,417
26235563,417
26235564,407
26235574,407
26235575,407
26235576,407
26235577,407
26235578,404
26235579,407
26235580,404
26235581,409
26235582,409
26235583,409
26235584,409
26235585,409
26235586,409
26235587,409
26235588,409
26235589,409
26235590,409
26235591,409
26235592,409
26235593,409
26235594,409
26235595,409
26235596,409
26235597,409
26235598,409
26235599,409
26235600,409
26235601,409
26235602,409
26235603,409
26235604,409
26235605,409
26235606,409
26235607,409
26235608,409
26235609,409
26235610,409
26235611,409
26235612,409
26235613,409
26235614,409
26235615,409
26235616,409
26235617,409
26235618,409
26235619,409
26235620,409
26235621,409
26235622,409
26235623,409
26235624,409
26235625,409
26235626,409
26235627,409
26235628,409
26235629,409
26235630,409
26235631,409
26235632,452
26235633,455
26235634,452
26235636,452
26235638,452
26235639,452
26235640,452
26235641,452
26235642,452
26235643,452
26235644,452
26235645,452
26235646,452
26235647,452
26235648,452
26235649,452
26235650,452
26235651,452
26235652,452
26235653,452
26235654,452
26235655,452
26235656,452
26235657,452
26235658,452
26235659,452
26235660,452
26235661,452
26235662,452
26235663,452
26235664,452
26235665,452
26235666,452
26235667,452
26235668,452
26235669,452
26235670,452
26235671,452
26235672,452
26235673,452
26235674,452
26235675,452
26235676,452
26235677,452
26235678,452
26235679,452
26235680,452
26235681,452
26235682,452
26235683,452
26235684,452
26235685,452
26235686,452
26235687,452
26235688,452
26235689,452
26235690,452
26235691,452
26235692,452
26235693,452
26235694,452
26235695,452
26235696,452
26235697,452
26235698,452
26235699,452
26235700,452
26235701,452
26235702,452
26235703,452
26235704,452
26235705,452
26235752,450
26235753,450
26235754,450
26235755,450
26235756,450
26235757,450
26235758,450
26235759,450
26235760,450
26235761,450
26235762,450
26235763,450
26235764,450
26235765,450
26235766,450
26235767,450
26235768,450
26235769,450
26235770,450
26235771,450
26235772,450
26235773,450
26235774,450
26235775,450
26235776,450
26235777,450
26235778,450
26235779,450
26235780,450
26235781,450
26235782,450
26235783,450
26235784,450
26235785,450
26235786,450
26235787,450
26235788,450
26235789,453
26235790,450
26235791,450
26235792,453
26235793,453
26235794,453
26235795,453
26235796,453
26235797,453
26235798,453
26235799,453
26235800,453
26235801,453
26235802,453
26235803,453
26235804,453
26235805,453
26235806,453
26235807,453
26235808,453
26235809,453
26235810,453
26235811,453
26235812,453
26235813,453
26235814,453
26235815,453
26235816,453
26235817,453
26235818,453
26235819,453
26235820,453
26235821,453
26235822,453
26235823,453
26235824,453
26235826,453
26235856,451
26235857,451
26235858,451
26235860,451
26235862,451
26235863,451
26235866,451
26235867,451
26235869,451
26235870,451
26235871,451
26235873,451
26235874,451
26235876,451
26235879,451
26235881,451
26235882,451
26235885,451
26235886,451
26235890,451
26235891,451
26235900,450
26235920,317
26235921,317
26235922,317
26235923,317
26235924,317
26235925,317
26235926,317
26235927,317
26235928,317
26235929,317
26235930,317
26235931,317
26235932,317
26235933,317
26235934,317
26235935,317
26235936,317
26235937,317
26235938,317
26235939,413
26235940,413
26235941,413
26235942,413
26235943,413
26235944,413
26235945,413
26235946,413
26235947,413
26235948,413
26235949,413
26235950,413
26235951,413
26235952,413
26235953,413
26235954,413
26235955,413
26235956,413
26235957,413
26235958,413
26235959,413
26235960,413
26235961,413
26235962,413
26235963,413
26235964,413
26235965,413
26235966,413
26235967,413
26235968,413
26235969,413
26235970,413
26235971,413
26235972,413
26235973,413
26236041,457
26236042,457
26236043,457
26236044,457
26236045,457
26236046,457
26236047,457
26236048,457
26236049,457
26236050,457
26236051,457
26236052,457
26236053,457
26236054,457
26236055,457
26236056,457
26236057,457
26236058,457
26236059,457
26236060,457
26236061,457
26236062,457
26236063,457
26236064,457
26236065,457
26236066,457
26236067,457
26236068,457
26236069,457
26236070,457
26236071,457
26236073,457
26236074,457
26236075,457
26236077,457
26236078,457
26236080,457
26236081,457
26236082,457
26236411,163
26236412,163
26236413,163
26236414,163
26236415,163
26236416,163
26236417,163
26236418,163
26236419,163
26236420,163
26236421,163
26236422,163
26236423,163
26236424,163
26236425,163
26236426,163
26236427,163
26236428,163
26236429,163
26236430,163
26236431,163
26236432,163
26236433,163
26236434,163
26236435,163
26236436,163
26236437,163
26236438,163
26236439,163
26236440,163
26236441,164
26236442,164
26236443,164
26236444,164
26236445,164
26236446,164
26236447,164
26236448,164
26236449,164
26236450,164
26236451,164
26236452,164
26236453,164
26236454,164
26236455,164
26236456,164
26236457,164
26236458,164
26236459,164
26236460,164
26236461,164
26236462,164
26236463,164
26236464,164
26236465,164
26236466,164
26236467,164
26236468,164
26236469,164
26236470,164
26236471,164
26236472,164
26236473,164
26236474,164
26236475,164
26236476,164
26236477,164
26236478,164
26236479,163
26236480,164
26236481,163
26236482,164
26236483,163
26236484,163
26236485,163
26236486,163
26236487,163
26236488,163
26236489,163
26236490,163
26236491,163
26236492,163
26236493,163
26236494,163
26236495,163
26236496,163
26236497,163
26236498,163
26236499,163
26236500,163
26236501,163
26236502,163
26236503,163
26236504,163
26236505,163
26236506,163
26236507,163
26236508,163
26236509,163
26236510,163
26236511,163
26236512,163
26236513,163
26236514,163
26236515,163
26236516,163
26236517,163
26236518,163
26236519,163
26236520,163
26236521,163
26236522,163
26236523,163
26236524,163
26236525,163
26236526,163
26236527,163
26236528,163
26236529,163
26236530,163
26236531,163
26236532,163
26236533,163
26236534,163
26236535,163
26236536,163
26236537,163
26236538,163
26236539,163
26236540,163
26236541,163
26236542,163
26236543,163
26236544,163
26236545,163
26236546,163
26236547,163
26236548,163
26236549,163
26236550,163
26236551,163
26236552,163
26236553,163
26236554,163
26236555,163
26236556,163
26236557,163
26236558,163
26236559,163
26236560,163
26236561,163
26236562,163
26236563,163
26236564,164
26236565,163
26236566,163
26236567,163
26236568,163
26236570,163
26236571,163
26236576,163
26236577,163
26236578,166
26236579,163
26236581,166
26236582,166
26236583,166
26236584,166
26236585,166
26236586,166
26236587,166
26236588,166
26236589,166
26236590,166
26236591,166
26236592,166
26236593,166
26236594,166
26236595,166
26236596,166
26236597,166
26236598,166
26236599,166
26236600,166
26236601,166
26236602,166
26236603,166
26236604,166
26236605,166
26236606,166
26236607,166
26236608,166
26236609,166
26236610,166
26236611,166
26236612,166
26236613,166
26236615,166
26236616,166
26236617,166
26236618,166
26236619,166
26236620,166
26236621,166
26236622,166
26236623,166
26236624,166
26236625,166
26236626,166
26236627,166
26236628,166
26236629,166
26236630,166
26236631,166
26236632,166
26236633,166
26236634,166
26236635,166
26236636,166
26236637,166
26236638,166
26236639,166
26236640,166
26236641,166
26236642,166
26236643,166
26236644,166
26236645,166
26236646,166
26236648,166
26236649,166
26236650,166
26236651,166
26236652,166
26236653,166
26236654,166
26236655,166
26236656,166
26236657,166
26236658,166
26236659,166
26236660,166
26236661,166
26236662,166
26236663,166
26236664,166
26236665,166
26236666,166
26236667,166
26236668,166
26236669,166
26236670,166
26236671,166
26236672,166
26236673,166
26236674,166
26236675,166
26236676,166
26236677,166
26236678,166
26236679,166
26236680,166
26236681,166
26236682,166
26236683,166
26236684,166
26236685,166
26236686,166
26236687,166
26236688,166
26236689,166
26236690,166
26236691,166
26236692,166
26236693,166
26236694,166
26236695,166
26236696,166
26236697,166
26236698,166
26236699,166
26236701,166
26236702,166
26236703,166
26236704,166
26236705,166
26236709,166
26236710,166
26236786,163
26236790,163
26236794,166
26236795,166
26236864,163
26236865,163
26236866,163
26236867,163
26236868,163
26236869,163
26236870,166
26236871,166
26236872,166
26236873,166
26236874,166
26236875,166
26236876,166
26236877,166
26236878,166
26236879,166
26236880,166
26236881,166
26236882,166
26236883,166
26236884,166
26236885,166
26236886,166
26236887,166
26236888,166
26236889,166
26236890,166
26236891,166
26236892,166
26236893,166
26236894,166
26236895,166
26236896,166
26236897,166
26236898,166
26236899,166
26236900,166
26236901,166
26236902,166
26236903,166
26236904,166
26236905,166
26236906,166
26236907,166
26236908,166
26236909,166
26236910,166
26236911,166
26236912,166
26236913,166
26236914,166
26236915,166
26236916,166
26236917,166
26236918,166
26236919,166
26236920,166
26236921,166
26236922,166
26236923,166
26236924,166
26236925,166
26236926,166
26236927,166
26236928,166
26236929,166
26236930,166
26236931,166
26236932,166
26236933,166
26236934,166
26236935,166
26236936,166
26236937,166
26236938,166
26236939,166
26236940,166
26236941,166
26236942,166
26236943,166
26236944,166
26236945,166
26236946,166
26236947,166
26236948,166
26236949,166
26236950,166
26236951,166
26236952,166
26236953,166
26236954,166
26236955,166
26236956,166
26236957,166
26236958,166
26236959,166
26236960,166
26236961,166
26236962,166
26236963,166
26236964,166
26236965,166
26236966,166
26236967,166
26236968,166
26236969,166
26236970,164
26236971,164
26236972,164
26236973,164
26236974,164
26236975,164
26236976,164
26236977,164
26236978,164
26236979,164
26236980,164
26236981,164
26236982,164
26236983,164
26236984,164
26236985,164
26236986,164
26236987,164
26236988,164
26236989,164
26236990,164
26236991,164
26236992,164
26236993,164
26236994,164
26236995,164
26236996,164
26236997,164
26236998,164
26236999,164
26237000,164
26237001,164
26237002,166
26237003,164
26237004,164
26237005,166
26237006,164
26237007,163
26237008,163
26237009,163
26237010,163
26237011,163
26237012,163
26237013,163
26237014,163
26237015,163
26237016,163
26237017,163
26237018,163
26237019,163
26237020,163
26237021,163
26237022,163
26237023,163
26237024,163
26237025,163
26237026,163
26237027,163
26237028,163
26237029,163
26237030,163
26237031,163
26237032,163
26237033,163
26237034,163
26237035,163
26237036,163
26237037,163
26237038,163
26237039,163
26237040,163
26237041,163
26237042,163
26237043,163
26237044,163
26237045,163
26237046,163
26237047,163
26237048,163
26237049,163
26237050,163
26237051,163
26237052,163
26237053,163
26237054,163
26237055,163
26237056,163
26237057,163
26237058,163
26237059,163
26237060,163
26237061,163
26237062,163
26237063,163
26237064,163
26237065,163
26237066,163
26237067,163
26237068,163
26237069,163
26237070,163
26237071,163
26237072,163
26237073,163
26237074,163
26237075,163
26237076,163
26237077,166
26237078,166
26237079,166
26237080,166
26237081,166
26237082,166
26237083,166
26237084,166
26237085,166
26237086,166
26237087,166
26237088,166
26237152,166
26237154,166
26237155,166
26237156,166
26237157,166
26237158,166
26237159,166
26237161,166
26237162,166
26237163,166
26237223,166
26237224,166
26237230,163
26237231,144
26237232,163
26237233,163
26237234,163
26237235,163
26237236,163
26237237,163
26237238,166
26237239,166
26237240,166
26237241,166
26237242,166
26237243,166
26237244,166
26237245,166
26237246,166
26237247,166
26237248,166
26237249,144
26237250,144
26237251,144
26237252,144
26237253,144
26237254,144
26237255,144
26237256,144
26237257,144
26237258,144
26237259,144
26237260,144
26237261,144
26237262,144
26237263,163
26237264,163
26237265,163
26237266,163
26237267,163
26237268,163
26237269,163
26237270,163
26237271,163
26237272,163
26237273,163
26237274,163
26237275,163
26237276,163
26237277,163
26237278,163
26237279,163
26237280,166
26237281,163
26237282,163
26237283,163
26237284,166
26237285,166
26237286,166
26237287,166
26237288,166
26237289,166
26237290,166
26237291,166
26237292,166
26237293,166
26237294,166
26237295,166
26237296,166
26237297,166
26237298,166
26237299,166
26237300,166
26237301,166
26237302,166
26237303,166
26237304,166
26237305,166
26237306,166
26237307,166
26237308,166
26237309,166
26237310,166
26237311,166
26237312,166
26237313,166
26237314,166
26237315,166
26237316,166
26237317,166
26237318,166
26237319,166
26237320,166
26237321,166
26237322,166
26237323,166
26237324,166
26237325,166
26237326,166
26237327,166
26237328,166
26237329,166
26237330,166
26237331,166
26237332,166
26237333,166
26237334,166
26237335,166
26237336,166
26237337,166
26237338,166
26237339,166
26237340,166
26237341,166
26237342,166
26237343,166
26237344,166
26237345,166
26237346,166
26237347,166
26237348,166
26237349,166
26237350,166
26237351,166
26237352,166
26237353,166
26237354,166
26237355,166
26237356,166
26237357,166
26237358,166
26237359,166
26237360,166
26237361,166
26237362,166
26237363,166
26237364,166
26237365,166
26237366,166
26237367,166
26237368,166
26237369,166
26237370,166
26237371,166
26237372,166
26237373,166
26237374,166
26237375,166
26237376,166
26237377,166
26237378,163
26237379,163
26237380,166
26237381,163
26237382,166
26237383,163
26237384,166
26237385,144
26237386,166
26237387,144
26237388,166
26237389,166
26237390,166
26237391,166
26237392,163
26237393,164
26237394,166
26237395,144
26237396,163
26237397,166
26237398,163
26237399,144
26237400,166
26237401,166
26237402,144
26237403,163
26237404,166
26237405,166
26237406,163
26237407,166
26237408,144
26237409,166
26237410,164
26237411,144
26237412,163
26237413,166
26237414,163
26237415,163
26237416,166
26237417,166
26237418,166
26237420,164
26237421,166
26237422,163
26237423,166
26237425,163
26237426,166
26237427,163
26237428,166
26237429,164
26237430,166
26237431,166
26237432,163
26237433,166
26237434,163
26237435,164
26237436,166
26237437,166
26237438,163
26237439,166
26237440,163
26237441,163
26237442,166
26237443,164
26237444,166
26237445,166
26237446,163
26237447,166
26237448,163
26237449,164
26237450,166
26237451,166
26237452,166
26237453,164
26237454,163
26237455,163
26237456,166
26237457,166
26237458,166
26237459,163
26237460,166
26237461,166
26237462,163
26237463,163
26237464,164
26237465,164
26237466,163
26237467,163
26237468,166
26237469,166
26237470,163
26237471,163
26237472,163
26237473,163
26237474,166
26237475,166
26237476,166
26237477,166
26237478,163
26237479,166
26237480,164
26237481,166
26237482,166
26237483,163
26237484,163
26237485,163
26237486,162
26237487,144
26237488,166
26237489,163
26237490,163
26237491,166
26237492,166
26237493,166
26237494,163
26237495,166
26237496,162
26237497,163
26237498,166
26237499,166
26237500,163
26237501,163
26237502,144
26237503,162
26237504,163
26237505,166
26237506,166
26237507,163
26237508,166
26237509,166
26237510,166
26237511,163
26237512,163
26237513,166
26237514,162
26237515,163
26237516,144
26237517,166
26237518,163
26237519,166
26237520,163
26237521,163
26237522,166
26237523,166
26237524,162
26237525,166
26237526,163
26237527,166
26237528,166
26237529,166
26237530,163
26237531,166
26237532,162
26237533,166
26237534,166
26237535,166
26237536,163
26237537,163
26237538,163
26237539,166
26237540,166
26237541,166
26237542,144
26237543,163
26237544,163
26237545,162
26237546,166
26237547,166
26237548,163
26237549,163
26237550,166
26237551,166
26237552,166
26237553,166
26237554,163
26237555,162
26237556,166
26237557,164
26237558,163
26237559,166
26237560,163
26237561,166
26237562,166
26237563,163
26237564,166
26237565,162
26237566,166
26237567,163
26237568,166
26237569,163
26237570,164
26237571,163
26237572,166
26237573,162
26237574,166
26237575,166
26237576,164
26237577,166
26237578,163
26237579,163
26237580,166
26237581,163
26237582,166
26237583,166
26237584,166
26237585,163
26237586,164
26237587,163
26237588,166
26237589,162
26237590,163
26237591,166
26237592,166
26237593,164
26237594,166
26237595,163
26237596,163
26237597,166
26237598,163
26237599,166
26237600,163
26237601,166
26237602,166
26237603,163
26237604,164
26237605,163
26237606,166
26237607,164
26237608,166
26237609,163
26237610,163
26237611,166
26237612,164
26237613,163
26237614,166
26237615,163
26237616,166
26237617,163
26237618,166
26237619,163
26237620,164
26237621,163
26237622,164
26237623,166
26237624,163
26237625,166
26237626,163
26237627,166
26237628,163
26237629,166
26237630,162
26237631,163
26237632,163
26237633,163
26237634,162
26237635,162
26237636,162
26237637,162
26237638,162
26237639,162
26237640,162
26237641,162
26237642,162
26237643,162
26237644,162
26237645,162
26237646,163
26237647,162
26237648,163
26237649,163
26237650,163
26237651,164
26237652,163
26237653,163
26237654,163
26237655,163
26237656,163
26237657,164
26237658,163
26237659,163
26237660,163
26237661,163
26237662,163
26237663,163
26237664,163
26237665,163
26237666,163
26237667,163
26237668,163
26237669,163
26237670,163
26237671,163
26237672,163
26237673,163
26237674,163
26237676,163
26237679,163
26237680,163
26237681,163
26237682,163
26237683,163
26237684,163
26237685,163
26237686,163
26237687,163
26237688,163
26237689,163
26237690,163
26237691,163
26237692,163
26237693,163
26237694,163
26237695,163
26237696,163
26237697,163
26237698,163
26237699,163
26237700,163
26237701,163
26237702,163
26237703,163
26237704,163
26237705,163
26237706,163
26237707,163
26237708,163
26237709,163
26237710,163
26237711,163
26237712,163
26237713,163
26237714,163
26237715,163
26237716,166
26237717,163
26237718,166
26237719,166
26237720,166
26237721,166
26237722,166
26237723,166
26237724,166
26237725,166
26237726,166
26237727,166
26237728,164
26237729,166
26237730,164
26237731,164
26237732,164
26237733,164
26237734,164
26237735,164
26237736,164
26237737,164
26237738,164
26237739,164
26237740,164
26237742,164
26237744,164
26237822,166
26237829,163
26237832,163
26237833,166
26237834,163
26237835,166
26237836,166
26237837,166
26237838,166
26237839,166
26237842,166
26238035,163
26238036,166
26238037,166
26238057,144
26238062,162
26238063,163
26238064,162
26238065,163
26238066,163
26238067,163
26238068,163
26238069,163
26238070,163
26238071,163
26238170,166
26238180,166
26238181,166
26238182,166
26238183,166
26238184,166
26238185,166
26238186,166
26238187,166
26238188,166
26238189,166
26238190,166
26238191,166
26238192,166
26238194,166
26238195,166
26238196,166
26238214,166
26238218,166
26238219,166
26238220,166
26238221,166
26238222,166
26238223,166
26238224,166
26238225,166
26238228,166
26238231,166
26238232,166
26238249,166
26238253,166
26238254,166
26238255,166
26238256,166
26238257,166
26238258,166
26238260,166
26238261,166
26238304,166
26238306,163
26238307,163
26238308,166
26238321,167
26238322,177
26238323,167
26238324,177
26238325,177
26238326,167
26243538,709
26243539,702
26243540,702
26243541,702
26243542,702
26243543,702
26243544,702
26243545,702
26243546,702
26243547,702
26243548,702
26243549,702
26243550,702
26243551,702
26243552,702
26243553,702
26243554,702
26243555,702
26243556,702
26243557,702
26243558,702
26243559,705
26243560,705
26243561,705
26243562,705
26243563,705
26243564,705
26243565,705
26243566,705
26243567,705
26243568,705
26243569,705
26243570,705
26243571,705
26243572,705
26243573,705
26243574,705
26243575,705
26243576,705
26243577,705
26243578,705
26243579,744
26243580,744
26243581,705
26243582,744
26243583,744
26243584,744
26243585,744
26243586,744
26243587,744
26243588,744
26243589,744
26243590,744
26243591,744
26243592,744
26243593,746
26243594,744
26243595,744
26243596,746
26243597,746
26243598,746
26243599,746
26243600,746
26243601,746
26243602,746
26243603,746
26243604,746
26243605,746
26243606,746
26243607,746
26243608,746
26243609,746
26243610,746
26243611,746
26243612,746
26243613,746
26243614,746
26243615,746
26243616,746
26243617,746
26243618,746
26243619,746
26243620,746
26243621,748
26243622,746
26243623,748
26243624,748
26243625,746
26243626,748
26243627,748
26243628,748
26243629,748
26243630,748
26243631,748
26243632,748
26243633,748
26243634,748
26243635,748
26243636,748
26243637,748
26243638,748
26243639,748
26243640,748
26243641,748
26243642,748
26243643,748
26243644,748
26243645,758
26243646,758
26243647,758
26243648,758
26243649,758
26243650,758
26243651,758
26243652,758
26243653,758
26243654,758
26243655,758
26243656,758
26243657,758
26243658,758
26243659,758
26243660,758
26243661,758
26243662,758
26243663,758
26243664,758
26243665,744
26243666,758
26243667,758
26243668,758
26243669,758
26243670,758
26243671,758
26243672,758
26243673,758
26243674,758
26243675,744
26243676,758
26243677,744
26243678,744
26243679,744
26243680,744
26243681,744
26243682,744
26243683,744
26243684,744
26243685,744
26243686,709
26243687,709
26243688,744
26243689,744
26243690,744
26243691,709
26243692,709
26243693,709
26243694,709
26243695,709
26243696,709
26243697,709
26243698,709
26243699,709
26243700,709
26243701,709
26243702,709
26243703,709
26243704,709
26243705,709
26243706,709
26243707,709
26243708,709
26243709,709
26243710,709
26243711,709
26243712,709
26243713,709
26243714,709
26243715,709
26243716,709
26243717,709
26243718,709
26243719,709
26243720,709
26243721,709
26243722,709
26243723,709
26243724,709
26243725,709
26243726,709
26243727,709
26243728,709
26243729,709
26243730,709
26243731,709
26243732,709
26243733,709
26243734,709
26243735,709
26243736,709
26243737,709
26243738,709
26243739,707
26243740,707
26243741,707
26243742,707
26243743,707
26243744,707
26243745,707
26243746,707
26243747,707
26243748,707
26243749,707
26243750,707
26243751,707
26243752,707
26243753,707
26243754,707
26243755,707
26243756,707
26243757,744
26243758,744
26243759,707
26243760,707
26243761,744
26243762,707
26243763,707
26243764,744
26243765,705
26243766,705
26243767,705
26243768,705
26243850,702
26243851,702
26243852,702
26243853,702
26243854,702
26243855,702
26243856,702
26243857,702
26243858,702
26243859,702
26243860,702
26243861,702
26243862,702
26243863,702
26243864,702
26243865,702
26243866,702
26243867,702
26243868,746
26243869,746
26243870,746
26243871,746
26243872,746
26243873,746
26243874,746
26243875,746
26243876,746
26243877,746
26243878,746
26243879,746
26243880,746
26243881,746
26243882,746
26243883,746
26243884,746
26243885,746
26243886,746
26243887,707
26243888,707
26243889,746
26243890,746
26243892,707
26243894,707
26243895,707
26243896,707
26243897,707
26243898,707
26243899,707
26243900,707
26243901,707
26243902,707
26243903,707
26243904,707
26243905,707
26243906,707
26243907,707
26243909,748
26243911,744
26243912,744
26243913,748
26243914,748
26243915,744
26243916,748
26243917,748
26243918,748
26243919,748
26243920,744
26243921,748
26243922,709
26243923,709
26243924,709
26243925,709
26243926,709
26243927,709
26243928,709
26243929,709
26243930,709
26243931,709
26243932,709
26243933,709
26243934,709
26243935,709
26243936,709
26243937,709
26243938,709
26243939,709
26243940,709
26243941,709
26243942,709
26243943,709
26243944,709
26243945,709
26243946,709
26243947,722
26243948,709
26243949,709
26243950,722
26243951,722
26243952,722
26243953,709
26243954,707
26243955,709
26243956,707
26243957,709
26243958,707
26243959,709
26243960,709
26243961,709
26243962,707
26243963,707
26243964,709
26243965,709
26243966,707
26243967,709
26243968,707
26243969,709
26243970,707
26243971,709
26243972,709
26243973,707
26243974,709
26243975,707
26243976,709
26243977,709
26243978,707
26243979,709
26243980,707
26243981,709
26243982,709
26243983,709
26243984,709
26243985,707
26243986,707
26243987,707
26243988,709
26243989,709
26243990,707
26243991,709
26243992,709
26243993,709
26243994,709
26243995,709
26243996,709
26243997,709
26243998,744
26243999,748
26244000,748
26244001,748
26244002,744
26244003,748
26244004,748
26244005,748
26244006,748
26244007,748
26244008,748
26244009,748
26244010,748
26244011,709
26244012,722
26244013,722
26244014,758
26244015,758
26244016,758
26244017,758
26244018,758
26244019,758
26244020,758
26244021,758
26244022,758
26244023,722
26244024,758
26244025,758
26244026,758
26244027,758
26244028,758
26244029,758
26244030,758
26244031,722
26244032,758
26244033,744
26244034,705
26244035,744
26244036,758
26244037,744
26244038,758
26244039,705
26244040,705
26244041,744
26244042,758
26244043,744
26244044,758
26244045,705
26244046,744
26244047,758
26244048,758
26244049,705
26244050,744
26244051,744
26244052,705
26244053,744
26244054,705
26244055,758
26244056,744
26244057,758
26244058,744
26244059,705
26244060,705
26244061,744
26244062,744
26244063,758
26244064,744
26244065,758
26244066,744
26244067,758
26244068,744
26244069,705
26244070,705
26244071,744
26244072,705
26244073,744
26244074,758
26244075,744
26244076,705
26244077,744
26244078,758
26244079,744
26244080,744
26244081,758
26244082,758
26244083,705
26244084,744
26244085,744
26244086,758
26244087,705
26244088,744
26244089,758
26244090,744
26244091,705
26244092,758
26244093,705
26244094,744
26244095,758
26244096,758
26244097,744
26244098,744
26244099,744
26244100,744
26244101,744
26244102,744
26244103,744
26244104,744
26244105,744
26244106,744
26244107,744
26244108,744
26244109,744
26244110,744
26244111,744
26244112,744
26244113,744
26244114,744
26244115,744
26244116,744
26244117,744
26244118,744
26244119,744
26244120,744
26244121,744
26244122,744
26244123,744
26244124,746
26244125,746
26244126,746
26244127,746
26244128,746
26244129,746
26244130,746
26244131,746
26244132,746
26244133,746
26244134,746
26244135,746
26244136,746
26244137,746
26244138,746
26244139,746
26244140,746
26244141,746
26244142,746
26244143,746
26244144,746
26244145,702
26244146,702
26244147,702
26244148,702
26244149,702
26244150,702
26244151,702
26244152,702
26244153,702
26244154,702
26244155,702
26244156,702
26244157,702
26244158,702
26244159,748
26244160,702
26244161,702
26244162,702
26244163,702
26244164,748
26244165,748
26244166,748
26244167,705
26244168,705
26244169,705
26244170,748
26244171,748
26244172,705
26244173,748
26244174,705
26244175,705
26244176,748
26244177,705
26244178,748
26244179,705
26244180,748
26244181,748
26244182,748
26244183,705
26244184,748
26244185,705
26244186,705
26244187,748
26244188,705
26244189,748
26244190,705
26244191,705
26244192,705
26244193,748
26244194,705
26244195,748
26244196,705
26244197,705
26244198,748
26244200,748
26244201,705
26244202,705
26244336,468
26244337,468
26244338,468
26244339,468
26244340,468
26244341,468
26244342,468
26244343,468
26244344,468
26244345,468
26244346,468
26244347,468
26244348,468
26244349,468
26244350,468
26244351,468
26244352,468
26244353,468
26244354,468
26244355,468
26244356,468
26244357,468
26244358,468
26244359,468
26244360,468
26244361,468
26244362,468
26244363,468
26244364,468
26244365,468
26244366,468
26244367,468
26244368,468
26244369,468
26244370,468
26244371,468
26244372,468
26244373,468
26244374,468
26244523,313
26244524,313
26244525,313
26244526,315
26244527,554
26244528,554
26244529,554
26244530,554
26244531,554
26244532,554
26244533,554
26244534,554
26244535,554
26244536,554
26244537,554
26244538,554
26244539,554
26244540,554
26244541,554
26244542,554
26244543,554
26244544,554
26244545,554
26244546,554
26244547,554
26244548,554
26244549,554
26244550,554
26244551,554
26244552,554
26244553,554
26244554,554
26244555,554
26244556,554
26244557,554
26244558,554
26244559,554
26244560,554
26244561,554
26244562,554
26244563,554
26244564,554
26244565,554
26244567,554
26244568,554
26244569,554
26244570,459
26244574,459
26244575,459
26244576,459
26244577,459
26244578,459
26244579,459
26244580,459
26244581,459
26244582,459
26244583,459
26244584,459
26244585,459
26244586,459
26244587,459
26244588,459
26244589,459
26244590,459
26244591,459
26244592,459
26244593,459
26244594,459
26244595,459
26244596,459
26244621,554
26244622,554
26244623,554
26244624,554
26244625,554
26244626,406
26244627,554
26244628,554
26244629,554
26244630,554
26244631,554
26244632,406
26244633,406
26244634,406
26244635,406
26244636,406
26244637,406
26244638,406
26244639,406
26244640,406
26244641,406
26244642,406
26244643,406
26244644,406
26244645,406
26244646,406
26244647,406
26244648,406
26244649,406
26244650,406
26244651,406
26244652,406
26244653,406
26244654,406
26244655,406
26244656,406
26244657,406
26244658,406
26244659,406
26244660,406
26244661,406
26244662,406
26244663,406
26244664,406
26244665,406
26244668,315
26244670,406
26244672,406
26244673,315
26244674,406
26244678,402
26244680,410
26244681,402
26244682,402
26244683,412
26244684,402
26244685,401
26244686,410
26244687,401
26244688,410
26244689,401
26244690,410
26244691,412
26244692,410
26244693,402
26244694,410
26244695,410
26244696,410
26244697,401
26244698,401
26244699,410
26244700,410
26244701,401
26244702,410
26244703,410
26244704,410
26244705,410
26244706,410
26244707,410
26244708,412
26244709,412
26244710,412
26244711,412
26244712,412
26244713,402
26244714,410
26244715,412
26244716,412
26244717,401
26244718,412
26244719,401
26244720,401
26244721,401
26244722,412
26244723,401
26244724,410
26244725,401
26244726,410
26244727,410
26244728,410
26244729,401
26244730,410
26244731,412
26244732,401
26244733,412
26244734,410
26244735,410
26244736,410
26244737,410
26244738,410
26244739,401
26244740,410
26244741,401
26244742,410
26244743,401
26244744,410
26244745,401
26244746,401
26244747,412
26244748,410
26244749,402
26244750,412
26244751,401
26244752,402
26244753,402
26244754,402
26244757,412
26244758,412
26244759,400
26244761,412
26244762,402
26244764,400
26244766,400
26244768,400
26244769,400
26244770,400
26244771,400
26244772,400
26244775,400
26244776,400
26244779,400
26244780,400
26244781,400
26244782,400
26244783,400
26244784,400
26244785,400
26244786,400
26244787,400
26244790,400
26244791,400
26244792,400
26244793,400
26244794,400
26244795,400
26244796,400
26244798,400
26244799,400
26244801,400
26244802,400
26244803,400
26244804,400
26244805,400
26244806,400
26244808,400
26244809,400
26244811,400
26244812,400
26244813,400
26244814,400
26244815,400
26244816,400
26244817,400
26244818,400
26244819,400
26244820,400
26244821,400
26244822,400
26244823,400
26244824,400
26244827,400
26244828,400
26244829,400
26244830,400
26244831,400
26244832,400
26244833,400
26244834,400
26244835,400
26244836,400
26244837,400
26244838,400
26244839,400
26244841,400
26244843,400
26244844,400
26244845,400
26244846,400
26244849,400
26244850,400
26244851,400
26244852,400
26244855,400
26244856,400
26244858,400
26244859,400
26244860,400
26244861,400
26244862,400
26244864,400
26244865,400
26244867,400
26244868,400
26244869,400
26244872,400
26244873,400
26244876,400
26244877,400
26244878,400
26244879,400
26244880,403
26244881,403
26244882,403
26244883,403
26244884,403
26244885,403
26244886,403
26244887,403
26244888,403
26244889,403
26244890,403
26244891,403
26244892,403
26244893,403
26244894,403
26244895,403
26244896,403
26244897,403
26244898,403
26244899,403
26244900,403
26244901,403
26244902,403
26244903,403
26244904,403
26244905,403
26244906,403
26244907,403
26244908,403
26244909,403
26244910,403
26244911,403
26244912,403
26244913,403
26244914,403
26244915,403
26244916,403
26244917,403
26244918,403
26244919,403
26244920,403
26244921,403
26244922,403
26244923,403
26244924,403
26244925,403
26244926,403
26244927,408
26244928,403
26244931,410
26244934,402
26244935,408
26244936,408
26244937,408
26244938,408
26244939,408
26244940,408
26244941,408
26244942,408
26244943,408
26244944,408
26244945,408
26244946,408
26244947,408
26244948,408
26244949,408
26244950,408
26244951,408
26244952,408
26244953,408
26244954,408
26244955,408
26244956,408
26244957,408
26244958,408
26244959,408
26244960,408
26244961,408
26244963,408
26244968,408
26244969,408
26244970,408
26245198,551
26245199,551
26245200,551
26245201,551
26245202,551
26245203,551
26245204,551
26245205,551
26245206,551
26245207,551
26245208,551
26245209,551
26245210,551
26245211,551
26245212,551
26245213,551
26245214,551
26245215,551
26245216,551
26245217,551
26245218,551
26245219,551
26245220,551
26245221,551
26245222,551
26245223,551
26245224,551
26245225,551
26245226,551
26245227,551
26245228,551
26245229,551
26245230,551
26245231,551
26245232,551
26245233,551
26245234,551
26245235,551
26245236,551
26245237,551
26245238,551
26245239,551
26245240,551
26245241,551
26245242,551
26245243,551
26245244,551
26245245,551
26245246,551
26245247,551
26245248,551
26245249,551
26245250,551
26245251,551
26245252,551
26245253,551
26245254,551
26245255,551
26245256,551
26245257,551
26245258,551
26245259,551
26245260,551
26245261,551
26245262,551
26245263,551
26245264,551
26245265,551
26245338,313
26245339,313
26245340,315
26245341,401
26245342,401
26245343,401
26245344,401
26245345,401
26245346,401
26245347,401
26245348,410
26245349,410
26245350,410
26245351,410
26245352,410
26245353,410
26245354,410
26245355,410
26245356,410
26245357,410
26245358,410
26245359,410
26245360,410
26245361,410
26245362,410
26245363,410
26245364,410
26245365,410
26245366,410
26245367,410
26245368,410
26245369,410
26245370,401
26245371,459
26245372,401
26245373,313
26245374,459
26245375,459
26245376,459
26245377,459
26245378,459
26245379,459
26245380,459
26245381,459
26245382,459
26245383,459
26245384,459
26245385,459
26245386,459
26245387,459
26245397,406
26245403,406
26245404,406
26245405,406
26245406,406
26245407,406
26245408,406
26245409,406
26245410,406
26245411,406
26245412,406
26245413,406
26245414,406
26245415,406
26245416,406
26245417,406
26245418,406
26245419,406
26245420,406
26245421,406
26245422,406
26245423,406
26245424,406
26245425,406
26245426,406
26245427,406
26245428,406
26245429,406
26245434,401
26245437,401
26245438,401
26245439,402
26245440,402
26245441,401
26245442,401
26245443,402
26245444,402
26245445,315
26245446,402
26245447,401
26245448,315
26245451,554
26245452,554
26245454,554
26245455,554
26245456,554
26245457,554
26245458,554
26245459,554
26245460,554
26245461,554
26245462,554
26245463,554
26245464,554
26245465,554
26245466,554
26245467,554
26245468,554
26245469,554
26245470,554
26245471,554
26245472,554
26245473,554
26245474,554
26245475,554
26245476,554
26245477,554
26245478,554
26245479,554
26245480,554
26245481,554
26245482,554
26245483,554
26245484,554
26245485,554
26245486,554
26245487,554
26245488,554
26245489,554
26245490,554
26245491,554
26245492,554
26245493,554
26245494,554
26245495,554
26245496,554
26245497,554
26245498,554
26245499,554
26245500,554
26245501,554
26245502,554
26245503,401
26245504,554
26245505,401
26245506,402
26245507,412
26245508,401
26245509,412
26245510,410
26245511,412
26245512,412
26245513,412
26245514,412
26245515,412
26245516,412
26245517,412
26245518,412
26245519,412
26245520,400
26245521,412
26245522,412
26245523,400
26245525,400
26245526,400
26245527,400
26245528,400
26245529,400
26245530,400
26245531,400
26245532,400
26245533,400
26245534,400
26245535,400
26245536,400
26245537,400
26245538,400
26245539,400
26245540,400
26245541,400
26245542,400
26245543,400
26245544,400
26245545,400
26245546,400
26245547,400
26245548,400
26245549,400
26245550,400
26245551,400
26245552,400
26245553,400
26245554,400
26245555,400
26245556,400
26245557,400
26245558,400
26245559,400
26245560,400
26245561,400
26245562,400
26245563,400
26245564,400
26245565,400
26245566,400
26245567,400
26245568,400
26245569,400
26245570,400
26245571,400
26245572,400
26245573,400
26245574,400
26245575,400
26245576,400
26245577,400
26245578,400
26245602,403
26245603,403
26245604,403
26245605,403
26245606,403
26245607,403
26245608,403
26245609,403
26245610,403
26245611,403
26245612,403
26245613,403
26245614,403
26245615,403
26245616,403
26245617,403
26245618,403
26245619,403
26245620,403
26245621,403
26245622,403
26245623,403
26245624,403
26245625,403
26245626,403
26245627,403
26245628,403
26245629,403
26245630,403
26245631,403
26245632,403
26245633,403
26245634,403
26245635,403
26245636,403
26245637,403
26245638,403
26245639,403
26245640,402
26245641,403
26245642,408
26245643,403
26245644,402
26245645,408
26245646,408
26245647,408
26245648,408
26245649,408
26245650,408
26245651,408
26245652,408
26245653,408
26245654,408
26245655,408
26245656,408
26245657,408
26245658,408
26245659,408
26245660,408
26245661,408
26245662,408
26245663,408
26245664,408
26245665,408
26245666,408
26245667,408
26245668,408
26245669,408
26245670,408
26245674,408
26245861,551
26245864,551
26245865,551
26245866,551
26245867,551
26245868,551
26245869,551
26245870,551
26245871,551
26245872,551
26245873,551
26245874,551
26245875,551
26245876,551
26245877,551
26245878,551
26245879,551
26245880,551
26245881,551
26245882,551
26245883,551
26245884,551
26245885,551
26245886,551
26245887,551
26245888,551
26245889,551
26245890,551
26245891,551
26245892,551
26245893,551
26245894,551
26245895,551
26245896,551
26245897,551
26245898,551
26245899,551
26245900,551
26245901,551
26245902,551
26245903,551
26245904,551
26245905,551
26245906,551
26245907,551
26245908,551
26245909,551
26245910,551
26245911,551
26245912,551
26245913,551
26245914,551
26245915,551
26245916,551
26245917,551
26245918,551
26245919,551
26245920,551
26245921,551
26245922,551
26245923,551
26245924,551
26245925,551
26245926,551
26245927,551
26245928,551
26245930,551
26245931,551
26246004,313
26246005,313
26246006,313
26246007,315
26246008,401
26246009,402
26246010,410
26246011,410
26246012,410
26246013,410
26246014,410
26246015,410
26246016,410
26246017,410
26246018,410
26246019,410
26246020,410
26246021,410
26246022,410
26246023,410
26246024,410
26246025,410
26246026,463
26246027,410
26246028,410
26246029,410
26246030,463
26246031,406
26246032,463
26246033,463
26246034,463
26246035,463
26246036,463
26246037,463
26246038,554
26246039,463
26246040,463
26246041,463
26246042,463
26246043,554
26246044,554
26246045,554
26246046,554
26246047,554
26246048,554
26246049,554
26246050,554
26246051,554
26246052,554
26246053,554
26246054,554
26246055,554
26246056,554
26246057,554
26246058,554
26246060,554
26246063,554
26246064,554
26246065,410
26246066,410
26246067,554
26246068,554
26246069,554
26246070,554
26246071,554
26246072,554
26246073,554
26246074,554
26246075,554
26246076,554
26246077,554
26246078,554
26246079,554
26246080,554
26246081,554
26246082,410
26246083,410
26246084,463
26246085,554
26246086,554
26246087,554
26246088,463
26246089,463
26246090,463
26246091,463
26246092,463
26246093,463
26246094,463
26246095,463
26246096,463
26246097,463
26246098,463
26246099,554
26246100,554
26246101,554
26246102,554
26246103,554
26246104,554
26246105,554
26246106,554
26246107,554
26246108,555
26246109,406
26246110,554
26246111,554
26246112,555
26246113,406
26246114,406
26246115,406
26246116,406
26246117,406
26246118,406
26246119,406
26246120,406
26246121,406
26246122,406
26246123,406
26246124,406
26246125,406
26246126,406
26246127,406
26246128,406
26246129,406
26246130,406
26246131,406
26246132,406
26246133,406
26246134,406
26246135,406
26246136,406
26246137,406
26246138,406
26246139,406
26246140,406
26246141,406
26246142,406
26246143,402
26246144,555
26246148,555
26246149,555
26246150,402
26246151,402
26246152,402
26246153,402
26246154,402
26246155,402
26246156,402
26246157,402
26246158,402
26246159,402
26246160,402
26246161,402
26246162,402
26246163,401
26246164,401
26246165,401
26246166,401
26246167,401
26246168,401
26246169,401
26246170,401
26246171,401
26246172,401
26246173,401
26246174,401
26246175,401
26246176,401
26246177,406
26246178,406
26246179,401
26246180,315
26246181,315
26246182,406
26246183,406
26246184,406
26246185,406
26246186,406
26246187,406
26246188,406
26246189,406
26246190,406
26246191,406
26246192,406
26246193,406
26246194,406
26246195,406
26246196,406
26246197,406
26246198,406
26246199,406
26246200,406
26246201,406
26246202,406
26246203,406
26246204,406
26246205,406
26246206,406
26246207,406
26246208,406
26246209,406
26246210,406
26246213,410
26246216,406
26246224,401
26246227,400
26246228,400
26246229,400
26246230,400
26246231,400
26246232,400
26246233,400
26246236,400
26246237,403
26246238,403
26246239,403
26246240,403
26246241,400
26246242,400
26246243,403
26246244,403
26246245,400
26246246,400
26246247,403
26246248,400
26246249,400
26246250,400
26246251,400
26246252,400
26246253,400
26246254,403
26246255,403
26246256,400
26246257,400
26246258,400
26246259,403
26246260,403
26246262,400
26246264,400
26246265,400
26246266,400
26246268,400
26246270,400
26246271,400
26246272,403
26246273,403
26246274,403
26246275,403
26246276,400
26246277,400
26246278,400
26246279,403
26246280,403
26246281,403
26246282,400
26246283,403
26246284,400
26246285,403
26246286,403
26246287,403
26246288,400
26246289,400
26246290,400
26246291,400
26246292,403
26246293,403
26246294,403
26246295,400
26246296,400
26246297,400
26246298,400
26246299,400
26246300,400
26246301,403
26246302,400
26246303,400
26246304,403
26246305,400
26246306,400
26246307,400
26246308,400
26246309,400
26246310,400
26246311,403
26246312,403
26246313,400
26246314,403
26246315,403
26246316,400
26246317,400
26246320,403
26246321,403
26246323,400
26246324,400
26246325,400
26246326,400
26246327,400
26246329,403
26246330,400
26246331,403
26246332,403
26246333,403
26246334,400
26246335,400
26246336,400
26246337,400
26246338,400
26246339,400
26246340,400
26246343,400
26246344,400
26246345,400
26246346,400
26246347,403
26246348,400
26246349,400
26246350,400
26246351,403
26246352,403
26246353,400
26246354,403
26246355,403
26246356,400
26246357,400
26246358,400
26246359,400
26246360,403
26246361,403
26246362,403
26246363,403
26246364,400
26246365,400
26246366,400
26246367,403
26246368,403
26246369,403
26246370,400
26246371,400
26246372,403
26246373,403
26246374,403
26246375,403
26246376,403
26246377,400
26246378,403
26246379,403
26246381,400
26246382,400
26246383,400
26246385,400
26246386,400
26246387,400
26246388,400
26246389,400
26246391,403
26246392,403
26246394,400
26246395,403
26246396,403
26246397,403
26246398,403
26246399,403
26246400,403
26246401,400
26246402,400
26246403,400
26246404,400
26246406,400
26246407,400
26246410,400
26246411,400
26246412,403
26246414,403
26246415,403
26246416,403
26246417,402
26246421,400
26246436,410
26246441,408
26246443,408
26246444,408
26246445,408
26246446,408
26246447,408
26246448,408
26246449,408
26246450,408
26246451,408
26246452,408
26246453,408
26246454,408
26246455,408
26246456,408
26246457,408
26246458,554
26246459,408
26246460,554
26246461,408
26246462,408
26246463,554
26246464,554
26246465,408
26246466,408
26246467,408
26246468,408
26246469,408
26246470,408
26246471,408
26246472,408
26246473,408
26246474,408
26246475,408
26246476,408
26246477,408
26246478,408
26246479,408
26246480,408
26246481,408
26246482,408
26246483,408
26246510,408
26246513,408
26246517,555
26246815,459
26246817,459
26246819,459
26246820,459
26246821,459
26246822,459
26246823,459
26246824,459
26246825,459
26246826,459
26246827,459
26246828,459
26246829,459
26246830,459
26246831,459
26246832,459
26246833,459
26246835,459
26246836,459
26246837,459
26246839,459
26246841,459
26246842,459
26246843,459
26246845,459
26246846,459
26246850,459
26246851,459
26246853,459
26246854,459
26246855,459
26246857,459
26246859,459
26246861,459
26246863,459
26246865,459
26246867,459
26246902,551
26246903,551
26246904,551
26246905,551
26246906,551
26246907,551
26246908,551
26246909,551
26246910,551
26246911,551
26246912,551
26246913,551
26246914,551
26246915,551
26246916,551
26246917,551
26246918,551
26246919,551
26246920,551
26246921,551
26246922,551
26246923,551
26246924,551
26246925,551
26246926,551
26246927,551
26246928,551
26246929,551
26246930,551
26246931,551
26246932,551
26246933,551
26246934,551
26246935,551
26246936,551
26246937,551
26246938,551
26246939,551
26246940,551
26246941,551
26246942,551
26246943,551
26246944,551
26246945,551
26246946,551
26246947,551
26246948,551
26246949,551
26246950,551
26246951,551
26246952,551
26246953,551
26246954,551
26246955,551
26246956,551
26246957,551
26246958,551
26246959,551
26246960,551
26246961,551
26246962,551
26246963,551
26247015,402
26247017,402
26247018,402
26247019,401
26247021,402
26247022,402
26247024,410
26247025,410
26247026,410
26247027,410
26247028,412
26247029,412
26247030,412
26247031,412
26247032,412
26247033,412
26247034,412
26247035,412
26247036,412
26247037,412
26247038,412
26247039,412
26247040,412
26247041,412
26247042,412
26247043,412
26247044,412
26247045,412
26247046,410
26247047,412
26247048,412
26247049,412
26247050,410
26247051,412
26247052,410
26247053,412
26247054,402
26247055,412
26247056,401
26247057,412
26247058,412
26247059,412
26247060,410
26247061,412
26247062,412
26247063,401
26247064,402
26247065,412
26247066,401
26247067,412
26247068,412
26247069,401
26247070,402
26247071,410
26247072,412
26247073,412
26247074,412
26247075,402
26247077,402
26247078,412
26247224,195
26247225,195
26247226,195
26247227,195
26247228,195
26247229,195
26247230,195
26247231,195
26247232,195
26247233,192
26247234,192
26247235,192
26247236,192
26247237,192
26247238,192
26247239,192
26247240,192
26247241,192
26247242,192
26247243,192
26247244,197
26247245,197
26247246,197
26247247,197
26247248,197
26247249,197
26247250,197
26247251,197
26247252,197
26247253,197
26247254,197
26247255,197
26247256,197
26247257,197
26247258,197
26247259,197
26247260,197
26247261,197
26247262,197
26247263,197
26247264,197
26247265,197
26247266,197
26247267,198
26247268,197
26247269,198
26247270,198
26247271,198
26247272,198
26247273,198
26247274,198
26247275,161
26247276,198
26247277,161
26247278,198
26247279,161
26247280,161
26247281,161
26247282,161
26247283,161
26247284,161
26247285,161
26247286,161
26247287,161
26247288,161
26247289,161
26247290,161
26247291,161
26247292,161
26247293,161
26247294,161
26247295,161
26247296,161
26247297,161
26247298,161
26247299,161
26247300,161
26247301,161
26247302,161
26247303,161
26247304,161
26247305,161
26247306,161
26247307,161
26247308,161
26247309,161
26247310,191
26247311,161
26247312,161
26247313,191
26247314,191
26247315,191
26247316,191
26247317,191
26247318,194
26247319,194
26247320,194
26247321,194
26247322,194
26247323,194
26247324,194
26247325,194
26247326,194
26247327,194
26247328,194
26247329,194
26247330,194
26247331,194
26247332,194
26247333,194
26247334,161
26247335,194
26247336,161
26247337,161
26247338,161
26247339,161
26247340,161
26247341,161
26247342,161
26247343,161
26247344,161
26247345,161
26247346,161
26247347,161
26247348,161
26247349,161
26247350,161
26247351,161
26247352,161
26247353,161
26247354,161
26247355,161
26247356,161
26247357,161
26247358,161
26247359,161
26247360,161
26247361,161
26247362,161
26247363,161
26247364,161
26247365,161
26247366,161
26247367,161
26247368,161
26247369,191
26247370,191
26247371,191
26247372,191
26247373,191
26247374,191
26247375,191
26247376,191
26247377,191
26247378,192
26247379,192
26247380,192
26247381,192
26247382,192
26247383,192
26247384,192
26247385,192
26247386,194
26247387,192
26247388,192
26247389,195
26247390,195
26247391,195
26247392,198
26247393,195
26247394,195
26247395,195
26247396,198
26247397,195
26247398,195
26247399,198
26247400,198
26247401,197
26247402,198
26247403,198
26247404,197
26247405,197
26247406,197
26247407,197
26247408,197
26247409,197
26247410,197
26247411,197
26247412,197
26247413,197
26247414,197
26247415,197
26247416,197
26247417,197
26247418,197
26247419,197
26247420,197
26247421,197
26247422,197
26247423,197
26247424,197
26247425,191
26247426,197
26247427,191
26247428,197
26247429,197
26247430,197
26247431,198
26247432,197
26247433,197
26247434,197
26247435,197
26247436,192
26247437,192
26247438,192
26247439,192
26247440,192
26247441,192
26247442,192
26247444,192
26247445,192
26247446,192
26247447,198
26247448,192
26247449,192
26247450,198
26247451,198
26247452,198
26247453,198
26247454,198
26247455,198
26247456,198
26247457,194
26247458,190
26247459,190
26247460,198
26247461,198
26247462,190
26247463,190
26247464,190
26247465,190
26247466,190
26247467,190
26247468,190
26247469,190
26247470,190
26247471,190
26247472,190
26247473,190
26247474,190
26247475,190
26247476,190
26247477,190
26247478,190
26247479,190
26247480,190
26247481,190
26247482,190
26247483,190
26247484,190
26247485,190
26247486,190
26247487,190
26247488,190
26247489,190
26247490,190
26247491,190
26247492,190
26247493,190
26247494,190
26247495,190
26247496,190
26247497,190
26247498,190
26247499,190
26247500,190
26247501,190
26247502,190
26247503,190
26247504,190
26247505,190
26247506,190
26247507,190
26247508,190
26247509,190
26247510,190
26247511,190
26247512,190
26247513,190
26247514,190
26247515,190
26247516,190
26247517,190
26247518,190
26247519,190
26247520,190
26247521,190
26247522,190
26247523,190
26247524,190
26247525,190
26247526,190
26247527,190
26247528,190
26247529,190
26247530,190
26247531,190
26247532,190
26247533,190
26247534,190
26247535,190
26247536,190
26247537,190
26247538,190
26247539,190
26247540,190
26247541,190
26247542,190
26247543,190
26247544,190
26247545,190
26247546,190
26247547,190
26247548,190
26247549,190
26247550,190
26247551,190
26247552,190
26247553,190
26247554,190
26247555,190
26247556,190
26247557,190
26247558,190
26247559,190
26247560,190
26247561,190
26247562,190
26247563,190
26247564,190
26247565,190
26247566,190
26247567,190
26247568,190
26247569,190
26247570,190
26247571,190
26247572,190
26247573,190
26247574,190
26247575,190
26247576,190
26247577,190
26247578,190
26247579,190
26247580,190
26247581,190
26247582,190
26247583,190
26247584,190
26247585,190
26247586,190
26247587,190
26247588,190
26247589,190
26247590,190
26247591,190
26247592,190
26247593,190
26247594,190
26247595,190
26247596,190
26247597,190
26247598,190
26247599,190
26247601,190
26247602,190
26247603,190
26247605,192
26247610,192
26247611,192
26247612,192
26247613,192
26247614,161
26247762,160
26247765,160
26247766,160
26247767,160
26247768,160
26247769,160
26247770,160
26247771,160
26247772,160
26247773,160
26247775,160
26247776,160
26247777,160
26247778,160
26247780,160
26247782,160
26247784,160
26247785,160
26247786,160
26247787,160
26247788,160
26247790,160
26247791,160
26247792,160
26247793,160
26247795,160
26247796,160
26247797,160
26247798,160
26247799,160
26247800,160
26247801,160
26247815,161
26247817,161
26247843,161
26247854,195
26247855,195
26247856,195
26247857,195
26247858,195
26247859,195
26247860,195
26247861,195
26247862,198
26247863,198
26247864,198
26247865,198
26247866,198
26247867,198
26247868,198
26247869,198
26247870,197
26247871,197
26247872,197
26247873,197
26247874,197
26247875,197
26247876,197
26247877,197
26247878,197
26247879,197
26247880,197
26247881,197
26247882,197
26247883,197
26247884,197
26247885,197
26247886,191
26247887,191
26247888,191
26247889,191
26247890,191
26247891,191
26247892,194
26247893,194
26247894,194
26247895,194
26247896,194
26247897,194
26247898,194
26247899,194
26247900,190
26247901,190
26247902,194
26247903,190
26247904,190
26247905,190
26247906,190
26247907,190
26247908,190
26247909,190
26247910,190
26247911,190
26247912,190
26247913,190
26247914,190
26247915,190
26247916,190
26247917,190
26247918,190
26247919,190
26247920,190
26247921,190
26247922,190
26247923,190
26247924,190
26247925,190
26247926,190
26247927,190
26247928,190
26247929,190
26247930,190
26247931,190
26247932,190
26247933,190
26247934,190
26247935,190
26247936,190
26247937,190
26247938,190
26247939,190
26247940,190
26247941,190
26247942,190
26247943,190
26247944,190
26247945,190
26247946,190
26247947,190
26247948,190
26247949,190
26247950,190
26247951,190
26247952,190
26247953,190
26247954,190
26247955,190
26247956,190
26247957,190
26247958,190
26247959,190
26247960,190
26247961,190
26247962,190
26247963,190
26247964,190
26247965,190
26247966,190
26247967,190
26247968,190
26247969,190
26247970,190
26247971,190
26247972,190
26247973,190
26247974,190
26247975,190
26247976,190
26247977,190
26247978,190
26247979,190
26247980,190
26247981,190
26247982,190
26247983,190
26247984,190
26247985,190
26247986,190
26247987,190
26247988,190
26247989,190
26247990,190
26247991,190
26247992,190
26247993,190
26247994,190
26247995,190
26247996,190
26247997,190
26247998,190
26247999,190
26248000,190
26248001,190
26248002,190
26248003,190
26248004,190
26248005,190
26248006,190
26248007,192
26248008,192
26248009,192
26248010,192
26248011,192
26248012,194
26248013,192
26248014,192
26248015,192
26248016,194
26248017,194
26248018,194
26248019,194
26248020,191
26248021,194
26248022,194
26248023,194
26248024,191
26248025,191
26248026,191
26248027,191
26248028,191
26248029,191
26248030,191
26248031,191
26248032,192
26248033,192
26248034,192
26248035,192
26248036,192
26248037,192
26248038,192
26248039,192
26248040,194
26248041,195
26248042,195
26248043,195
26248044,195
26248045,198
26248046,195
26248047,195
26248048,195
26248049,198
26248050,198
26248051,198
26248052,197
26248053,198
26248054,198
26248055,197
26248056,197
26248057,197
26248058,197
26248059,197
26248060,197
26248061,197
26248062,197
26248063,197
26248064,197
26248065,197
26248066,197
26248067,197
26248068,191
26248069,197
26248070,191
26248071,198
26248072,198
26248073,197
26248074,190
26248075,198
26248076,198
26248077,198
26248078,192
26248079,198
26248080,198
26248081,192
26248082,192
26248083,161
26248084,161
26248085,161
26248086,161
26248087,161
26248088,161
26248089,161
26248090,161
26248091,161
26248092,161
26248093,161
26248094,161
26248095,161
26248096,161
26248097,161
26248098,161
26248099,161
26248100,161
26248101,161
26248102,161
26248103,161
26248104,161
26248105,161
26248106,161
26248107,161
26248108,161
26248109,161
26248110,161
26248111,161
26248112,161
26248113,161
26248114,161
26248115,161
26248116,161
26248117,161
26248118,161
26248119,161
26248120,161
26248121,161
26248122,161
26248123,161
26248124,161
26248125,161
26248126,161
26248127,161
26248128,161
26248129,161
26248130,161
26248131,161
26248132,161
26248133,190
26248134,190
26248135,190
26248136,190
26248137,190
26248230,160
26248232,160
26248234,160
26248235,160
26248236,160
26248237,160
26248238,160
26248239,160
26248240,160
26248241,160
26248242,160
26248243,160
26248244,160
26248245,160
26248246,160
26248247,160
26248248,160
26248249,160
26248250,160
26248251,160
26248252,160
26248253,160
26248254,160
26248255,160
26248257,190
26248258,190
26248307,161
26248310,161
26248336,165
26248337,165
26248338,165
26248339,165
26248340,165
26248341,165
26248342,165
26248343,165
26248344,165
26248345,165
26248346,165
26248347,165
26248348,165
26248349,165
26248350,165
26248351,165
26248352,165
26248353,165
26248354,165
26248355,165
26248356,165
26248357,165
26248358,165
26248359,165
26248360,165
26248361,165
26248362,165
26248363,165
26248364,165
26248365,165
26248366,165
26248367,165
26248368,165
26248369,165
26248370,165
26248371,165
26248372,165
26248373,165
26248374,165
26248375,165
26248376,165
26248377,165
26248378,165
26248379,165
26248380,165
26248381,165
26248382,167
26248383,167
26248384,167
26248385,167
26248386,167
26248387,167
26248388,167
26248389,167
26248390,167
26248391,167
26248392,167
26248393,167
26248394,167
26248395,167
26248396,167
26248397,167
26248398,167
26248399,167
26248400,168
26248401,168
26248402,167
26248403,168
26248404,168
26248405,168
26248406,167
26248407,167
26248408,167
26248409,167
26248410,167
26248411,167
26248412,167
26248413,167
26248414,167
26248415,167
26248416,167
26248417,165
26248418,167
26248419,165
26248420,165
26248421,165
26248422,165
26248423,165
26248424,165
26248425,165
26248426,165
26248427,165
26248428,165
26248429,165
26248430,165
26248431,165
26248432,165
26248433,165
26248434,165
26248435,165
26248436,165
26248437,165
26248438,165
26248439,167
26248440,165
26248441,165
26248442,165
26248443,167
26248444,167
26248445,167
26248446,167
26248447,167
26248448,167
26248449,167
26248450,167
26248451,167
26248452,167
26248453,167
26248454,167
26248455,165
26248456,167
26248457,165
26248458,165
26248459,168
26248460,165
26248461,165
26248462,165
26248463,167
26248464,165
26248465,168
26248466,167
26248467,165
26248468,165
26248469,165
26248470,167
26248471,167
26248472,168
26248473,165
26248474,168
26248475,165
26248476,167
26248477,165
26248478,167
26248479,167
26248480,165
26248481,165
26248482,168
26248483,165
26248484,165
26248485,167
26248486,165
26248487,167
26248488,165
26248489,168
26248490,167
26248491,165
26248492,165
26248493,165
26248494,167
26248495,168
26248496,167
26248497,167
26248498,165
26248499,165
26248500,165
26248501,167
26248502,168
26248503,167
26248504,165
26248505,167
26248506,165
26248507,167
26248508,165
26248509,165
26248510,168
26248511,167
26248512,165
26248513,167
26248514,165
26248515,167
26248516,167
26248517,167
26248518,168
26248519,167
26248520,167
26248521,165
26248522,165
26248523,165
26248524,168
26248525,165
26248526,165
26248527,167
26248528,165
26248529,167
26248530,167
26248531,167
26248532,165
26248533,167
26248534,168
26248535,165
26248536,167
26248537,168
26248538,165
26248539,167
26248540,167
26248541,167
26248542,165
26248543,165
26248544,165
26248545,165
26248546,167
26248547,168
26248548,165
26248549,165
26248550,165
26248551,167
26248552,167
26248553,167
26248554,165
26248555,167
26248556,167
26248557,168
26248558,165
26248559,165
26248560,167
26248561,165
26248562,167
26248563,165
26248564,165
26248565,168
26248566,167
26248567,167
26248568,165
26248569,167
26248570,167
26248571,168
26248572,165
26248573,165
26248574,167
26248575,165
26248576,167
26248577,168
26248578,168
26248579,165
26248580,168
26248581,168
26248582,168
26248583,168
26248584,168
26248585,168
26248586,168
26248587,168
26248588,168
26248590,168
26248591,168
26248592,168
26248628,165
26248630,165
26248631,165
26248632,165
26248633,165
26248635,165
26248636,165
26248656,165
26248663,165
26248664,165
26248770,165
26248772,168
26248773,168
26248774,168
26248775,168
26248776,168
26248777,168
26248778,168
26248779,168
26248780,168
26248781,168
26248782,168
26248783,168
26248784,168
26248785,168
26248786,165
26248787,165
26248788,165
26248789,165
26248790,165
26248791,165
26248792,165
26248793,165
26248794,165
26248795,165
26248796,165
26248797,165
26248798,165
26248799,165
26248800,165
26248801,165
26248802,165
26248803,165
26248804,165
26248805,165
26248806,165
26248807,165
26248808,165
26248809,165
26248810,165
26248811,165
26248812,165
26248813,165
26248814,165
26248815,165
26248816,165
26248817,167
26248818,165
26248819,167
26248820,167
26248821,167
26248822,167
26248823,167
26248824,167
26248825,167
26248826,167
26248827,165
26248828,167
26248829,165
26248830,167
26248831,167
26248832,165
26248833,165
26248834,165
26248835,165
26248836,165
26248837,165
26248838,165
26248839,165
26248840,165
26248841,165
26248842,165
26248843,165
26248844,165
26248845,165
26248846,165
26248847,165
26248848,167
26248849,167
26248850,165
26248851,165
26248852,167
26248853,168
26248854,165
26248855,168
26248856,165
26248857,168
26248858,165
26248859,165
26248860,165
26248861,165
26248862,168
26248863,165
26248864,165
26248865,165
26248866,165
26248867,167
26248868,165
26248869,168
26248870,165
26248871,165
26248872,165
26248873,167
26248874,168
26248875,168
26248876,165
26248877,165
26248878,165
26248879,165
26248880,165
26248881,167
26248882,168
26248883,165
26248884,168
26248885,165
26248886,165
26248887,165
26248888,167
26248889,165
26248890,167
26248891,165
26248892,167
26248893,165
26248894,165
26248895,168
26248896,165
26248897,167
26248898,167
26248899,165
26248900,165
26248901,167
26248902,168
26248903,167
26248904,167
26248905,167
26248906,165
26248907,168
26248908,165
26248909,165
26248910,165
26248911,167
26248912,167
26248913,167
26248914,165
26248915,167
26248916,168
26248917,165
26248918,165
26248919,167
26248920,165
26248921,168
26248922,167
26248923,165
26248924,167
26248925,167
26248926,165
26248927,165
26248928,165
26248929,167
26248930,165
26248931,168
26248932,167
26248933,165
26248935,167
26248936,167
26248937,165
26248938,168
26248939,167
26248940,168
26248941,168
26248943,168
26248945,168
26249043,165
26249044,165
26249045,165
26249046,165
26249047,165
26249048,165
26249049,165
26249050,165
26249051,165
26249052,165
26249053,165
26249054,165
26249055,165
26249056,165
26249057,165
26249058,165
26249059,165
26249060,165
26249061,165
26249062,165
26249063,165
26249064,165
26249065,165
26249066,165
26249067,165
26249068,165
26249069,165
26249070,165
26249071,165
26249072,165
26249073,165
26249074,165
26249075,165
26249076,165
26249077,165
26249078,165
26249079,165
26249080,165
26249081,165
26249082,165
26249083,165
26249084,165
26249085,165
26249086,165
26249087,165
26249088,165
26249089,165
26249090,165
26249091,165
26249092,165
26249093,165
26249094,165
26249095,165
26249096,165
26249097,165
26249098,165
26249099,165
26249100,165
26249101,165
26249102,165
26249103,165
26249104,165
26249105,165
26249106,165
26249107,165
26249108,165
26249109,165
26249110,165
26249111,165
26249112,165
26249113,165
26249114,165
26249115,165
26249116,165
26249117,165
26249118,165
26249119,165
26249120,165
26249121,165
26249122,165
26249123,165
26249124,165
26249125,165
26249126,165
26249127,165
26249128,165
26249129,165
26249130,165
26249131,165
26249132,165
26249133,165
26249134,165
26249135,165
26249136,165
26249137,165
26249138,165
26249139,165
26249140,165
26249141,165
26249142,165
26249143,165
26249144,165
26249145,165
26249146,165
26249147,165
26249148,165
26249149,165
26249150,165
26249151,165
26249152,165
26249153,165
26249154,165
26249155,165
26249156,165
26249157,165
26249158,165
26249159,165
26249160,165
26249161,165
26249162,165
26249163,165
26249164,165
26249165,165
26249166,165
26249167,165
26249168,165
26249169,165
26249170,165
26249171,165
26249172,165
26249173,165
26249174,165
26249175,165
26249176,165
26249177,165
26249178,165
26249179,165
26249180,165
26249181,165
26249182,165
26249183,165
26249184,165
26249185,165
26249186,165
26249187,165
26249188,165
26249189,165
26249190,165
26249191,165
26249192,165
26249193,165
26249194,165
26249195,165
26249196,165
26249197,165
26249198,165
26249199,165
26249200,165
26249201,165
26249202,165
26249203,165
26249204,165
26249205,165
26249206,165
26249207,165
26249208,165
26249209,165
26249210,165
26249211,165
26249212,165
26249213,165
26249214,165
26249215,165
26249216,165
26249217,165
26249218,165
26249219,165
26249220,165
26249221,165
26249222,165
26249223,165
26249224,165
26249225,165
26249226,165
26249227,165
26249228,165
26249229,165
26249230,165
26249231,165
26249232,165
26249233,165
26249234,165
26249235,165
26249236,165
26249237,165
26249238,165
26249239,165
26249240,165
26249241,165
26249242,165
26249243,165
26249244,165
26249245,165
26249246,167
26249247,165
26249248,167
26249249,165
26249250,167
26249251,167
26249252,167
26249253,167
26249254,167
26249255,167
26249256,167
26249257,167
26249258,167
26249259,167
26249260,167
26249261,167
26249262,167
26249263,167
26249264,167
26249265,167
26249266,167
26249267,167
26249268,167
26249269,167
26249270,167
26249271,177
26249272,167
26249273,177
26249274,167
26249275,167
26249276,177
26249277,177
26249278,177
26249279,177
26249280,177
26249281,177
26249282,177
26249283,177
26249284,177
26249285,177
26249286,167
26249287,177
26249288,167
26249289,167
26249290,167
26249291,167
26249292,167
26249293,167
26249294,167
26249295,167
26249296,167
26249297,167
26249298,167
26249299,167
26249300,177
26249301,167
26249302,167
26249303,167
26249304,167
26249305,177
26249306,177
26249307,167
26249308,167
26249309,177
26249310,177
26249311,177
26249312,177
26249313,167
26249314,177
26249315,177
26249316,177
26249317,177
26249318,177
26249319,177
26249320,177
26249321,177
26249322,167
26249323,177
26249324,177
26249325,177
26249326,167
26249327,167
26249328,167
26249329,167
26249330,167
26249331,167
26249332,167
26249333,167
26249334,167
26249335,167
26249336,167
26249337,167
26249338,167
26249339,167
26249340,167
26249341,167
26249342,167
26249343,167
26249344,167
26249345,167
26249346,167
26249347,167
26249348,167
26249349,167
26249350,167
26249351,167
26249352,167
26249353,167
26249354,165
26249355,165
26249356,177
26249357,165
26249358,177
26249359,165
26249360,165
26249361,165
26249362,177
26249363,165
26249364,177
26249365,165
26249366,165
26249367,177
26249368,177
26249369,165
26249370,177
26249371,167
26249372,165
26249373,165
26249374,165
26249375,177
26249376,167
26249377,177
26249378,165
26249379,165
26249380,167
26249381,165
26249382,177
26249383,165
26249384,165
26249385,165
26249386,165
26249387,177
26249388,177
26249389,177
26249390,177
26249391,167
26249392,167
26249393,167
26249394,165
26249395,165
26249396,165
26249397,165
26249398,165
26249399,165
26249400,165
26249401,165
26249402,165
26249403,165
26249404,165
26249405,165
26249406,165
26249407,165
26249408,165
26249409,165
26249410,165
26249411,165
26249413,165
26249419,165
26249421,165
26249423,167
26249424,167
26249426,167
26249427,165
26249430,177
26249436,177
26249437,177
26249439,168
26249440,168
26249441,168
26249442,168
26249443,168
26249444,168
26249445,168
26249446,168
26249447,168
26249448,168
26249449,168
26249450,168
26249451,168
26249452,168
26249453,168
26249454,168
26249455,168
26249456,168
26249457,168
26249458,168
26249459,168
26249460,168
26249461,168
26249462,168
26249463,168
26249464,168
26249465,168
26249466,168
26249467,168
26249468,157
26249469,155
26249470,168
26249471,168
26249472,168
26249473,155
26249474,157
26249475,168
26249476,155
26249477,168
26249478,155
26249479,155
26249480,168
26249481,155
26249482,157
26249483,168
26249484,157
26249485,168
26249486,168
26249487,168
26249488,168
26249489,168
26249490,168
26249491,168
26249492,168
26249493,168
26249494,168
26249495,168
26249496,168
26249497,168
26249498,168
26249499,168
26249500,168
26249501,168
26249502,168
26249503,168
26249504,168
26249505,168
26249506,168
26249507,168
26249508,168
26249509,168
26249510,168
26249511,168
26249512,168
26249513,157
26249514,155
26249515,155
26249516,157
26249517,157
26249518,155
26249520,155
26249537,177
26249541,177
26249776,165
26249777,167
26249778,165
26249779,165
26249780,177
26249782,177
26249783,177
26249784,177
26249822,168
26249823,168
26249824,168
26249847,165
26249851,165
26249852,165
26249853,165
26249854,165
26249855,165
26249856,165
26249859,165
26249860,165
26249861,167
26249862,165
26249863,165
26249865,168
26249866,168
26249868,177
26249872,177
26249947,167
26249948,167
26249949,167
26249950,177
26249951,167
26249952,167
26249953,177
26249977,167
26249982,167
26249983,167
26249997,177
26250000,177
26250002,165
26250003,165
26250004,165
26250028,890
26250029,890
26250030,890
26250031,890
26250032,890
26250033,890
26250034,890
26250035,891
26250036,891
26250037,891
26250038,891
26250039,891
26250040,891
26250041,890
26250042,890
26250043,891
26250044,890
26250045,890
26250046,890
26250047,890
26250048,890
26250049,890
26250050,891
26250051,891
26250052,891
26250053,890
26250054,891
26250055,891
26250056,890
26321830,319
26321831,319
26321832,319
26321833,319
26321834,319
26321835,319
26321836,319
26321837,319
26321838,319
26321839,319
26321840,319
26321841,319
26321842,319
26321843,319
26321845,137
26321857,137
26323834,316
26323835,316
26323840,316
26323841,316
26323855,316
26323857,316
26323858,316
26323859,316
26323867,316
26323869,316
26323870,316
26323871,316
26323878,510
26323879,510
26323880,510
26323881,510
26323882,510
26323883,510
26323884,510
26323885,510
26323886,510
26323887,510
26323888,510
26323889,510
26323890,510
26323893,510
26323894,510
26323895,510
26323896,510
26323897,510
26323898,510
26323899,510
26323900,510
26323901,510
26323902,510
26324688,13
26324689,13
26324690,13
26324691,13
26324692,13
26324693,13
26324694,13
26324695,13
26324696,13
26324697,13
26324698,13
26324699,13
26324700,13
26324701,13
26324702,13
26324703,13
26324704,13
26324705,13
26324706,13
26324707,13
26324708,13
26324709,13
26324710,13
26324711,13
26324712,13
26324713,13
26324714,13
26324715,13
26324716,13
26324717,13
26324718,13
26324719,13
26324720,13
26324721,13
26324722,13
26324723,13
26324724,13
26324725,13
26324726,13
26324727,13
26324728,13
26324729,13
26324730,13
26324731,13
26324732,13
26324733,13
26324734,13
26324735,13
26324736,13
26324737,13
26324738,13
26324739,13
26324740,13
26324741,13
26324742,13
26324743,13
26324744,13
26324745,13
26324746,13
26324747,13
26324748,13
26324749,13
26324750,13
26324751,13
26324752,13
26324753,13
26324754,13
26324755,13
26324756,13
26324757,13
26324758,13
26324759,13
26324760,13
26324761,13
26324762,13
26324763,13
26324764,13
26324765,13
26324766,13
26324767,13
26324768,13
26324769,13
26324770,13
26324771,13
26324772,13
26324773,13
26324774,13
26324775,13
26324776,13
26324777,13
26324778,13
26324779,13
26324780,13
26324781,13
26324782,13
26324783,13
26324784,13
26324785,13
26324786,13
26324787,13
26324788,13
26324789,13
26324790,13
26324791,13
26324792,13
26324793,13
26324794,13
26324795,13
26324796,13
26324797,13
26324798,13
26324799,13
26324800,13
26324801,13
26324802,13
26324803,13
26324804,13
26324805,13
26324806,13
26324807,13
26324808,13
26324809,13
26324810,13
26324811,13
26324812,13
26324813,13
26324814,13
26324815,13
26324816,13
26324817,13
26324818,13
26324819,13
26324820,13
26324821,13
26324822,13
26324823,13
26324824,13
26324825,13
26324826,13
26324827,13
26324828,13
26324829,13
26324830,13
26324831,13
26324832,13
26324833,13
26324834,13
26324835,13
26324836,13
26324837,13
26324838,13
26324839,13
26324840,13
26324841,13
26324842,13
26324843,13
26324844,13
26324845,13
26324846,13
26324847,13
26324848,13
26324849,13
26324958,99
26324959,99
26324960,99
26324961,99
26324962,99
26324963,99
26324964,99
26324965,99
26324966,99
26324967,99
26324968,99
26324969,99
26324970,99
26324971,99
26324972,99
26324973,99
26324974,99
26324975,99
26324976,99
26324977,99
26324978,99
26324979,99
26324980,99
26324981,99
26324982,99
26324983,99
26324984,99
26324985,99
26324986,99
26324987,99
26324988,99
26324989,99
26324990,99
26324991,99
26324992,99
26324993,99
26324994,99
26324995,99
26324996,99
26324997,99
26324998,99
26324999,99
26325000,99
26325001,99
26325002,99
26325003,99
26325004,99
26325005,99
26325006,99
26325007,99
26325008,99
26325009,99
26325010,99
26325011,99
26325012,99
26325013,99
26325014,99
26325015,99
26325016,99
26325017,99
26325018,99
26325019,99
26325020,99
26325021,99
26325022,99
26325023,99
26325024,99
26325025,99
26325026,99
26325027,99
26325028,99
26325029,99
26325030,99
26325031,99
26325032,99
26325033,99
26325034,99
26325035,99
26325036,99
26325037,99
26325038,99
26325039,99
26325040,99
26325041,99
26325042,99
26325043,99
26325044,99
26325045,99
26325046,99
26325047,99
26325048,99
26325049,99
26325050,99
26325051,99
26325052,99
26325053,99
26325054,99
26325055,99
26325056,99
26325057,99
26325058,99
26325059,99
26325060,99
26325061,99
26325062,99
26325063,99
26325064,99
26325065,99
26325114,13
26325115,13
26325116,13
26325117,13
26325118,13
26325119,13
26325120,13
26325121,13
26325122,13
26325123,13
26325124,13
26325125,13
26325126,13
26325127,13
26325128,13
26325129,13
26325130,13
26325131,13
26325132,13
26325133,13
26325134,13
26325135,13
26325136,13
26325137,13
26325138,13
26325139,13
26325140,13
26325141,13
26325142,13
26325143,13
26325144,13
26325145,13
26325146,13
26325147,13
26325148,13
26325149,13
26325150,13
26325151,13
26325152,13
26325153,13
26325154,13
26325155,13
26325156,13
26325157,13
26325158,13
26325159,13
26325160,13
26325161,13
26325162,13
26325163,13
26326059,31
26326060,31
26326061,31
26326066,31
26326067,31
26326068,31
26326069,31
26326070,31
26326087,31
26326088,31
26326090,31
26326091,31
26326093,31
26326095,31
26326096,31
26326098,31
26326099,31
26326100,31
26326101,31
26326102,31
26326103,31
26326104,31
26326105,31
26326106,31
26326107,31
26326109,31
26326110,31
26326111,31
26326112,31
26326113,31
26326115,31
26326116,31
26326118,31
26326119,31
26326120,31
26326121,31
26326125,31
26326127,31
26326128,31
26326129,31
26326130,31
26326132,31
26326135,31
26326136,31
26326137,31
26326138,31
26326141,31
26326142,31
26326144,31
26326145,31
26326147,31
26326148,31
26326149,31
26326150,31
26326151,31
26326152,31
26326153,31
26326154,31
26326156,31
26326157,31
26326158,31
26326159,31
26326161,31
26326162,31
26326163,31
26326164,31
26326165,31
26326166,31
26326167,31
26326168,31
26326169,31
26326170,31
26326171,31
26326172,31
26326174,31
26326176,31
26326177,31
26326178,31
26326180,31
26326182,31
26326183,31
26326184,31
26326185,31
26326186,31
26326187,31
26326188,31
26326189,31
26326191,31
26326193,31
26326195,31
26326196,31
26326197,31
26326198,31
26326199,31
26326202,31
26326203,31
26326204,31
26326205,31
26326208,31
26326209,31
26326211,31
26326212,31
26326214,31
26326215,31
26326216,31
26326217,31
26326218,31
26326219,31
26326220,31
26326221,31
26326222,31
26326223,31
26326224,31
26326225,31
26326226,31
26326227,31
26326228,31
26326229,31
26326230,31
26326231,31
26326232,31
26326233,31
26326234,31
26326235,31
26326236,31
26326237,31
26326238,31
26326239,31
26326240,31
26326241,31
26326242,31
26326243,39
26326244,39
26326245,39
26326246,39
26326247,39
26326248,39
26326249,39
26326250,39
26326251,39
26326252,39
26326253,39
26326254,39
26326255,39
26326256,39
26326257,39
26326258,39
26326259,39
26326260,39
26326261,39
26326262,39
26326263,39
26326264,39
26326265,39
26326266,39
26326267,39
26326268,39
26326269,39
26326270,39
26326271,39
26326272,39
26326273,39
26326274,39
26326275,39
26326276,39
26326277,39
26326278,39
26326279,39
26326280,39
26326281,39
26326282,39
26326283,39
26326284,39
26326285,39
26326286,39
26326287,39
26326288,39
26326289,39
26326290,39
26326291,39
26326292,39
26326293,39
26326294,39
26326295,39
26326296,39
26326297,39
26326298,39
26326299,39
26326300,39
26326301,39
26326302,39
26326303,39
26326304,39
26326305,39
26326306,39
26326307,39
26326308,39
26326309,39
26326310,39
26326311,39
26326312,39
26326313,39
26326314,39
26326315,39
26326316,39
26326317,39
26326318,39
26326319,39
26326320,39
26326321,39
26326322,39
26326323,39
26326324,39
26326325,39
26326326,39
26326327,39
26326328,39
26326329,39
26326330,39
26326331,39
26326332,39
26326333,39
26326334,39
26326335,39
26326336,39
26326337,39
26326338,39
26326339,39
26326340,39
26326341,39
26326342,39
26326343,39
26326344,39
26326345,39
26326346,39
26326347,39
26326348,39
26326349,39
26326350,39
26326351,39
26326352,39
26326353,39
26326354,39
26326355,39
26326356,39
26326357,39
26326358,39
26326359,39
26326360,39
26326361,39
26326362,39
26326363,39
26326364,39
26326365,39
26326366,39
26326367,39
26326368,39
26326369,39
26326370,39
26326371,39
26326372,39
26326373,39
26326374,39
26327106,510
26327107,510
26327108,510
26327111,510
26327112,510
26327113,510
26327114,510
26327115,510
26327116,510
26327117,510
26327118,510
26327119,510
26327120,510
26327121,510
26327122,510
26327123,510
26341659,129
26341660,129
26341661,129
26341662,129
26341663,129
26341664,129
26341665,129
26342885,551
26342886,551
26342887,551
26342888,551
26342889,551
26342890,551
26342891,551
26342892,551
26342893,551
26342894,551
26342985,551
26342986,551
26342987,551
26342988,551
26342989,551
26342990,551
26342991,551
26342992,551
26342993,551
26342994,551
26343085,551
26343086,551
26343087,551
26343088,551
26343089,551
26343090,551
26343091,551
26343092,551
26343093,551
26343094,551
26343401,316
26343402,316
26343403,316
26343404,316
26343603,316
26343604,316
26343605,316
26343606,316
26343611,316
26343612,316
26343613,316
26343614,316
26344068,10
26344069,10
26344071,119
26344072,119
26344075,10
26369795,80
26369796,80
26369797,80
26369798,80
26369799,80
26369800,80
26369801,80
26369802,80
26369803,80
26369804,80
26369805,80
26369806,80
26369807,80
26369808,80
26369809,80
26369810,80
26369811,80
26369812,80
26369813,80
26369814,80
26369815,80
26369816,80
26369817,80
26369818,80
26369819,80
26369820,80
26369821,80
26369822,80
26369823,80
26369824,80
26369825,80
26369826,80
26369827,80
26369828,80
26369829,80
26369830,80
26369831,80
26369832,80
26369833,80
26369834,80
26369835,80
26369836,80
26369837,80
26369838,80
26369839,80
26369840,80
26369841,80
26369842,80
26369843,80
26369844,80
26369845,80
26369846,80
26369847,80
26369848,80
26369849,80
26369850,80
26369851,80
26369852,80
26369853,80
26369854,80
26369855,80
26369856,80
26369857,80
26369858,80
26369859,80
26369860,80
26369861,80
26369862,80
26375107,80
26375108,80
26375109,80
26375110,80
26375111,80
26375112,80
26375113,80
26375114,80
26375115,80
26375116,80
26375117,80
26375118,80
26375119,80
26375120,80
26375121,80
26375122,80
26375123,80
26375124,80
26375125,80
26375126,80
26375127,80
26375128,80
26375129,80
26375130,80
26375131,80
26375132,80
26375133,80
26375134,80
26375135,80
26375136,80
26375137,80
26375138,80
26375139,87
26375140,87
26375141,87
26375142,87
26375143,87
26375144,87
26375145,87
26375146,87
26375147,87
26375148,87
26375149,87
26375150,87
26375151,80
26375152,87
26375153,80
26375154,87
26375155,87
26375156,80
26375157,87
26375158,87
26375159,80
26375160,87
26375161,87
26375162,80
26375163,80
26375164,87
26375165,87
26375166,80
26375167,87
26375168,80
26375169,87
26375170,87
26375171,80
26375172,87
26375173,80
26375174,87
26375175,80
26375176,87
26375177,80
26375178,87
26375179,87
26375180,80
26375181,87
26375182,80
26375183,87
26375184,80
26375185,87
26375186,87
26375187,80
26375188,87
26375189,87
26375190,80
26375191,87
26375192,80
26375193,87
26375194,87
26375195,80
26375196,87
26375197,80
26375198,80
26375199,87
26375200,80
26375201,87
26375202,87
26375203,80
26375204,87
26375205,80
26375206,87
26375207,87
26375208,80
26375209,87
26375210,80
26375211,87
26375212,87
26375213,80
26375214,87
26375215,87
26375216,80
26375217,87
26375218,80
26375219,87
26375220,87
26375221,80
26375222,87
26375223,80
26375224,87
26375225,87
26375226,80
26375227,87
26375228,87
26375229,80
26375230,87
26375231,80
26375232,87
26375233,80
26375234,80
26375235,87
26375236,80
26375237,87
26375238,80
26375239,87
26375240,80
26375241,87
26375242,80
26375243,87
26375244,80
26375245,87
26375246,80
26375247,87
26375248,87
26375249,80
26375250,87
26375251,80
26375252,87
26375253,80
26375254,87
26375255,80
26375256,87
26375257,87
26375258,80
26375259,87
26375260,80
26375261,87
26375262,87
26375263,80
26375264,87
26375265,80
26375266,87
26375267,80
26375268,87
26375269,80
26375270,87
26375271,80
26375272,87
26375273,87
26375274,80
26375275,87
26375276,80
26375277,87
26375278,80
26375279,87
26375280,87
26375281,80
26375282,87
26375283,80
26375284,87
26375285,80
26375286,80
26375287,87
26375288,80
26375289,87
26375290,87
26375291,80
26375292,80
26375293,87
26375294,80
26375295,87
26375296,80
26375297,87
26375298,87
26375299,80
26375300,87
26375301,80
26375302,87
26375303,80
26375304,87
26375305,80
26375306,87
26375307,87
26375308,80
26375309,87
26375310,80
26375311,87
26375312,80
26375313,87
26375314,87
26375315,80
26375316,87
26375317,87
26375318,80
26375319,87
26375320,80
26375321,87
26375322,87
26375323,80
26375324,87
26375325,80
26375326,87
26375327,80
26375328,87
26375329,87
26375330,80
26375331,87
26375332,80
26375333,87
26375334,80
26375335,80
26375336,87
26375337,80
26375338,87
26375339,87
26375340,80
26375341,87
26375342,80
26375343,87
26375344,87
26375345,80
26375346,87
26375347,80
26375348,87
26375349,80
26375350,87
26375351,80
26375352,87
26375353,87
26375354,87
26375355,87
26375356,87
26375357,87
26375358,87
26375359,87
26375360,87
26375361,87
26375362,87
26375363,87
26375364,87
26375365,87
26375366,87
26375367,87
26375368,87
26375369,87
26375370,87
26375371,87
26375372,87
26375373,87
26375374,87
26375375,87
26375376,87
26375377,87
26375378,87
26375379,87
26375380,87
26375381,87
26375382,87
26375383,87
26375384,87
26375385,87
26375386,87
26375387,87
26375388,87
26375389,87
26375390,87
26375391,87
26375392,87
26375393,87
26375394,87
26375395,87
26375396,87
26375397,87
26375398,87
26375399,87
26375400,87
26375401,87
26375402,87
26375403,87
26375404,87
26375405,87
26375406,87
26375407,87
26375408,87
26375409,87
26375410,87
26375411,87
26375412,87
26375413,87
26375414,87
26375415,87
26375416,87
26375417,87
26375418,87
26375419,87
26375420,87
26375421,87
26375422,87
26375423,87
26375424,87
26375425,87
26375426,87
26375427,87
26375428,87
26375429,87
26375430,87
26375431,87
26375432,87
26375433,87
26375434,87
26375435,87
26375436,87
26375437,87
26375438,87
26375439,87
26375440,87
26375441,87
26375442,87
26375443,87
26375444,87
26375445,87
26375446,87
26375447,87
26375448,87
26375449,87
26375450,87
26375451,87
26375452,87
26375453,87
26375454,87
26375455,87
26375456,87
26375457,87
26375458,80
26375459,80
26375460,80
26375461,80
26375462,80
26375463,80
26375464,80
26375465,80
26375466,80
26375467,80
26375468,80
26375469,80
26375470,80
26375471,80
26375472,80
26375473,80
26375474,80
26375475,87
26375476,80
26375477,80
26375478,80
26375479,80
26375480,80
26375481,80
26375482,80
26375483,80
26375484,80
26375485,80
26375486,80
26375487,80
26375488,80
26375489,80
26375490,80
26375491,80
26375492,80
26375493,87
26375494,80
26375495,87
26375496,87
26375497,87
26395367,355
26395368,355
26395369,355
26395370,355
26395371,355
26395372,355
26395373,355
26395374,355
26395375,355
26395376,355
26395377,355
26395378,355
26395379,355
26395380,355
26395381,355
26395382,355
26395383,355
26395384,355
26395385,355
26395386,355
26395387,355
26395388,355
26395389,355
26395390,355
26395391,355
26395392,355
26395393,355
26395394,355
26395395,355
26395396,355
26395397,355
26395398,355
26395399,355
26395400,355
26395401,355
26395402,355
26395674,316
26395679,316
26395685,316
26395688,316
26396613,316
26396621,316
26396625,316
26396627,316
26396630,316
26396631,316
26396634,316
26396635,316
26400544,355
26400545,355
26400546,355
26400547,355
26400548,355
26400549,355
26400550,355
26400551,355
26400552,355
26400553,355
26400554,355
26400555,355
26400556,355
26400557,355
26400558,355
26400559,355
26400560,355
26400561,355
26400562,355
26400563,355
26400564,355
26400565,355
26400566,355
26400567,355
26400568,355
26400569,355
26400570,355
26400571,355
26400572,355
26400573,355
26400574,355
26400575,355
26400576,355
26400577,355
26400578,355
26400579,355
26400580,355
26400581,355
26400582,355
26400583,355
26400584,355
26400585,355
26400586,355
26400587,355
26400588,355
26400589,355
26400590,355
26400591,355
26403544,552
26403545,552
26403549,552
26403550,552
26455670,552
26455671,552
26459922,5
26459923,5
26459924,5
26459925,5
26459926,5
26459927,5
26459928,5
26459929,5
26459930,5
26459931,5
26459932,5
26459933,5
26459934,5
26459935,5
26459936,5
26459937,5
26459938,5
26459939,5
26459940,5
26459941,5
26459942,5
26459943,5
26459944,5
26459945,5
26459946,5
26459947,5
26459948,5
26459949,5
26459950,5
26459951,5
26459952,5
26459953,5
26459954,5
26459955,5
26459956,5
26459957,5
26459958,5
26459959,5
26459960,5
26459961,5
26459962,5
26459963,5
26459964,5
26459965,5
26459966,5
26459967,5
26459968,5
26459969,5
26459970,5
26459971,5
26459972,5
26459973,5
26459974,5
26459975,5
26459976,5
26459977,5
26459978,5
26459979,5
26459981,5
26459982,11
26459985,11
26459986,11
26459987,11
26459988,11
26459989,11
26459990,11
26459991,11
26459992,11
26459993,11
26459994,28
26459995,11
26459996,11
26459997,11
26459998,11
26459999,11
26460000,11
26460001,11
26460002,11
26460003,11
26460004,11
26460005,11
26460006,11
26460007,11
26460008,11
26460009,11
26460010,11
26460011,11
26460012,11
26460013,11
26460014,11
26460015,11
26460016,11
26460017,11
26460018,11
26460019,11
26460020,11
26460021,29
26460022,11
26460023,29
26460024,28
26460025,29
26460026,11
26460027,28
26460028,28
26460029,29
26460030,11
26460031,29
26460032,28
26460033,11
26460034,29
26460035,11
26460036,29
26460037,28
26460038,28
26460039,11
26460040,28
26460041,29
26460042,11
26460043,29
26460044,28
26460045,11
26460046,28
26460047,29
26460048,28
26460049,29
26460050,11
26460051,11
26460052,29
26460053,11
26460054,28
26460055,29
26460056,29
26460057,11
26460058,29
26460059,11
26460060,28
26460061,28
26460062,11
26460063,11
26460064,28
26460065,29
26460066,28
26460067,11
26460068,29
26460069,29
26460070,28
26460071,29
26460072,29
26460073,28
26460074,11
26460075,29
26460076,28
26460077,29
26460078,28
26460079,11
26460080,29
26460081,29
26460082,28
26460083,29
26460084,29
26460085,11
26460086,29
26460087,28
26460088,11
26460089,28
26460090,79
26460091,28
26460092,29
26460093,11
26460094,28
26460095,28
26460096,28
26460097,28
26460098,28
26460099,28
26460100,28
26460101,28
26460102,28
26460103,28
26460104,28
26460105,28
26460106,28
26460107,28
26460108,28
26460109,28
26460110,28
26460111,28
26460112,28
26460113,28
26460114,28
26460115,29
26460116,28
26460117,28
26460118,28
26460119,79
26460120,79
26460121,29
26460122,29
26460123,79
26460124,79
26460125,29
26460126,29
26460127,29
26460128,29
26460129,29
26460130,29
26460131,29
26460132,29
26460133,28
26460134,29
26460135,11
26460136,28
26460137,29
26460138,11
26460139,28
26460140,28
26460141,29
26460142,11
26460143,29
26460144,29
26460145,29
26460146,29
26460147,79
26460148,29
26460149,79
26460150,79
26460151,29
26460152,29
26460153,29
26460154,79
26460155,29
26460156,79
26460157,29
26460158,29
26460159,29
26460160,29
26460161,29
26460162,29
26460163,29
26460164,29
26460165,29
26460166,29
26460167,29
26460168,29
26460169,29
26460170,29
26460171,29
26460172,29
26460173,29
26460174,29
26460175,29
26460176,29
26460177,29
26460178,29
26460179,29
26460180,29
26460181,28
26460182,11
26460183,29
26460184,28
26460185,28
26460186,29
26460187,29
26460188,11
26460189,29
26460190,28
26460191,29
26460192,28
26460193,28
26460194,28
26460195,28
26460196,28
26460197,28
26460198,79
26460199,29
26460200,28
26460201,11
26460202,11
26460203,79
26460204,11
26460205,29
26460206,11
26460207,28
26460208,29
26460209,29
26460210,28
26460211,11
26460212,29
26460213,29
26460214,29
26460215,11
26460216,11
26460217,11
26460218,29
26460219,29
26460220,29
26460221,11
26460222,29
26460223,79
26460224,29
26460225,29
26460226,28
26460227,28
26460228,79
26460229,29
26460230,29
26460231,29
26460232,29
26460233,29
26460234,29
26460235,29
26460236,79
26460237,29
26460390,41
26460395,41
26460396,41
26460397,41
26460398,41
26460399,41
26460400,41
26460401,41
26460402,41
26460403,41
26460404,41
26460405,41
26460406,41
26460407,41
26460408,41
26460409,41
26460410,41
26460411,41
26460412,41
26460413,41
26460414,41
26460415,41
26460416,41
26460417,41
26460418,41
26460419,41
26460420,41
26460421,41
26460422,41
26460423,41
26460424,41
26460425,41
26460426,41
26460427,41
26460428,41
26460429,41
26460430,41
26460431,41
26460432,41
26460433,41
26460434,41
26460435,41
26460436,41
26460437,41
26460438,41
26460439,41
26460440,41
26460441,41
26460442,41
26460443,41
26460444,41
26460445,41
26460446,41
26460447,41
26460448,41
26460449,41
26460450,41
26460451,41
26460452,41
26460453,41
26460454,41
26460455,41
26460456,41
26460457,41
26460458,41
26460459,41
26460460,41
26460461,41
26460462,41
26460463,41
26460464,41
26460465,41
26460466,41
26460467,41
26460468,41
26460469,41
26460470,41
26460471,41
26460472,41
26460473,41
26460474,41
26460475,41
26460476,41
26460477,41
26460478,41
26460479,41
26460480,41
26460481,41
26460482,41
26460483,41
26460484,41
26460485,41
26460486,41
26460487,41
26460488,41
26460489,41
26460491,41
26460492,41
26460499,92
26460500,92
26460501,92
26460502,92
26460503,92
26460504,92
26460505,92
26460506,92
26460507,92
26460508,92
26460509,92
26460510,92
26460511,92
26460512,92
26460513,92
26460514,92
26460515,92
26460516,92
26460517,92
26460518,92
26460519,92
26460520,92
26460521,92
26460522,92
26460523,92
26460524,92
26460525,92
26460526,92
26460527,92
26460528,92
26460529,92
26460530,92
26460531,92
26460532,92
26460533,92
26460534,92
26460535,92
26460536,92
26460537,92
26460538,92
26460539,92
26460540,92
26460541,92
26460542,92
26460543,92
26460544,92
26460545,92
26460546,92
26460547,92
26460548,92
26460549,92
26460550,92
26460551,92
26460552,92
26460553,92
26460554,92
26460555,92
26460556,92
26460557,92
26460558,92
26460559,92
26460560,92
26460561,92
26460562,92
26460563,92
26460564,92
26460565,92
26460566,92
26460567,92
26460568,92
26460569,92
26460570,92
26460571,92
26460572,92
26460573,92
26460574,92
26460575,92
26460576,92
26460577,92
26460578,92
26460580,96
26460581,96
26460582,96
26460583,96
26460584,96
26460585,96
26460586,96
26460587,96
26460588,96
26460589,96
26460590,96
26460591,96
26460592,96
26460593,96
26460594,96
26460595,96
26460596,96
26460597,96
26460598,96
26460599,96
26460600,96
26460601,96
26460602,96
26460603,96
26460604,96
26460605,96
26460606,96
26460607,96
26460608,96
26460609,96
26460610,96
26460611,96
26460612,96
26460613,96
26460614,96
26460615,96
26460616,96
26460617,96
26460618,96
26460619,96
26460620,97
26460621,97
26460622,97
26460623,97
26460624,97
26460625,97
26460626,97
26460627,97
26460628,97
26460629,97
26460630,97
26460631,97
26460632,97
26460633,97
26460634,97
26460635,97
26460636,97
26460637,97
26460638,97
26460639,97
26460640,97
26460641,97
26460642,97
26460643,97
26460644,go28
26460645,97
26460646,97
26460647,go28
26460648,go28
26460649,go28
26460650,go28
26460651,go28
26460652,go28
26460653,go28
26460654,go28
26460655,go28
26460656,go28
26460657,go28
26460658,go28
26460659,go28
26460660,go28
26460661,go28
26460662,go28
26460663,go28
26460664,go28
26460665,go28
26460666,go28
26460667,go28
26460668,go28
26460669,go28
26460670,go28
26460671,go28
26460672,go28
26460673,go28
26460674,go28
26460675,go28
26460676,go28
26460677,go28
26460678,go28
26460679,go28
26460680,go28
26460681,go28
26460682,go28
26460683,go28
26460684,go28
26460685,go28
26460686,go28
26460687,go28
26460688,go28
26460689,go28
26460690,go28
26460691,go28
26460692,go28
26460693,go28
26460694,go28
26460695,go28
26460696,go28
26460697,go28
26460698,go28
26460699,go28
26460700,go28
26460701,go28
26460702,go28
26460703,go28
26460704,go28
26460705,go28
26460706,go28
26460707,go28
26460708,go28
26460709,go28
26460710,go28
26460711,go28
26460712,go28
26460713,go28
26460714,go28
26460715,go28
26460716,go28
26460717,go28
26460718,go28
26460719,go28
26460720,go28
26460721,go28
26460722,go28
26460723,go28
26460724,go28
26460725,1
26460726,go28
26460727,1
26460728,1
26460729,1
26460730,1
26460731,1
26460732,1
26460733,1
26460734,1
26460735,1
26460736,1
26460737,1
26460738,1
26460739,1
26460740,1
26460741,1
26460742,1
26460743,1
26460744,1
26460745,1
26460746,1
26460747,1
26460748,27
26460750,27
26460751,27
26460752,27
26460753,27
26460754,27
26460755,27
26460756,27
26460757,27
26460758,27
26460759,27
26460760,27
26460761,27
26460762,27
26460763,27
26460764,27
26460765,27
26460766,27
26460767,27
26460768,27
26460769,27
26460770,27
26460771,27
26460772,27
26460773,27
26460774,27
26460775,27
26460776,27
26460777,27
26460778,27
26460779,27
26460780,27
26460781,27
26460782,27
26460783,27
26460784,27
26460785,27
26460786,27
26460787,27
26460788,27
26460789,27
26460790,27
26460791,27
26460792,27
26460793,27
26460794,27
26460795,27
26460796,27
26460797,27
26460798,27
26460799,27
26460800,27
26460801,27
26460802,27
26460803,27
26460804,27
26460805,27
26460806,27
26460807,27
26460808,27
26460809,27
26460810,27
26460811,27
26460812,27
26460813,27
26460814,27
26460815,27
26460816,27
26460817,27
26460818,27
26460819,27
26460820,27
26460821,27
26460822,27
26460823,27
26460824,27
26460825,27
26460826,27
26460827,27
26460828,27
26460829,27
26460830,27
26460831,27
26460832,27
26460833,27
26460834,27
26460835,27
26460836,27
26460837,27
26460838,27
26460839,27
26460840,27
26460841,27
26460854,24
26460855,24
26460856,24
26460857,24
26460858,24
26460859,24
26460860,24
26460861,24
26460862,24
26460863,24
26460864,24
26460865,24
26460866,24
26460867,24
26460868,24
26460869,24
26460870,24
26460871,24
26460872,24
26460873,24
26460874,24
26460875,24
26460876,24
26460877,24
26460878,24
26460879,24
26460880,24
26460881,24
26460882,24
26460883,24
26460884,24
26460885,24
26460886,24
26460887,24
26460888,24
26460889,24
26460890,24
26460891,24
26460892,24
26460893,24
26460894,24
26460895,24
26460896,24
26460897,24
26460898,24
26460899,24
26460900,24
26460901,24
26460902,24
26460903,24
26460904,24
26460905,24
26460906,24
26460907,24
26460908,24
26460909,24
26460910,24
26460911,24
26460912,24
26460913,24
26460914,24
26460915,24
26460916,24
26460917,24
26460918,24
26460919,24
26460920,24
26460921,24
26460922,24
26460923,24
26460924,24
26460925,24
26460926,24
26460927,24
26460928,24
26460932,34
26460935,34
26460936,34
26460937,34
26460938,34
26460939,34
26460940,34
26460941,34
26460942,34
26460943,34
26460944,34
26460945,34
26460946,34
26460947,34
26460948,34
26460949,34
26460950,34
26460951,34
26460952,34
26460953,34
26460954,34
26460955,34
26460956,34
26460957,34
26460958,34
26460959,34
26460960,34
26460961,34
26460962,34
26460963,34
26460964,34
26460965,34
26460966,34
26460967,34
26460968,34
26460969,34
26460970,34
26460971,34
26460972,34
26460973,34
26460974,34
26460975,34
26460976,34
26460977,34
26460978,34
26460979,34
26460980,34
26460981,34
26460982,34
26460983,34
26460984,34
26460985,34
26460986,34
26460987,34
26460988,34
26460989,34
26460990,34
26460991,34
26460992,34
26460993,34
26460994,34
26460995,34
26460996,34
26460997,34
26460998,34
26460999,34
26461000,34
26461001,34
26461002,34
26461003,34
26461004,34
26461005,34
26461006,34
26461007,34
26461008,34
26461009,34
26461010,34
26461011,34
26461012,34
26461013,34
26461014,34
26461015,34
26461016,34
26461017,34
26461018,34
26461019,34
26461020,34
26461021,34
26461022,34
26461023,34
26461024,34
26461025,34
26461026,34
26461027,34
26461028,34
26461029,34
26461030,34
26461031,34
26461032,34
26461033,34
26461034,34
26461035,34
26461036,34
26461037,34
26461038,34
26461039,34
26461040,34
26461041,34
26461042,34
26461043,34
26461044,34
26461045,34
26461046,34
26461047,34
26461048,34
26461049,34
26461050,34
26461051,34
26461052,34
26461053,34
26461054,34
26461055,34
26461056,34
26461057,34
26461058,34
26461059,34
26461060,34
26461061,34
26461062,34
26461063,34
26461064,34
26461065,34
26461066,34
26461067,34
26461068,34
26461069,34
26461070,34
26461071,34
26461072,34
26461073,34
26461074,34
26461075,34
26461076,34
26461077,34
26461078,34
26461079,34
26461080,34
26461081,34
26461082,34
26461083,34
26461084,34
26461085,34
26461086,34
26461087,34
26461088,34
26461089,34
26461090,34
26461091,34
26461092,34
26461093,34
26461094,34
26461095,34
26461096,34
26461097,34
26461098,34
26461099,34
26461100,34
26461101,34
26461102,34
26461103,34
26461104,34
26461105,34
26461106,34
26461107,34
26461108,34
26461109,34
26461110,34
26461111,34
26461112,34
26461113,34
26461114,34
26461115,34
26461116,34
26461117,34
26461118,34
26461119,34
26461120,34
26461121,34
26461122,34
26461123,34
26461124,34
26461125,34
26461126,34
26461127,34
26461128,34
26461129,34
26461130,34
26461131,34
26461132,34
26461133,34
26461134,34
26461135,34
26461136,34
26461137,34
26461138,34
26461184,94
26461185,94
26461186,94
26461187,94
26461188,94
26461189,94
26461190,94
26461191,94
26461192,94
26461193,94
26461194,94
26461195,94
26461196,94
26461197,94
26461198,94
26461199,94
26461200,94
26461201,94
26461202,94
26461203,94
26461204,94
26461205,94
26461206,94
26461207,94
26461208,94
26461209,94
26461210,94
26461211,94
26461212,94
26461213,94
26461214,94
26461215,94
26461216,94
26461217,94
26461218,94
26461219,94
26461220,94
26461221,94
26461222,94
26461223,94
26461224,94
26461225,94
26461226,94
26461227,94
26461228,94
26461229,94
26461230,94
26461231,94
26461232,94
26461233,94
26461234,94
26461235,94
26461236,94
26461237,94
26461238,94
26461239,94
26461240,94
26461241,94
26461242,94
26461243,94
26461244,94
26461245,94
26461246,94
26461247,94
26461248,94
26461249,94
26461250,94
26461251,94
26461252,94
26461253,94
26461254,94
26461255,94
26461256,94
26461257,94
26461258,94
26461259,94
26461260,94
26461261,94
26461262,94
26461263,94
26461264,94
26461265,94
26461266,94
26461267,94
26461268,94
26461269,94
26461270,94
26461271,94
26461272,94
26461273,94
26461274,94
26461275,94
26461276,94
26461277,94
26461278,94
26461279,94
26461280,94
26461281,94
26461282,94
26461283,94
26461284,94
26461285,94
26461286,94
26461287,94
26461288,94
26461289,94
26461290,94
26461291,94
26461292,94
26461293,94
26461294,94
26461295,94
26461296,94
26461297,94
26461298,94
26461299,94
26461300,94
26461301,94
26461302,94
26461303,94
26461304,94
26461305,94
26461306,94
26461307,94
26461308,94
26461309,94
26461310,94
26461311,94
26461312,94
26461313,94
26461314,94
26461315,94
26461316,94
26461317,94
26461318,94
26461319,94
26461320,94
26461321,94
26461322,94
26461323,94
26461324,94
26461325,94
26461326,94
26461327,94
26461328,94
26461329,94
26461330,94
26461331,94
26461332,94
26461333,94
26461334,94
26461335,94
26461336,94
26461337,94
26461338,94
26461339,94
26461340,94
26461341,94
26461342,94
26461343,94
26461344,94
26461345,94
26461346,94
26461347,94
26461348,94
26461349,94
26461350,94
26461351,94
26461352,94
26461353,94
26461354,94
26461355,94
26461356,94
26461357,94
26461358,94
26461359,94
26461360,94
26461361,94
26461362,94
26461363,94
26461364,94
26461365,94
26461366,94
26461367,94
26461368,94
26461369,94
26461370,94
26461371,94
26461372,94
26461373,94
26461374,94
26461375,94
26461376,94
26461377,94
26461378,94
26461379,94
26461380,94
26461381,94
26461382,94
26461383,94
26461384,94
26461385,94
26461386,94
26461387,94
26461388,94
26461389,94
26461390,94
26461391,94
26461392,94
26461393,94
26461394,94
26461395,94
26461396,94
26461397,94
26461398,94
26461399,94
26461400,94
26461401,94
26461402,94
26461403,94
26461404,94
26461405,94
26461406,94
26461407,94
26461408,94
26461409,94
26461410,94
26461411,94
26461412,94
26461413,94
26461414,94
26461415,94
26461941,21
26461942,21
26461943,21
26461944,21
26461945,21
26461946,21
26461947,21
26461948,21
26461949,21
26461950,21
26461951,21
26461952,21
26461953,21
26461954,21
26461955,21
26461956,21
26461957,21
26461958,21
26461959,21
26461960,21
26461961,21
26461962,21
26461963,21
26461964,21
26461965,21
26461966,21
26461967,21
26461968,21
26461969,21
26461970,21
26461971,21
26461972,21
26461973,21
26461974,21
26461975,21
26461976,21
26461977,21
26461978,21
26461979,21
26461980,21
26461981,21
26461982,21
26461983,21
26461984,21
26461985,21
26461986,21
26461987,21
26461988,21
26461989,21
26461990,21
26461991,21
26461992,21
26461993,21
26461994,21
26461995,21
26461996,21
26461997,21
26461998,21
26461999,21
26462000,21
26462001,21
26462002,21
26462003,21
26462004,21
26462005,21
26462006,21
26462007,21
26462008,21
26462009,21
26462010,21
26462011,21
26462012,21
26462013,21
26462014,21
26462015,21
26462016,21
26462017,21
26462018,21
26462019,21
26462020,21
26462021,21
26462022,21
26462023,21
26462024,21
26462025,21
26462026,21
26462027,21
26462028,21
26462029,21
26462030,21
26462031,21
26462032,21
26462033,21
26462034,21
26462035,21
26462036,21
26462037,21
26462038,21
26462039,21
26462040,21
26462041,21
26462042,21
26462043,21
26462044,21
26462045,21
26462046,21
26462047,21
26462048,21
26462049,21
26462050,21
26462051,21
26462052,21
26462053,21
26462054,21
26462055,21
26462056,21
26462057,21
26462058,21
26462059,21
26462060,21
26462061,21
26462062,21
26462063,21
26462064,21
26462065,21
26462066,21
26462067,21
26462068,21
26462069,21
26462070,21
26462071,21
26462072,21
26462073,21
26462074,21
26462076,21
26462077,21
26462078,21
26462079,21
26462080,21
26462081,21
26462082,21
26462083,21
26462084,21
26462085,21
26462086,21
26462087,21
26462088,21
26462089,21
26462090,21
26462091,21
26462092,21
26462093,21
26462094,21
26462095,21
26462096,21
26462097,21
26462098,21
26462099,21
26462100,21
26462101,21
26462102,21
26462103,21
26462104,21
26462105,21
26462106,21
26462107,21
26462108,21
26462109,21
26462110,21
26462111,21
26462112,21
26462113,21
26462114,21
26462115,21
26462116,21
26462117,21
26462118,21
26462119,21
26462120,21
26462121,21
26462122,21
26462123,21
26462124,21
26462125,21
26462126,21
26462127,21
26462228,5
26462229,5
26462230,5
26462231,5
26462232,5
26462233,5
26462234,5
26462235,5
26462236,5
26462237,5
26462238,5
26462239,5
26462240,5
26462241,5
26462242,5
26462243,5
26462244,5
26462245,5
26462246,5
26462247,5
26462248,5
26462249,5
26462250,5
26462251,5
26462252,5
26462253,5
26462254,5
26462255,5
26462256,5
26462257,5
26462258,5
26462259,5
26462260,5
26462261,5
26462262,5
26462263,5
26462264,5
26462265,5
26462266,5
26462267,5
26462268,5
26462269,5
26462270,5
26462271,5
26462272,5
26462273,5
26462274,5
26462275,5
26462276,5
26462277,5
26462278,96
26462279,96
26462280,96
26462281,96
26462282,96
26462283,96
26462284,96
26462285,96
26462286,96
26462287,96
26462288,96
26462289,96
26462290,96
26462291,96
26462292,96
26462293,96
26462294,96
26462295,96
26462296,96
26462297,96
26462298,96
26462299,96
26462300,96
26462301,96
26462302,96
26462303,96
26462304,96
26462305,96
26462306,41
26462307,41
26462308,41
26462309,41
26462310,41
26462311,41
26462312,41
26462313,41
26462314,41
26462315,41
26462316,41
26462317,41
26462318,41
26462319,41
26462320,41
26462321,41
26462322,41
26462323,41
26462324,41
26462325,41
26462326,41
26462327,41
26462328,41
26462329,41
26462330,41
26462331,41
26462332,41
26462333,41
26462334,41
26462335,41
26462336,41
26462337,41
26462338,41
26462339,41
26462340,41
26462341,41
26462342,41
26462343,41
26462344,41
26462345,41
26462346,41
26462347,41
26462348,41
26462349,41
26462350,41
26462351,41
26462352,41
26462353,41
26462354,41
26462355,41
26462356,41
26462357,11
26462358,11
26462359,11
26462360,11
26462361,11
26462362,28
26462363,11
26462364,11
26462365,11
26462366,28
26462367,28
26462368,28
26462369,28
26462370,11
26462371,28
26462372,11
26462373,11
26462374,11
26462375,11
26462376,11
26462377,28
26462378,11
26462379,11
26462380,11
26462381,28
26462382,11
26462383,11
26462384,28
26462385,11
26462386,28
26462387,28
26462388,11
26462389,11
26462390,28
26462391,11
26462392,28
26462393,11
26462394,28
26462395,11
26462396,28
26462397,28
26462398,29
26462399,29
26462400,28
26462401,11
26462402,28
26462403,28
26462404,28
26462405,11
26462406,29
26462407,11
26462408,29
26462409,11
26462410,11
26462411,29
26462412,28
26462413,29
26462414,28
26462415,11
26462416,29
26462417,28
26462418,11
26462419,28
26462420,11
26462421,29
26462422,28
26462423,29
26462424,11
26462425,29
26462426,28
26462427,11
26462428,29
26462429,28
26462430,11
26462431,11
26462432,29
26462433,11
26462434,29
26462435,28
26462436,28
26462437,29
26462438,11
26462439,29
26462440,11
26462441,28
26462442,29
26462443,29
26462444,28
26462445,29
26462446,28
26462447,11
26462448,28
26462449,11
26462450,28
26462451,29
26462452,29
26462453,29
26462454,28
26462455,28
26462456,28
26462457,29
26462458,11
26462459,28
26462460,28
26462461,28
26462462,28
26462463,29
26462464,29
26462465,28
26462466,29
26462467,11
26462468,29
26462469,28
26462470,29
26462471,29
26462472,29
26462473,11
26462474,29
26462475,29
26462476,29
26462477,29
26462478,29
26462479,29
26462480,29
26462481,29
26462482,29
26462483,29
26462484,29
26462485,29
26462486,29
26462487,29
26462488,29
26462489,29
26462490,29
26462491,21
26462492,29
26462493,21
26462494,29
26462495,29
26462496,21
26462497,21
26462498,21
26462499,21
26462500,21
26462501,21
26462502,21
26462503,21
26462504,21
26462505,21
26462506,21
26462507,21
26462508,21
26462509,21
26462510,21
26462511,21
26462512,21
26462513,21
26462514,21
26462515,21
26462516,21
26462517,21
26462518,21
26462519,21
26462520,11
26462521,21
26462522,21
26462523,21
26462524,21
26462525,21
26462526,29
26462527,21
26462528,28
26462529,11
26462530,28
26462531,29
26462532,28
26462533,28
26462534,11
26462535,28
26462536,28
26462537,28
26462538,11
26462539,28
26462540,11
26462541,28
26462542,29
26462543,11
26462544,28
26462545,11
26462546,28
26462547,28
26462548,11
26462549,29
26462550,28
26462551,11
26462552,11
26462553,29
26462554,73
26462555,29
26462556,11
26462557,73
26462559,73
26462560,73
26462561,73
26462562,73
26462563,73
26462564,73
26462565,73
26462566,73
26462567,73
26462568,73
26462569,73
26462570,73
26462571,73
26462572,73
26462573,73
26462574,73
26462575,73
26462576,73
26462577,73
26462578,73
26462579,73
26462580,73
26462581,73
26462582,73
26462583,73
26462584,73
26462585,73
26462586,21
26462587,73
26462588,21
26462589,73
26462590,21
26462591,21
26462592,21
26462593,21
26462594,21
26462595,21
26462596,21
26462597,21
26462598,21
26462599,21
26462600,21
26462601,21
26462602,21
26462603,21
26462604,21
26462605,21
26462606,21
26462607,21
26462608,21
26462609,21
26462610,21
26462611,21
26462612,21
26462613,21
26462614,21
26462615,21
26462616,21
26462617,21
26462618,21
26462619,21
26462620,21
26462621,21
26462622,21
26462623,21
26462624,21
26462625,21
26462626,21
26462627,21
26462628,21
26462629,21
26462630,21
26462631,21
26462632,21
26462633,21
26462634,29
26462635,21
26462636,21
26462637,28
26462638,21
26462639,29
26462640,21
26462641,21
26462642,21
26462643,73
26462644,21
26462645,73
26462646,73
26462647,21
26462648,21
26462649,21
26462650,21
26462651,21
26462652,21
26462653,29
26462654,21
26462655,21
26462656,73
26462657,21
26462658,21
26462659,71
26462660,73
26462661,29
26462662,29
26462663,29
26462664,29
26462665,21
26462666,73
26462667,29
26462668,21
26462669,73
26462670,73
26462671,21
26462672,73
26462673,73
26462674,73
26462675,73
26462676,73
26462677,21
26462678,21
26462679,73
26462680,21
26462681,21
26462682,21
26462683,21
26462684,21
26462685,21
26462686,21
26462687,21
26462688,73
26462689,21
26462690,73
26462691,21
26462692,21
26462693,21
26462694,73
26462695,21
26462696,21
26462697,73
26462698,73
26462699,21
26462700,21
26462701,21
26462702,73
26462703,73
26462704,73
26462705,71
26462708,71
26462709,71
26462710,71
26462711,71
26462712,71
26462713,71
26462714,71
26462715,71
26462716,71
26462717,71
26462718,71
26462719,71
26462720,71
26462721,71
26462722,71
26462723,71
26462724,71
26462725,71
26462726,71
26462727,71
26462728,71
26462729,71
26462730,71
26462731,71
26462732,71
26462733,71
26462734,21
26462735,21
26462736,21
26462737,21
26462738,21
26462739,21
26462740,21
26462741,21
26462742,21
26462743,21
26462744,21
26462745,21
26462746,21
26462747,21
26462748,21
26462749,21
26462750,21
26462751,21
26462752,21
26462753,21
26462754,21
26462755,21
26462756,71
26462757,71
26462758,71
26462759,71
26462760,21
26462761,71
26462762,71
26462763,21
26462764,21
26462766,71
26462767,71
26462768,71
26462770,71
26462771,21
26462772,71
26462773,71
26462774,71
26462775,71
26462776,21
26462777,21
26462778,11
26462779,92
26462780,21
26462781,71
26462782,92
26462783,92
26462785,92
26462786,92
26462787,92
26462788,92
26462789,92
26462790,92
26462791,92
26462792,92
26462793,92
26462794,92
26462795,92
26462796,92
26462797,92
26462798,92
26462799,92
26462800,92
26462801,92
26462802,92
26462803,92
26462804,92
26462805,92
26462806,92
26462807,92
26462808,92
26462809,92
26462810,92
26462811,92
26462812,92
26462813,92
26462814,92
26462815,92
26462816,92
26462817,92
26462818,92
26462819,92
26462820,92
26462821,92
26462822,92
26462823,92
26462824,92
26462825,92
26462826,92
26462827,92
26462828,27
26462829,27
26462830,27
26462831,27
26462832,27
26462833,27
26462834,27
26462835,27
26462836,27
26462837,27
26462838,27
26462839,27
26462840,27
26462841,27
26462842,27
26462843,27
26462844,27
26462845,27
26462846,27
26462847,27
26462848,27
26462849,27
26462850,27
26462851,27
26462852,27
26462853,27
26462854,27
26462855,27
26462856,27
26462857,27
26462858,27
26462859,27
26462860,27
26462861,27
26462862,27
26462863,27
26462864,27
26462865,27
26462866,27
26462867,27
26462868,27
26462869,27
26462870,27
26462871,27
26462872,27
26462873,27
26462874,27
26462875,27
26462876,27
26462877,27
26462878,27
26462879,27
26462880,27
26462881,27
26462882,27
26462883,27
26462884,27
26462885,27
26462886,27
26462887,27
26462888,27
26462889,27
26462890,27
26462891,27
26462892,27
26462893,27
26462894,27
26462895,27
26462896,27
26462897,27
26462898,27
26462899,27
26462900,27
26462901,27
26462902,27
26462903,27
26462904,27
26462905,27
26462906,27
26462907,27
26462908,27
26462909,27
26462910,97
26462911,97
26462912,27
26462913,27
26462914,97
26462915,97
26462916,97
26462917,97
26462918,97
26462919,97
26462920,97
26462921,97
26462922,97
26462923,97
26462924,97
26462925,97
26462926,97
26462927,97
26462928,97
26462929,97
26462930,97
26462931,97
26462932,97
26462933,97
26462934,97
26462935,97
26462936,34
26462937,34
26462938,34
26462939,34
26462940,34
26462941,34
26462942,34
26462943,34
26462944,34
26462945,34
26462946,34
26462947,34
26462948,34
26462949,34
26462950,34
26462951,34
26462952,34
26462953,34
26462954,34
26462955,34
26462956,34
26462957,34
26462958,34
26462959,34
26462960,34
26462961,34
26462962,34
26462963,34
26462964,34
26462965,34
26462966,34
26462967,34
26462968,34
26462969,34
26462970,34
26462971,34
26462972,34
26462973,34
26462974,34
26462975,34
26462976,34
26462977,34
26462978,34
26462979,34
26462980,34
26462981,34
26462982,34
26462983,34
26462984,34
26462985,34
26462986,34
26462987,34
26462988,34
26462989,34
26462990,34
26462991,34
26462992,34
26462993,34
26462994,34
26462995,34
26462996,34
26462997,34
26462998,34
26462999,34
26463000,34
26463001,34
26463002,34
26463003,34
26463004,34
26463005,34
26463006,34
26463007,34
26463008,34
26463009,34
26463010,34
26463011,34
26463012,34
26463013,34
26463014,34
26463015,34
26463016,34
26463017,34
26463018,34
26463019,34
26463020,34
26463021,34
26463022,34
26463023,34
26463024,34
26463025,34
26463026,34
26463027,34
26463028,34
26463029,34
26463030,34
26463031,34
26463032,34
26463033,34
26463034,34
26463035,34
26463036,34
26463037,34
26463038,34
26463039,34
26463040,34
26463041,34
26463042,34
26463043,34
26463044,34
26463045,34
26463046,34
26463047,34
26463048,34
26463049,34
26463050,34
26463051,34
26463052,34
26463053,34
26463054,34
26463056,34
26463057,34
26463058,34
26463079,go28
26463081,go28
26463083,go28
26463084,go28
26463085,go28
26463086,go28
26463087,go28
26463088,go28
26463089,go28
26463090,go28
26463091,go28
26463092,go28
26463093,go28
26463094,go28
26463095,go28
26463096,go28
26463097,go28
26463098,go28
26463099,go28
26463100,go28
26463101,go28
26463102,go28
26463103,go28
26463104,go28
26463105,go28
26463106,go28
26463107,go28
26463108,go28
26463109,go28
26463110,go28
26463111,go28
26463112,go28
26463113,go28
26463114,go28
26463115,go28
26463116,go28
26463117,go28
26463118,go28
26463119,go28
26463120,go28
26463121,go28
26463122,go28
26463123,go28
26463124,go28
26463125,go28
26463126,go28
26463127,go28
26463128,go28
26463129,go28
26463130,go28
26463131,go28
26463132,go28
26463133,go28
26463134,go28
26463135,go28
26463136,go28
26463137,go28
26463138,go28
26463139,go28
26463140,go28
26463141,go28
26463142,go28
26463143,go28
26463144,go28
26463145,go28
26463146,go28
26463147,go28
26463148,go28
26463149,go28
26463150,go28
26463151,go28
26463152,go28
26463153,go28
26463154,go28
26463155,go28
26463156,go28
26463157,go28
26463158,go28
26463159,go28
26463160,go28
26463161,94
26463162,94
26463163,94
26463164,94
26463165,94
26463166,94
26463167,94
26463168,94
26463169,94
26463170,94
26463171,94
26463172,94
26463173,94
26463174,94
26463175,94
26463176,94
26463177,94
26463178,94
26463179,94
26463180,94
26463181,94
26463182,94
26463183,94
26463184,94
26463185,94
26463186,94
26463187,94
26463188,94
26463189,94
26463190,94
26463191,94
26463192,94
26463193,94
26463194,94
26463195,94
26463196,94
26463197,94
26463198,94
26463199,94
26463200,94
26463201,94
26463202,94
26463203,94
26463204,94
26463205,94
26463206,94
26463207,94
26463208,94
26463209,94
26463210,94
26463211,94
26463212,94
26463213,94
26463214,94
26463215,94
26463216,94
26463217,94
26463218,94
26463219,94
26463220,94
26463221,94
26463222,94
26463223,94
26463224,94
26463225,94
26463226,94
26463227,94
26463228,94
26463229,94
26463230,94
26463231,94
26463232,94
26463233,94
26463234,94
26463235,94
26463236,94
26463237,94
26463238,94
26463239,94
26463240,94
26463241,94
26463242,94
26463243,94
26463244,94
26463245,94
26463246,94
26463247,94
26463248,94
26463249,94
26463250,94
26463251,94
26463252,94
26463253,94
26463254,94
26463255,94
26463256,94
26463257,94
26463258,94
26463259,94
26463260,94
26463261,94
26463262,94
26463263,94
26463264,94
26463265,94
26463266,94
26463267,94
26463268,94
26463269,94
26463270,94
26463271,94
26463272,94
26463273,94
26463274,94
26463275,94
26463276,94
26463277,94
26463278,94
26463279,94
26463280,94
26463281,94
26463282,94
26463283,94
26463284,94
26463285,94
26463286,94
26463287,94
26463288,94
26463289,94
26463290,94
26463291,94
26463292,94
26463293,94
26463294,94
26463295,94
26463296,94
26463297,94
26463298,94
26463299,94
26463300,94
26463301,94
26463302,94
26463303,94
26463304,94
26463305,94
26463307,94
26463308,94
26463316,24
26463317,24
26463318,24
26463319,24
26463320,24
26463321,24
26463322,24
26463323,24
26463324,24
26463325,24
26463326,24
26463327,24
26463328,24
26463329,24
26463330,24
26463331,24
26463332,24
26463333,24
26463334,24
26463335,24
26463336,24
26463337,24
26463338,24
26463339,24
26463340,24
26463341,24
26463342,24
26463343,24
26463344,24
26463345,24
26463346,24
26463347,24
26463348,24
26463349,24
26463350,24
26463351,24
26463352,24
26463353,24
26463354,24
26463355,24
26463356,24
26463357,24
26463358,24
26463359,24
26463360,24
26463361,24
26463362,24
26463363,24
26463364,24
26463365,24
26463366,24
26463367,24
26463368,24
26463369,24
26463370,24
26463371,24
26463372,24
26463373,24
26463374,24
26463375,24
26463376,24
26463377,24
26463378,24
26463379,24
26463380,24
26463381,24
26463382,24
26463706,73
26463707,73
26463741,41
26463742,41
26463743,41
26463744,41
26463745,41
26463746,41
26463747,41
26463748,41
26463749,41
26463750,41
26463751,41
26463752,41
26463753,41
26463754,41
26463755,41
26463756,41
26463757,41
26463758,41
26463759,41
26463760,41
26463761,41
26463762,41
26463763,41
26463764,41
26463765,41
26463766,41
26463767,41
26463768,41
26463769,41
26463770,41
26463771,41
26463772,41
26463773,41
26463774,41
26463775,41
26463776,41
26463777,41
26463778,41
26463779,41
26463780,41
26463781,41
26463782,41
26463783,41
26463784,41
26463785,41
26463786,41
26463787,41
26463788,73
26463789,41
26463790,73
26463791,79
26463792,73
26463794,73
26463795,73
26463796,73
26463797,73
26463798,73
26463799,73
26463800,73
26463801,73
26463802,73
26463803,73
26463804,73
26463805,73
26463806,73
26463807,73
26463808,73
26463809,73
26463810,73
26463811,73
26463812,71
26463813,73
26463814,73
26463816,71
26463817,71
26463818,71
26463819,73
26463820,71
26463821,71
26463822,73
26463823,79
26463824,73
26463825,71
26463826,71
26463827,71
26463828,73
26463829,73
26463830,73
26463831,73
26463832,71
26463833,73
26463834,71
26463837,71
26463838,71
26463839,71
26463840,71
26463841,71
26463842,71
26463843,71
26463844,71
26463845,73
26463846,73
26463847,73
26463848,71
26463849,71
26463850,71
26463851,71
26463852,73
26463853,73
26463854,71
26463855,71
26463857,79
26463858,71
26463859,79
26463860,28
26463861,79
26463862,28
26463863,28
26463864,28
26463865,29
26463866,11
26463867,29
26463868,28
26463869,29
26463870,28
26463871,29
26463872,28
26463873,11
26463874,28
26463875,11
26463876,29
26463877,11
26463878,11
26463879,11
26463880,29
26463881,11
26463882,29
26463883,28
26463884,11
26463885,28
26463886,11
26463887,29
26463888,11
26463889,11
26463890,29
26463891,28
26463892,29
26463893,29
26463894,11
26463895,28
26463896,11
26463897,29
26463898,28
26463899,11
26463900,29
26463901,11
26463902,28
26463903,28
26463904,11
26463905,28
26463906,29
26463907,28
26463908,28
26463909,28
26463910,28
26463911,29
26463912,11
26463913,29
26463914,29
26463915,28
26463916,28
26463917,29
26463918,28
26463919,11
26463920,29
26463921,29
26463922,29
26463923,29
26463924,29
26463925,29
26463926,29
26463927,11
26463928,29
26463929,29
26463930,29
26463931,29
26463932,29
26463933,29
26463934,29
26463935,29
26463936,29
26463937,11
26463938,29
26463939,11
26463940,11
26463941,11
26463942,11
26463943,28
26463944,28
26463945,11
26463946,28
26463947,11
26463948,28
26463949,11
26463950,28
26463951,11
26463952,28
26463953,11
26463954,29
26463955,28
26463956,29
26463957,28
26463958,28
26463959,28
26463960,11
26463961,11
26463962,28
26463963,28
26463964,29
26463965,29
26463966,11
26463967,28
26463968,29
26463969,11
26463970,29
26463971,29
26463972,29
26463973,29
26463974,29
26463975,29
26463976,29
26463977,29
26463978,29
26463979,29
26463980,29
26463981,29
26463982,29
26463983,29
26463984,29
26463985,29
26463986,29
26463987,29
26463988,28
26463989,29
26463990,29
26463991,28
26463992,28
26463993,28
26463994,28
26463995,28
26463996,28
26463999,92
26464000,92
26464001,92
26464002,92
26464003,92
26464004,92
26464005,92
26464006,92
26464007,92
26464008,92
26464009,92
26464010,92
26464011,92
26464012,92
26464013,92
26464014,92
26464015,92
26464016,92
26464017,92
26464018,92
26464019,92
26464020,92
26464021,92
26464022,92
26464023,92
26464024,92
26464025,92
26464026,92
26464027,92
26464028,92
26464029,92
26464030,92
26464031,92
26464032,92
26464033,92
26464034,92
26464035,27
26464036,27
26464037,27
26464038,27
26464039,27
26464040,27
26464041,27
26464042,27
26464043,27
26464044,27
26464045,27
26464046,27
26464047,27
26464048,27
26464049,27
26464050,27
26464051,27
26464052,27
26464053,27
26464054,27
26464055,27
26464056,27
26464057,27
26464058,27
26464059,27
26464060,27
26464061,27
26464062,27
26464063,27
26464064,27
26464065,27
26464066,27
26464067,27
26464068,27
26464069,27
26464070,27
26464071,27
26464072,27
26464073,27
26464074,27
26464075,27
26464076,27
26464077,27
26464078,27
26464079,27
26464080,27
26464081,27
26464082,27
26464083,27
26464084,27
26464085,27
26464086,27
26464087,27
26464088,27
26464089,27
26464090,27
26464091,27
26464092,27
26464093,27
26464094,27
26464095,27
26464096,27
26464097,27
26464098,27
26464099,27
26464100,27
26464101,27
26464102,27
26464103,27
26464104,27
26464105,27
26464106,27
26464107,34
26464108,34
26464109,34
26464110,34
26464111,34
26464112,34
26464113,34
26464114,34
26464115,34
26464116,34
26464118,34
26464119,34
26464120,34
26464121,34
26464122,34
26464123,34
26464124,34
26464125,34
26464126,34
26464127,34
26464128,34
26464129,34
26464130,34
26464131,34
26464132,34
26464133,34
26464134,34
26464135,34
26464136,34
26464137,34
26464138,34
26464139,34
26464140,34
26464141,34
26464142,34
26464143,34
26464144,34
26464145,34
26464146,34
26464147,34
26464148,34
26464149,34
26464150,34
26464151,34
26464152,34
26464153,34
26464154,34
26464155,34
26464156,34
26464157,34
26464158,34
26464159,34
26464160,34
26464161,34
26464162,34
26464163,34
26464164,34
26464165,34
26464166,34
26464167,34
26464168,34
26464169,34
26464170,34
26464171,34
26464172,34
26464173,34
26464174,34
26464175,34
26464176,34
26464177,34
26464178,34
26464179,34
26464180,34
26464181,34
26464182,34
26464183,34
26464184,34
26464185,34
26464186,34
26464187,34
26464188,34
26464189,34
26464190,34
26464191,34
26464192,34
26464193,34
26464208,go28
26464209,go28
26464210,go28
26464211,go28
26464212,go28
26464213,go28
26464214,go28
26464215,go28
26464216,go28
26464217,go28
26464218,go28
26464219,go28
26464220,go28
26464221,go28
26464222,go28
26464223,go28
26464224,go28
26464225,go28
26464226,go28
26464227,go28
26464228,go28
26464229,go28
26464230,go28
26464231,go28
26464232,go28
26464233,go28
26464234,go28
26464235,go28
26464236,go28
26464237,go28
26464238,go28
26464239,go28
26464240,go28
26464241,go28
26464242,go28
26464243,go28
26464244,go28
26464245,go28
26464246,go28
26464247,go28
26464248,go28
26464249,go28
26464250,go28
26464251,go28
26464252,go28
26464253,go28
26464254,go28
26464255,go28
26464256,go28
26464257,go28
26464258,go28
26464259,go28
26464260,go28
26464261,go28
26464262,go28
26464263,go28
26464264,go28
26464265,go28
26464266,go28
26464267,go28
26464268,go28
26464269,go28
26464270,go28
26464271,go28
26464272,go28
26464273,go28
26464274,go28
26464275,go28
26464276,go28
26464277,go28
26464278,go28
26464279,go28
26464280,go28
26464281,go28
26464282,go28
26464283,go28
26464284,go28
26464285,go28
26464286,go28
26464287,94
26464288,go28
26464289,94
26464290,94
26464291,94
26464292,94
26464293,94
26464294,94
26464295,94
26464296,94
26464297,94
26464298,94
26464299,94
26464300,94
26464301,94
26464302,94
26464303,94
26464304,94
26464305,94
26464306,94
26464307,94
26464308,94
26464309,94
26464310,94
26464311,94
26464312,94
26464313,94
26464314,94
26464315,94
26464316,94
26464317,94
26464318,94
26464319,94
26464320,94
26464321,94
26464322,94
26464323,94
26464324,94
26464325,94
26464326,94
26464327,94
26464328,94
26464329,94
26464330,94
26464331,94
26464332,94
26464333,94
26464334,94
26464335,94
26464336,94
26464337,94
26464338,94
26464339,94
26464340,94
26464341,94
26464342,94
26464343,94
26464344,94
26464345,94
26464346,94
26464347,94
26464348,94
26464349,94
26464350,94
26464351,94
26464352,94
26464353,94
26464354,94
26464355,94
26464356,94
26464357,94
26464358,94
26464359,94
26464360,94
26464361,94
26464362,94
26464363,94
26464364,94
26464365,94
26464366,94
26464367,94
26464368,94
26464369,94
26464370,94
26464371,94
26464372,94
26464373,94
26464374,94
26464375,94
26464376,94
26464377,21
26464378,94
26464379,21
26464380,21
26464381,21
26464382,21
26464383,21
26464384,21
26464385,21
26464386,21
26464387,21
26464388,21
26464389,21
26464390,21
26464391,21
26464392,21
26464393,21
26464394,21
26464395,21
26464396,21
26464397,21
26464398,21
26464399,21
26464400,21
26464401,21
26464402,21
26464403,21
26464404,21
26464405,21
26464406,21
26464407,21
26464408,21
26464409,21
26464410,21
26464411,21
26464412,21
26464413,21
26464414,21
26464415,21
26464416,21
26464417,21
26464418,21
26464419,21
26464420,21
26464421,21
26464422,21
26464423,21
26464424,21
26464425,21
26464426,21
26464427,21
26464428,21
26464429,21
26464430,21
26464431,21
26464432,21
26464433,21
26464434,21
26464435,21
26464436,21
26464437,21
26464438,21
26464439,21
26464440,21
26464441,21
26464442,21
26464443,21
26464444,21
26464445,21
26464446,21
26464447,21
26464448,21
26464449,21
26464450,21
26464451,21
26464452,21
26464453,21
26464454,21
26464455,21
26464456,21
26464457,21
26464458,21
26464459,21
26464460,21
26464461,21
26464462,21
26464463,21
26464464,21
26464465,21
26464466,21
26464467,21
26464468,21
26464469,21
26464470,21
26464471,21
26464472,21
26464473,21
26464474,21
26464475,21
26464476,21
26464477,21
26464478,21
26464479,21
26464480,21
26464481,21
26464482,5
26464483,5
26464484,5
26464485,5
26464486,5
26464487,5
26464488,5
26464489,5
26464490,5
26464491,5
26464492,5
26464493,5
26464494,5
26464495,5
26464496,5
26464497,5
26464498,5
26464499,5
26464500,5
26464501,5
26464502,5
26464503,5
26464504,5
26464505,5
26464506,24
26464507,24
26464508,5
26464509,5
26464510,24
26464511,24
26464512,24
26464513,24
26464514,24
26464515,24
26464516,24
26464517,24
26464518,24
26464519,24
26464520,24
26464521,24
26464522,24
26464523,24
26464524,24
26464525,24
26464526,24
26464527,24
26464528,24
26464529,24
26464530,24
26464531,24
26464532,24
26464533,24
26464534,24
26464535,24
26464536,24
26464537,24
26464538,24
26464539,24
26464540,24
26464541,24
26464542,24
26464543,24
26464544,24
26464545,24
26464546,24
26464547,24
26464548,24
26464549,24
26464550,24
26464551,24
26464552,24
26464553,24
26464554,24
26464555,24
26464556,24
26464557,24
26464558,24
26464560,24
26464562,24
26464806,73
26464807,73
26464808,73
26464809,73
26464810,73
26464813,73
26464814,73
26464815,73
26464817,73
26464818,73
26467668,70
26467669,70
26467670,70
26467671,70
26467672,70
26467673,70
26467674,70
26467675,70
26467676,70
26467677,70
26467678,70
26467679,70
26467680,70
26467681,70
26467682,70
26467683,70
26467684,70
26467685,70
26467686,70
26467687,70
26467688,70
26467689,70
26467690,70
26467691,70
26467692,70
26467693,70
26467694,70
26467695,70
26467696,70
26467697,70
26467698,70
26467699,70
26467700,70
26467701,70
26467702,70
26467703,70
26467704,70
26467705,70
26467706,70
26467707,70
26467708,70
26467709,70
26467710,70
26467711,70
26467712,70
26467713,70
26467714,70
26467715,70
26467716,70
26467717,70
26467718,70
26467719,70
26467720,70
26467721,70
26467722,70
26467723,70
26467724,70
26467725,70
26467726,70
26467727,70
26467728,70
26467729,70
26467730,70
26467731,70
26467732,70
26467733,70
26467734,70
26467735,70
26467736,70
26467737,70
26467738,70
26467739,70
26467740,70
26467741,70
26467742,70
26467743,70
26467744,70
26467745,70
26467746,70
26467747,70
26467748,70
26467749,70
26467750,70
26467751,70
26467752,70
26467753,70
26467754,70
26467755,70
26467756,70
26467757,70
26467758,70
26467759,70
26467760,70
26467761,70
26467762,70
26467763,70
26467764,70
26467765,70
26467766,70
26467767,70
26467768,70
26467769,70
26467770,70
26467771,70
26467772,70
26467773,70
26467774,70
26467775,70
26467776,70
26467777,70
26467778,70
26467779,70
26467780,70
26467781,70
26470664,704
26471147,73
26471148,73
26471149,73
26471150,73
26471151,73
26471152,73
26471153,73
26471154,73
26471155,73
26471156,73
26471157,73
26471158,73
26471159,73
26471160,73
26471161,73
26471162,73
26471163,73
26471164,73
26471165,73
26471166,73
26471167,73
26471168,73
26471169,73
26471170,73
26471171,73
26471172,73
26471173,73
26471174,73
26471175,73
26471176,73
26471177,73
26471178,73
26471179,73
26471180,73
26471181,73
26471182,73
26471183,73
26471184,73
26471185,73
26471186,73
26471187,73
26471188,73
26471189,73
26471190,73
26471191,73
26471192,73
26471193,73
26471194,73
26471195,73
26471196,73
26471197,73
26471198,73
26471199,73
26471200,73
26471201,73
26471202,73
26471203,73
26471204,73
26471205,73
26471206,73
26471207,73
26471208,73
26471209,73
26471210,73
26471211,73
26471212,73
26471213,73
26471214,73
26471215,73
26471216,73
26471217,73
26471218,73
26471219,73
26471220,73
26471221,73
26471222,73
26471223,73
26471224,73
26471225,73
26471226,73
26471227,73
26471228,73
26471229,73
26471230,73
26471231,73
26471232,73
26471233,73
26490267,71
26490268,71
26490269,71
26490270,71
26490271,71
26490272,71
26490273,71
26490274,71
26490275,71
26490276,71
26490277,71
26490278,71
26490279,71
26490280,71
26490281,71
26490282,71
26490283,71
26490284,71
26490285,71
26490286,71
26490287,71
26490288,71
26490289,71
26490290,71
26490291,71
26490292,71
26490293,71
26490294,71
26490295,71
26490296,71
26490297,71
26490298,71
26490299,71
26490300,71
26490301,71
26490302,71
26490303,71
26490304,71
26490305,71
26490306,71
26490307,71
26490308,71
26490309,71
26490310,71
26490311,71
26490312,71
26490313,71
26490314,71
26490315,71
26490316,71
26490317,71
26490318,71
26490319,71
26490320,71
26490321,71
26490322,71
26490323,71
26490324,71
26490325,71
26490326,71
26490327,71
26490328,71
26490329,71
26490330,71
26490331,71
26490332,71
26490333,71
26490334,71
26490335,71
26490336,71
